field_position_id,surface,message,field_path,charging_relevance,constraint_ids,scenario_ids
FP-0003,T1,SmPolicyDecision,SmPolicyDecision.sessRules.authDefQos.5qi,DIRECT,T1-R09,T1-A25
FP-0007,T1,SmPolicyDecision,SmPolicyDecision.sessRules.authDefQos.priorityLevel,DEPLOYMENT,T1-R09,T1-A27
FP-0008,T1,SmPolicyDecision,SmPolicyDecision.sessRules.authDefQos.averWindow,DEPLOYMENT,T1-R09,T1-A27
FP-0009,T1,SmPolicyDecision,SmPolicyDecision.sessRules.authDefQos.maxDataBurstVol,DEPLOYMENT,T1-R09,T1-A27
FP-0010,T1,SmPolicyDecision,SmPolicyDecision.sessRules.authDefQos.maxbrUl,DEPLOYMENT,T1-R09,T1-A27
FP-0011,T1,SmPolicyDecision,SmPolicyDecision.sessRules.authDefQos.maxbrDl,DEPLOYMENT,T1-R09,T1-A27
FP-0012,T1,SmPolicyDecision,SmPolicyDecision.sessRules.authDefQos.gbrUl,DEPLOYMENT,T1-R09,T1-A27
FP-0013,T1,SmPolicyDecision,SmPolicyDecision.sessRules.authDefQos.gbrDl,DEPLOYMENT,T1-R09,T1-A27
FP-0014,T1,SmPolicyDecision,SmPolicyDecision.sessRules.authDefQos.extMaxDataBurstVol,DEPLOYMENT,T1-R09,T1-A27
FP-0015,T1,SmPolicyDecision,SmPolicyDecision.sessRules.sessRuleId,RELATIONAL,T1-R01,T1-A01
FP-0016,T1,SmPolicyDecision,SmPolicyDecision.sessRules.refUmData,DIRECT,T1-R03 | T1-R07,T1-A41
FP-0017,T1,SmPolicyDecision,SmPolicyDecision.sessRules.refUmN3gData,DIRECT,T1-R03 | T1-R07,T1-A41
FP-0018,T1,SmPolicyDecision,SmPolicyDecision.sessRules.refCondData,DEPLOYMENT,T1-R06,T1-A28 | T1-A29
FP-0019,T1,SmPolicyDecision,SmPolicyDecision.pccRules.flowInfos.flowDescription,DIRECT,T1-R01 | T1-R04 | T1-R05 | T1-R12,T1-A05 | T1-A06 | T1-A11 | T1-A12
FP-0020,T1,SmPolicyDecision,SmPolicyDecision.pccRules.flowInfos.ethFlowDescription.destMacAddr,DIRECT,T1-R01 | T1-R04 | T1-R05 | T1-R12,T1-A05 | T1-A07 | T1-A11 | T1-A12
FP-0021,T1,SmPolicyDecision,SmPolicyDecision.pccRules.flowInfos.ethFlowDescription.ethType,DIRECT,T1-R01 | T1-R04 | T1-R05 | T1-R12,T1-A05 | T1-A07 | T1-A11 | T1-A12
FP-0022,T1,SmPolicyDecision,SmPolicyDecision.pccRules.flowInfos.ethFlowDescription.fDesc,DIRECT,T1-R01 | T1-R04 | T1-R05 | T1-R12,T1-A05 | T1-A07 | T1-A11 | T1-A12
FP-0023,T1,SmPolicyDecision,SmPolicyDecision.pccRules.flowInfos.ethFlowDescription.fDir,DIRECT,T1-R01 | T1-R04 | T1-R05 | T1-R12,T1-A05 | T1-A07 | T1-A11 | T1-A12
FP-0024,T1,SmPolicyDecision,SmPolicyDecision.pccRules.flowInfos.ethFlowDescription.sourceMacAddr,DIRECT,T1-R01 | T1-R04 | T1-R05 | T1-R12,T1-A05 | T1-A07 | T1-A11 | T1-A12
FP-0025,T1,SmPolicyDecision,SmPolicyDecision.pccRules.flowInfos.ethFlowDescription.vlanTags,DIRECT,T1-R01 | T1-R04 | T1-R05 | T1-R12,T1-A05 | T1-A07 | T1-A11 | T1-A12
FP-0026,T1,SmPolicyDecision,SmPolicyDecision.pccRules.flowInfos.ethFlowDescription.srcMacAddrEnd,DIRECT,T1-R01 | T1-R04 | T1-R05 | T1-R12,T1-A05 | T1-A07 | T1-A11 | T1-A12
FP-0027,T1,SmPolicyDecision,SmPolicyDecision.pccRules.flowInfos.ethFlowDescription.destMacAddrEnd,DIRECT,T1-R01 | T1-R04 | T1-R05 | T1-R12,T1-A05 | T1-A07 | T1-A11 | T1-A12
FP-0028,T1,SmPolicyDecision,SmPolicyDecision.pccRules.flowInfos.packFiltId,DIRECT,T1-R01 | T1-R04 | T1-R05 | T1-R12,T1-A05 | T1-A08 | T1-A11 | T1-A12
FP-0029,T1,SmPolicyDecision,SmPolicyDecision.pccRules.flowInfos.packetFilterUsage,DIRECT,T1-R01 | T1-R04 | T1-R05 | T1-R12,T1-A05 | T1-A08 | T1-A11 | T1-A12
FP-0030,T1,SmPolicyDecision,SmPolicyDecision.pccRules.flowInfos.tosTrafficClass,DIRECT,T1-R01 | T1-R04 | T1-R05 | T1-R12,T1-A05 | T1-A08 | T1-A11 | T1-A12
FP-0031,T1,SmPolicyDecision,SmPolicyDecision.pccRules.flowInfos.spi,DIRECT,T1-R01 | T1-R04 | T1-R05 | T1-R12,T1-A05 | T1-A08 | T1-A11 | T1-A12
FP-0032,T1,SmPolicyDecision,SmPolicyDecision.pccRules.flowInfos.flowLabel,DIRECT,T1-R01 | T1-R04 | T1-R05 | T1-R12,T1-A05 | T1-A08 | T1-A11 | T1-A12
FP-0033,T1,SmPolicyDecision,SmPolicyDecision.pccRules.flowInfos.flowDirection,DIRECT,T1-R01 | T1-R04 | T1-R05 | T1-R12,T1-A05 | T1-A08 | T1-A11 | T1-A12
FP-0034,T1,SmPolicyDecision,SmPolicyDecision.pccRules.appId,DIRECT,T1-R01 | T1-R04 | T1-R05 | T1-R10 | T1-R12,T1-A05 | T1-A10 | T1-A11 | T1-A12
FP-0035,T1,SmPolicyDecision,SmPolicyDecision.pccRules.appDescriptor,DIRECT,T1-R01 | T1-R04 | T1-R10 | T1-R12,T1-A10 | T1-A11 | T1-A12
FP-0036,T1,SmPolicyDecision,SmPolicyDecision.pccRules.contVer,DIRECT,T1-R01 | T1-R04 | T1-R10 | T1-R12,T1-A10 | T1-A11 | T1-A12
FP-0037,T1,SmPolicyDecision,SmPolicyDecision.pccRules.pccRuleId,DIRECT,T1-R01 | T1-R04 | T1-R12,T1-A01 | T1-A11 | T1-A12
FP-0038,T1,SmPolicyDecision,SmPolicyDecision.pccRules.precedence,DIRECT,T1-R01 | T1-R04 | T1-R05 | T1-R12,T1-A05 | T1-A09 | T1-A11 | T1-A12
FP-0039,T1,SmPolicyDecision,SmPolicyDecision.pccRules.afSigProtocol,DIRECT,T1-R01 | T1-R04 | T1-R12,T1-A11 | T1-A12
FP-0040,T1,SmPolicyDecision,SmPolicyDecision.pccRules.appReloc,DIRECT,T1-R01 | T1-R04 | T1-R12,T1-A11 | T1-A12
FP-0041,T1,SmPolicyDecision,SmPolicyDecision.pccRules.easRedisInd,DIRECT,T1-R01 | T1-R04 | T1-R12,T1-A11 | T1-A12
FP-0042,T1,SmPolicyDecision,SmPolicyDecision.pccRules.refQosData,DIRECT,T1-R01 | T1-R02 | T1-R04 | T1-R09 | T1-R12,T1-A02 | T1-A11 | T1-A12
FP-0043,T1,SmPolicyDecision,SmPolicyDecision.pccRules.refAltQosParams,DIRECT,T1-R01 | T1-R02 | T1-R04 | T1-R09 | T1-R12,T1-A02 | T1-A11 | T1-A12
FP-0044,T1,SmPolicyDecision,SmPolicyDecision.pccRules.refTcData,DIRECT,T1-R01 | T1-R04 | T1-R12,T1-A11 | T1-A12
FP-0045,T1,SmPolicyDecision,SmPolicyDecision.pccRules.refChgData,DIRECT,T1-R01 | T1-R02 | T1-R04 | T1-R05 | T1-R12,T1-A03 | T1-A04 | T1-A05 | T1-A11 | T1-A12
FP-0046,T1,SmPolicyDecision,SmPolicyDecision.pccRules.refChgN3gData,DIRECT,T1-R01 | T1-R02 | T1-R04 | T1-R12,T1-A03 | T1-A04 | T1-A11 | T1-A12
FP-0047,T1,SmPolicyDecision,SmPolicyDecision.pccRules.refUmData,DIRECT,T1-R01 | T1-R04 | T1-R12,T1-A11 | T1-A12
FP-0048,T1,SmPolicyDecision,SmPolicyDecision.pccRules.refUmN3gData,DIRECT,T1-R01 | T1-R04 | T1-R12,T1-A11 | T1-A12
FP-0049,T1,SmPolicyDecision,SmPolicyDecision.pccRules.refCondData,DIRECT,T1-R01 | T1-R04 | T1-R06 | T1-R12,T1-A11 | T1-A12 | T1-A28 | T1-A29
FP-0050,T1,SmPolicyDecision,SmPolicyDecision.pccRules.refQosMon,DIRECT,T1-R01 | T1-R04 | T1-R12,T1-A11 | T1-A12
FP-0051,T1,SmPolicyDecision,SmPolicyDecision.pccRules.addrPreserInd,DIRECT,T1-R01 | T1-R04 | T1-R12,T1-A11 | T1-A12
FP-0052,T1,SmPolicyDecision,SmPolicyDecision.pccRules.tscaiInputDl.periodicity,DIRECT,T1-R01 | T1-R04 | T1-R12,T1-A11 | T1-A12
FP-0053,T1,SmPolicyDecision,SmPolicyDecision.pccRules.tscaiInputDl.burstArrivalTime,DIRECT,T1-R01 | T1-R04 | T1-R12,T1-A11 | T1-A12
FP-0054,T1,SmPolicyDecision,SmPolicyDecision.pccRules.tscaiInputDl.surTimeInNumMsg,DIRECT,T1-R01 | T1-R04 | T1-R12,T1-A11 | T1-A12
FP-0055,T1,SmPolicyDecision,SmPolicyDecision.pccRules.tscaiInputDl.surTimeInTime,DIRECT,T1-R01 | T1-R04 | T1-R12,T1-A11 | T1-A12
FP-0056,T1,SmPolicyDecision,SmPolicyDecision.pccRules.tscaiInputUl.periodicity,DIRECT,T1-R01 | T1-R04 | T1-R12,T1-A11 | T1-A12
FP-0057,T1,SmPolicyDecision,SmPolicyDecision.pccRules.tscaiInputUl.burstArrivalTime,DIRECT,T1-R01 | T1-R04 | T1-R12,T1-A11 | T1-A12
FP-0058,T1,SmPolicyDecision,SmPolicyDecision.pccRules.tscaiInputUl.surTimeInNumMsg,DIRECT,T1-R01 | T1-R04 | T1-R12,T1-A11 | T1-A12
FP-0059,T1,SmPolicyDecision,SmPolicyDecision.pccRules.tscaiInputUl.surTimeInTime,DIRECT,T1-R01 | T1-R04 | T1-R12,T1-A11 | T1-A12
FP-0060,T1,SmPolicyDecision,SmPolicyDecision.pccRules.tscaiTimeDom,DIRECT,T1-R01 | T1-R04 | T1-R12,T1-A11 | T1-A12
FP-0061,T1,SmPolicyDecision,SmPolicyDecision.pccRules.ddNotifCtrl.notifCtrlInds,DIRECT,T1-R01 | T1-R04 | T1-R12,T1-A11 | T1-A12
FP-0062,T1,SmPolicyDecision,SmPolicyDecision.pccRules.ddNotifCtrl.typesOfNotif,DIRECT,T1-R01 | T1-R04 | T1-R12,T1-A11 | T1-A12
FP-0063,T1,SmPolicyDecision,SmPolicyDecision.pccRules.ddNotifCtrl2.notifCtrlInds,DIRECT,T1-R01 | T1-R04 | T1-R12,T1-A11 | T1-A12
FP-0064,T1,SmPolicyDecision,SmPolicyDecision.pccRules.ddNotifCtrl2.typesOfNotif,DIRECT,T1-R01 | T1-R04 | T1-R12,T1-A11 | T1-A12
FP-0065,T1,SmPolicyDecision,SmPolicyDecision.pccRules.disUeNotif,DIRECT,T1-R01 | T1-R04 | T1-R12,T1-A11 | T1-A12
FP-0066,T1,SmPolicyDecision,SmPolicyDecision.pccRules.packFiltAllPrec,DIRECT,T1-R01 | T1-R04 | T1-R05 | T1-R12,T1-A09 | T1-A11 | T1-A12
FP-0068,T1,SmPolicyDecision,SmPolicyDecision.qosDecs.qosId,DEPLOYMENT,T1-R01 | T1-R02 | T1-R09,T1-A01 | T1-A02
FP-0069,T1,SmPolicyDecision,SmPolicyDecision.qosDecs.5qi,DEPLOYMENT,T1-R02 | T1-R09,T1-A02 | T1-A26
FP-0070,T1,SmPolicyDecision,SmPolicyDecision.qosDecs.maxbrUl,DEPLOYMENT,T1-R02 | T1-R09,T1-A02 | T1-A27
FP-0071,T1,SmPolicyDecision,SmPolicyDecision.qosDecs.maxbrDl,DEPLOYMENT,T1-R02 | T1-R09,T1-A02 | T1-A27
FP-0072,T1,SmPolicyDecision,SmPolicyDecision.qosDecs.gbrUl,DEPLOYMENT,T1-R02 | T1-R09,T1-A02 | T1-A27
FP-0073,T1,SmPolicyDecision,SmPolicyDecision.qosDecs.gbrDl,DEPLOYMENT,T1-R02 | T1-R09,T1-A02 | T1-A27
FP-0074,T1,SmPolicyDecision,SmPolicyDecision.qosDecs.arp.priorityLevel,DEPLOYMENT,T1-R02 | T1-R09,T1-A02
FP-0075,T1,SmPolicyDecision,SmPolicyDecision.qosDecs.arp.preemptCap,DEPLOYMENT,T1-R02 | T1-R09,T1-A02
FP-0076,T1,SmPolicyDecision,SmPolicyDecision.qosDecs.arp.preemptVuln,DEPLOYMENT,T1-R02 | T1-R09,T1-A02
FP-0077,T1,SmPolicyDecision,SmPolicyDecision.qosDecs.qnc,DEPLOYMENT,T1-R02 | T1-R09,T1-A02
FP-0078,T1,SmPolicyDecision,SmPolicyDecision.qosDecs.priorityLevel,DEPLOYMENT,T1-R02 | T1-R09,T1-A02 | T1-A27
FP-0079,T1,SmPolicyDecision,SmPolicyDecision.qosDecs.averWindow,DEPLOYMENT,T1-R02 | T1-R09,T1-A02 | T1-A27
FP-0080,T1,SmPolicyDecision,SmPolicyDecision.qosDecs.maxDataBurstVol,DEPLOYMENT,T1-R02 | T1-R09,T1-A02 | T1-A27
FP-0081,T1,SmPolicyDecision,SmPolicyDecision.qosDecs.reflectiveQos,DEPLOYMENT,T1-R02 | T1-R09,T1-A02
FP-0082,T1,SmPolicyDecision,SmPolicyDecision.qosDecs.sharingKeyDl,DEPLOYMENT,T1-R02 | T1-R09,T1-A02
FP-0083,T1,SmPolicyDecision,SmPolicyDecision.qosDecs.sharingKeyUl,DEPLOYMENT,T1-R02 | T1-R09,T1-A02
FP-0084,T1,SmPolicyDecision,SmPolicyDecision.qosDecs.maxPacketLossRateDl,DEPLOYMENT,T1-R02 | T1-R09,T1-A02
FP-0085,T1,SmPolicyDecision,SmPolicyDecision.qosDecs.maxPacketLossRateUl,DEPLOYMENT,T1-R02 | T1-R09,T1-A02
FP-0086,T1,SmPolicyDecision,SmPolicyDecision.qosDecs.defQosFlowIndication,DEPLOYMENT,T1-R02 | T1-R09,T1-A02
FP-0087,T1,SmPolicyDecision,SmPolicyDecision.qosDecs.extMaxDataBurstVol,DEPLOYMENT,T1-R02 | T1-R09,T1-A02 | T1-A27
FP-0088,T1,SmPolicyDecision,SmPolicyDecision.qosDecs.packetDelayBudget,DEPLOYMENT,T1-R02 | T1-R09,T1-A02 | T1-A27
FP-0089,T1,SmPolicyDecision,SmPolicyDecision.qosDecs.packetErrorRate,DEPLOYMENT,T1-R02 | T1-R09,T1-A02 | T1-A27
FP-0090,T1,SmPolicyDecision,SmPolicyDecision.chgDecs.chgId,DIRECT,T1-R01 | T1-R02 | T1-R04 | T1-R05,T1-A01 | T1-A03 | T1-A05
FP-0091,T1,SmPolicyDecision,SmPolicyDecision.chgDecs.meteringMethod,DIRECT,T1-R02 | T1-R04 | T1-R05 | T1-R08,T1-A03 | T1-A05 | T1-A15
FP-0092,T1,SmPolicyDecision,SmPolicyDecision.chgDecs.offline,DIRECT,T1-R02 | T1-R04 | T1-R05 | T1-R08,T1-A03 | T1-A05 | T1-A16
FP-0093,T1,SmPolicyDecision,SmPolicyDecision.chgDecs.online,DIRECT,T1-R02 | T1-R04 | T1-R05 | T1-R08,T1-A03 | T1-A05 | T1-A16
FP-0094,T1,SmPolicyDecision,SmPolicyDecision.chgDecs.sdfHandl,DIRECT,T1-R02 | T1-R04 | T1-R05 | T1-R08,T1-A03 | T1-A05 | T1-A18
FP-0095,T1,SmPolicyDecision,SmPolicyDecision.chgDecs.ratingGroup,DIRECT,T1-R02 | T1-R04 | T1-R05,T1-A03 | T1-A05 | T1-A13
FP-0096,T1,SmPolicyDecision,SmPolicyDecision.chgDecs.reportingLevel,DIRECT,T1-R02 | T1-R04 | T1-R05 | T1-R08,T1-A03 | T1-A05 | T1-A17
FP-0097,T1,SmPolicyDecision,SmPolicyDecision.chgDecs.serviceId,DIRECT,T1-R02 | T1-R04 | T1-R05,T1-A03 | T1-A05 | T1-A14
FP-0098,T1,SmPolicyDecision,SmPolicyDecision.chgDecs.sponsorId,DIRECT,T1-R02 | T1-R04 | T1-R05 | T1-R10,T1-A03 | T1-A05 | T1-A19
FP-0099,T1,SmPolicyDecision,SmPolicyDecision.chgDecs.appSvcProvId,DIRECT,T1-R02 | T1-R04 | T1-R05 | T1-R10,T1-A03 | T1-A05 | T1-A19
FP-0100,T1,SmPolicyDecision,SmPolicyDecision.chgDecs.afChargingIdentifier,DIRECT,T1-R02 | T1-R04 | T1-R05 | T1-R10,T1-A03 | T1-A05 | T1-A20
FP-0101,T1,SmPolicyDecision,SmPolicyDecision.chgDecs.afChargId,DIRECT,T1-R02 | T1-R04 | T1-R05 | T1-R10,T1-A03 | T1-A05 | T1-A20
FP-0102,T1,SmPolicyDecision,SmPolicyDecision.chargingInfo.primaryChfAddress,DIRECT,T1-R11,T1-A30 | T1-A31
FP-0103,T1,SmPolicyDecision,SmPolicyDecision.chargingInfo.secondaryChfAddress,DIRECT,T1-R11,T1-A30 | T1-A31
FP-0104,T1,SmPolicyDecision,SmPolicyDecision.chargingInfo.primaryChfSetId,DIRECT,T1-R11,T1-A30 | T1-A31
FP-0105,T1,SmPolicyDecision,SmPolicyDecision.chargingInfo.primaryChfInstanceId,DIRECT,T1-R11,T1-A30 | T1-A31
FP-0106,T1,SmPolicyDecision,SmPolicyDecision.chargingInfo.secondaryChfSetId,DIRECT,T1-R11,T1-A30 | T1-A31
FP-0107,T1,SmPolicyDecision,SmPolicyDecision.chargingInfo.secondaryChfInstanceId,DIRECT,T1-R11,T1-A30 | T1-A31
FP-0108,T1,SmPolicyDecision,SmPolicyDecision.traffContDecs.tcId,RELATIONAL,T1-R01,T1-A01
FP-0109,T1,SmPolicyDecision,SmPolicyDecision.traffContDecs.flowStatus,DEPLOYMENT,T1-R04,T1-A40
FP-0117,T1,SmPolicyDecision,SmPolicyDecision.traffContDecs.trafficSteeringPolIdDl,DEPLOYMENT,T1-R04,T1-A40
FP-0118,T1,SmPolicyDecision,SmPolicyDecision.traffContDecs.trafficSteeringPolIdUl,DEPLOYMENT,T1-R04,T1-A40
FP-0119,T1,SmPolicyDecision,SmPolicyDecision.traffContDecs.routeToLocs.dnai,DEPLOYMENT,T1-R04,T1-A40
FP-0120,T1,SmPolicyDecision,SmPolicyDecision.traffContDecs.routeToLocs.routeInfo.ipv4Addr,DEPLOYMENT,T1-R04,T1-A40
FP-0121,T1,SmPolicyDecision,SmPolicyDecision.traffContDecs.routeToLocs.routeInfo.ipv6Addr,DEPLOYMENT,T1-R04,T1-A40
FP-0122,T1,SmPolicyDecision,SmPolicyDecision.traffContDecs.routeToLocs.routeInfo.portNumber,DEPLOYMENT,T1-R04,T1-A40
FP-0123,T1,SmPolicyDecision,SmPolicyDecision.traffContDecs.routeToLocs.routeProfId,DEPLOYMENT,T1-R04,T1-A40
FP-0133,T1,SmPolicyDecision,SmPolicyDecision.traffContDecs.traffCorreInd,DEPLOYMENT,T1-R04,T1-A40
FP-0134,T1,SmPolicyDecision,SmPolicyDecision.traffContDecs.simConnInd,DEPLOYMENT,T1-R04,T1-A40
FP-0135,T1,SmPolicyDecision,SmPolicyDecision.traffContDecs.simConnTerm,DEPLOYMENT,T1-R04,T1-A40
FP-0140,T1,SmPolicyDecision,SmPolicyDecision.traffContDecs.steerFun,DEPLOYMENT,T1-R04,T1-A40
FP-0141,T1,SmPolicyDecision,SmPolicyDecision.traffContDecs.steerModeDl.steerModeValue,DEPLOYMENT,T1-R04,T1-A40
FP-0142,T1,SmPolicyDecision,SmPolicyDecision.traffContDecs.steerModeDl.active,DEPLOYMENT,T1-R04,T1-A40
FP-0143,T1,SmPolicyDecision,SmPolicyDecision.traffContDecs.steerModeDl.standby,DEPLOYMENT,T1-R04,T1-A40
FP-0144,T1,SmPolicyDecision,SmPolicyDecision.traffContDecs.steerModeDl.3gLoad,DEPLOYMENT,T1-R04,T1-A40
FP-0145,T1,SmPolicyDecision,SmPolicyDecision.traffContDecs.steerModeDl.prioAcc,DEPLOYMENT,T1-R04,T1-A40
FP-0146,T1,SmPolicyDecision,SmPolicyDecision.traffContDecs.steerModeDl.thresValue.rttThres,DEPLOYMENT,T1-R04,T1-A40
FP-0147,T1,SmPolicyDecision,SmPolicyDecision.traffContDecs.steerModeDl.thresValue.plrThres,DEPLOYMENT,T1-R04,T1-A40
FP-0148,T1,SmPolicyDecision,SmPolicyDecision.traffContDecs.steerModeDl.steerModeInd,DEPLOYMENT,T1-R04,T1-A40
FP-0149,T1,SmPolicyDecision,SmPolicyDecision.traffContDecs.steerModeUl.steerModeValue,DEPLOYMENT,T1-R04,T1-A40
FP-0150,T1,SmPolicyDecision,SmPolicyDecision.traffContDecs.steerModeUl.active,DEPLOYMENT,T1-R04,T1-A40
FP-0151,T1,SmPolicyDecision,SmPolicyDecision.traffContDecs.steerModeUl.standby,DEPLOYMENT,T1-R04,T1-A40
FP-0152,T1,SmPolicyDecision,SmPolicyDecision.traffContDecs.steerModeUl.3gLoad,DEPLOYMENT,T1-R04,T1-A40
FP-0153,T1,SmPolicyDecision,SmPolicyDecision.traffContDecs.steerModeUl.prioAcc,DEPLOYMENT,T1-R04,T1-A40
FP-0154,T1,SmPolicyDecision,SmPolicyDecision.traffContDecs.steerModeUl.thresValue.rttThres,DEPLOYMENT,T1-R04,T1-A40
FP-0155,T1,SmPolicyDecision,SmPolicyDecision.traffContDecs.steerModeUl.thresValue.plrThres,DEPLOYMENT,T1-R04,T1-A40
FP-0156,T1,SmPolicyDecision,SmPolicyDecision.traffContDecs.steerModeUl.steerModeInd,DEPLOYMENT,T1-R04,T1-A40
FP-0157,T1,SmPolicyDecision,SmPolicyDecision.traffContDecs.mulAccCtrl,DEPLOYMENT,T1-R04,T1-A40
FP-0158,T1,SmPolicyDecision,SmPolicyDecision.umDecs.umId,RELATIONAL,T1-R01,T1-A01
FP-0159,T1,SmPolicyDecision,SmPolicyDecision.umDecs.volumeThreshold,DIRECT,T1-R07,T1-A21
FP-0160,T1,SmPolicyDecision,SmPolicyDecision.umDecs.volumeThresholdUplink,DIRECT,T1-R07,T1-A21
FP-0161,T1,SmPolicyDecision,SmPolicyDecision.umDecs.volumeThresholdDownlink,DIRECT,T1-R07,T1-A21
FP-0162,T1,SmPolicyDecision,SmPolicyDecision.umDecs.timeThreshold,DEPLOYMENT,T1-R07,T1-A22
FP-0163,T1,SmPolicyDecision,SmPolicyDecision.umDecs.monitoringTime,DEPLOYMENT,T1-R07,T1-A23
FP-0164,T1,SmPolicyDecision,SmPolicyDecision.umDecs.nextVolThreshold,DIRECT,T1-R07,T1-A21
FP-0165,T1,SmPolicyDecision,SmPolicyDecision.umDecs.nextVolThresholdUplink,DIRECT,T1-R07,T1-A21
FP-0166,T1,SmPolicyDecision,SmPolicyDecision.umDecs.nextVolThresholdDownlink,DIRECT,T1-R07,T1-A21
FP-0167,T1,SmPolicyDecision,SmPolicyDecision.umDecs.nextTimeThreshold,DEPLOYMENT,T1-R07,T1-A22
FP-0168,T1,SmPolicyDecision,SmPolicyDecision.umDecs.inactivityTime,DEPLOYMENT,T1-R07,T1-A22
FP-0169,T1,SmPolicyDecision,SmPolicyDecision.umDecs.exUsagePccRuleIds,DIRECT,T1-R03 | T1-R04,T1-A24
FP-0170,T1,SmPolicyDecision,SmPolicyDecision.qosChars.5qi,DEPLOYMENT,T1-R02 | T1-R09,T1-A02 | T1-A26
FP-0171,T1,SmPolicyDecision,SmPolicyDecision.qosChars.resourceType,DEPLOYMENT,T1-R02 | T1-R09,T1-A02
FP-0172,T1,SmPolicyDecision,SmPolicyDecision.qosChars.priorityLevel,DEPLOYMENT,T1-R02 | T1-R09,T1-A02 | T1-A27
FP-0173,T1,SmPolicyDecision,SmPolicyDecision.qosChars.packetDelayBudget,DEPLOYMENT,T1-R02 | T1-R09,T1-A02 | T1-A27
FP-0174,T1,SmPolicyDecision,SmPolicyDecision.qosChars.packetErrorRate,DEPLOYMENT,T1-R02 | T1-R09,T1-A02 | T1-A27
FP-0175,T1,SmPolicyDecision,SmPolicyDecision.qosChars.averagingWindow,DEPLOYMENT,T1-R02 | T1-R09,T1-A02
FP-0176,T1,SmPolicyDecision,SmPolicyDecision.qosChars.maxDataBurstVol,DEPLOYMENT,T1-R02 | T1-R09,T1-A02 | T1-A27
FP-0177,T1,SmPolicyDecision,SmPolicyDecision.qosChars.extMaxDataBurstVol,DEPLOYMENT,T1-R02 | T1-R09,T1-A02 | T1-A27
FP-0178,T1,SmPolicyDecision,SmPolicyDecision.qosMonDecs.qmId,RELATIONAL,T1-R01,T1-A01
FP-0190,T1,SmPolicyDecision,SmPolicyDecision.conds.condId,RELATIONAL,T1-R01,T1-A01
FP-0191,T1,SmPolicyDecision,SmPolicyDecision.conds.activationTime,DEPLOYMENT,T1-R06,T1-A28
FP-0192,T1,SmPolicyDecision,SmPolicyDecision.conds.deactivationTime,DEPLOYMENT,T1-R06,T1-A28
FP-0193,T1,SmPolicyDecision,SmPolicyDecision.conds.accessType,DEPLOYMENT,T1-R06,T1-A29
FP-0194,T1,SmPolicyDecision,SmPolicyDecision.conds.ratType,DEPLOYMENT,T1-R06,T1-A29
FP-0195,T1,SmPolicyDecision,SmPolicyDecision.revalidationTime,DEPLOYMENT,T1-R12,T1-A36
FP-0196,T1,SmPolicyDecision,SmPolicyDecision.offline,RELATIONAL,T1-R08,T1-A16
FP-0197,T1,SmPolicyDecision,SmPolicyDecision.online,RELATIONAL,T1-R08,T1-A16
FP-0198,T1,SmPolicyDecision,SmPolicyDecision.offlineChOnly,RELATIONAL,T1-R08,T1-A16
FP-0199,T1,SmPolicyDecision,SmPolicyDecision.policyCtrlReqTriggers,DEPLOYMENT,T1-R12,T1-A37
FP-0200,T1,SmPolicyDecision,SmPolicyDecision.lastReqRuleData.refPccRuleIds,DEPLOYMENT,T1-R02 | T1-R03 | T1-R12,T1-A38
FP-0201,T1,SmPolicyDecision,SmPolicyDecision.lastReqRuleData.reqData,DEPLOYMENT,T1-R02 | T1-R03 | T1-R12,T1-A38
FP-0202,T1,SmPolicyDecision,SmPolicyDecision.lastReqUsageData.refUmIds,DEPLOYMENT,T1-R02 | T1-R03 | T1-R12,T1-A38
FP-0203,T1,SmPolicyDecision,SmPolicyDecision.lastReqUsageData.allUmIds,DEPLOYMENT,T1-R02 | T1-R03 | T1-R12,T1-A38
FP-0204,T1,SmPolicyDecision,SmPolicyDecision.praInfos.praId,DEPLOYMENT,T1-R06 | T1-R13,T1-A39
FP-0205,T1,SmPolicyDecision,SmPolicyDecision.praInfos.additionalPraId,DEPLOYMENT,T1-R06 | T1-R13,T1-A39
FP-0206,T1,SmPolicyDecision,SmPolicyDecision.praInfos.presenceState,DEPLOYMENT,T1-R06 | T1-R13,T1-A39
FP-0207,T1,SmPolicyDecision,SmPolicyDecision.praInfos.trackingAreaList.plmnId.mcc,DEPLOYMENT,T1-R06 | T1-R13,T1-A39
FP-0208,T1,SmPolicyDecision,SmPolicyDecision.praInfos.trackingAreaList.plmnId.mnc,DEPLOYMENT,T1-R06 | T1-R13,T1-A39
FP-0209,T1,SmPolicyDecision,SmPolicyDecision.praInfos.trackingAreaList.tac,DEPLOYMENT,T1-R06 | T1-R13,T1-A39
FP-0210,T1,SmPolicyDecision,SmPolicyDecision.praInfos.trackingAreaList.nid,DEPLOYMENT,T1-R06 | T1-R13,T1-A39
FP-0211,T1,SmPolicyDecision,SmPolicyDecision.praInfos.ecgiList.plmnId.mcc,DEPLOYMENT,T1-R06 | T1-R13,T1-A39
FP-0212,T1,SmPolicyDecision,SmPolicyDecision.praInfos.ecgiList.plmnId.mnc,DEPLOYMENT,T1-R06 | T1-R13,T1-A39
FP-0213,T1,SmPolicyDecision,SmPolicyDecision.praInfos.ecgiList.eutraCellId,DEPLOYMENT,T1-R06 | T1-R13,T1-A39
FP-0214,T1,SmPolicyDecision,SmPolicyDecision.praInfos.ecgiList.nid,DEPLOYMENT,T1-R06 | T1-R13,T1-A39
FP-0215,T1,SmPolicyDecision,SmPolicyDecision.praInfos.ncgiList.plmnId.mcc,DEPLOYMENT,T1-R06 | T1-R13,T1-A39
FP-0216,T1,SmPolicyDecision,SmPolicyDecision.praInfos.ncgiList.plmnId.mnc,DEPLOYMENT,T1-R06 | T1-R13,T1-A39
FP-0217,T1,SmPolicyDecision,SmPolicyDecision.praInfos.ncgiList.nrCellId,DEPLOYMENT,T1-R06 | T1-R13,T1-A39
FP-0218,T1,SmPolicyDecision,SmPolicyDecision.praInfos.ncgiList.nid,DEPLOYMENT,T1-R06 | T1-R13,T1-A39
FP-0219,T1,SmPolicyDecision,SmPolicyDecision.praInfos.globalRanNodeIdList.plmnId.mcc,DEPLOYMENT,T1-R06 | T1-R13,T1-A39
FP-0220,T1,SmPolicyDecision,SmPolicyDecision.praInfos.globalRanNodeIdList.plmnId.mnc,DEPLOYMENT,T1-R06 | T1-R13,T1-A39
FP-0221,T1,SmPolicyDecision,SmPolicyDecision.praInfos.globalRanNodeIdList.n3IwfId,DEPLOYMENT,T1-R06 | T1-R13,T1-A39
FP-0222,T1,SmPolicyDecision,SmPolicyDecision.praInfos.globalRanNodeIdList.gNbId.bitLength,DEPLOYMENT,T1-R06 | T1-R13,T1-A39
FP-0223,T1,SmPolicyDecision,SmPolicyDecision.praInfos.globalRanNodeIdList.gNbId.gNBValue,DEPLOYMENT,T1-R06 | T1-R13,T1-A39
FP-0224,T1,SmPolicyDecision,SmPolicyDecision.praInfos.globalRanNodeIdList.ngeNbId,DEPLOYMENT,T1-R06 | T1-R13,T1-A39
FP-0225,T1,SmPolicyDecision,SmPolicyDecision.praInfos.globalRanNodeIdList.wagfId,DEPLOYMENT,T1-R06 | T1-R13,T1-A39
FP-0226,T1,SmPolicyDecision,SmPolicyDecision.praInfos.globalRanNodeIdList.tngfId,DEPLOYMENT,T1-R06 | T1-R13,T1-A39
FP-0227,T1,SmPolicyDecision,SmPolicyDecision.praInfos.globalRanNodeIdList.nid,DEPLOYMENT,T1-R06 | T1-R13,T1-A39
FP-0228,T1,SmPolicyDecision,SmPolicyDecision.praInfos.globalRanNodeIdList.eNbId,DEPLOYMENT,T1-R06 | T1-R13,T1-A39
FP-0229,T1,SmPolicyDecision,SmPolicyDecision.praInfos.globaleNbIdList.plmnId.mcc,DEPLOYMENT,T1-R06 | T1-R13,T1-A39
FP-0230,T1,SmPolicyDecision,SmPolicyDecision.praInfos.globaleNbIdList.plmnId.mnc,DEPLOYMENT,T1-R06 | T1-R13,T1-A39
FP-0231,T1,SmPolicyDecision,SmPolicyDecision.praInfos.globaleNbIdList.n3IwfId,DEPLOYMENT,T1-R06 | T1-R13,T1-A39
FP-0232,T1,SmPolicyDecision,SmPolicyDecision.praInfos.globaleNbIdList.gNbId.bitLength,DEPLOYMENT,T1-R06 | T1-R13,T1-A39
FP-0233,T1,SmPolicyDecision,SmPolicyDecision.praInfos.globaleNbIdList.gNbId.gNBValue,DEPLOYMENT,T1-R06 | T1-R13,T1-A39
FP-0234,T1,SmPolicyDecision,SmPolicyDecision.praInfos.globaleNbIdList.ngeNbId,DEPLOYMENT,T1-R06 | T1-R13,T1-A39
FP-0235,T1,SmPolicyDecision,SmPolicyDecision.praInfos.globaleNbIdList.wagfId,DEPLOYMENT,T1-R06 | T1-R13,T1-A39
FP-0236,T1,SmPolicyDecision,SmPolicyDecision.praInfos.globaleNbIdList.tngfId,DEPLOYMENT,T1-R06 | T1-R13,T1-A39
FP-0237,T1,SmPolicyDecision,SmPolicyDecision.praInfos.globaleNbIdList.nid,DEPLOYMENT,T1-R06 | T1-R13,T1-A39
FP-0238,T1,SmPolicyDecision,SmPolicyDecision.praInfos.globaleNbIdList.eNbId,DEPLOYMENT,T1-R06 | T1-R13,T1-A39
FP-0252,T2,PFCP Session Establishment Request,PFCP Session Establishment Request.PFCP Header.FO,DIRECT,T2-R02 | T2-R16,T2-A02
FP-0256,T2,PFCP Session Establishment Request,PFCP Session Establishment Request.PFCP Header.messageLength,RELATIONAL,T2-R16,T2-A62
FP-0257,T2,PFCP Session Establishment Request,PFCP Session Establishment Request.PFCP Header.seid,DIRECT,T2-R01,T2-A01
FP-0258,T2,PFCP Session Establishment Request,PFCP Session Establishment Request.PFCP Header.sequenceNumber,DIRECT,T2-R02 | T2-R16,T2-A02
FP-0261,T2,PFCP Session Establishment Request,PFCP Session Establishment Request.Node ID.nodeIdType,DIRECT,T2-R03,T2-A03
FP-0262,T2,PFCP Session Establishment Request,PFCP Session Establishment Request.Node ID.ipv4Address,DIRECT,T2-R03,T2-A03
FP-0263,T2,PFCP Session Establishment Request,PFCP Session Establishment Request.Node ID.ipv6Address,DIRECT,T2-R03,T2-A03
FP-0264,T2,PFCP Session Establishment Request,PFCP Session Establishment Request.Node ID.fqdn,DIRECT,T2-R03,T2-A03
FP-0265,T2,PFCP Session Establishment Request,PFCP Session Establishment Request.CP F-SEID.V4,DIRECT,T2-R03 | T2-R16,T2-A03 | T2-A62
FP-0266,T2,PFCP Session Establishment Request,PFCP Session Establishment Request.CP F-SEID.V6,DIRECT,T2-R03 | T2-R16,T2-A03 | T2-A62
FP-0267,T2,PFCP Session Establishment Request,PFCP Session Establishment Request.CP F-SEID.SEID,DIRECT,T2-R03,T2-A03
FP-0268,T2,PFCP Session Establishment Request,PFCP Session Establishment Request.CP F-SEID.ipv4Address,DIRECT,T2-R03,T2-A03
FP-0269,T2,PFCP Session Establishment Request,PFCP Session Establishment Request.CP F-SEID.ipv6Address,DIRECT,T2-R03,T2-A03
FP-0270,T2,PFCP Session Establishment Request,PFCP Session Establishment Request.Create PDR.PDR ID.pdrId,DIRECT,T2-R04 | T2-R05 | T2-R16 | T2-R24,T2-A05 | T2-A06 | T2-A64
FP-0271,T2,PFCP Session Establishment Request,PFCP Session Establishment Request.Create PDR.Precedence.precedence,DIRECT,T2-R05 | T2-R16 | T2-R24,T2-A06 | T2-A17 | T2-A64
FP-0272,T2,PFCP Session Establishment Request,PFCP Session Establishment Request.Create PDR.PDI.Source Interface.interfaceValue,DIRECT,T2-R05 | T2-R16 | T2-R24,T2-A06 | T2-A10 | T2-A64
FP-0273,T2,PFCP Session Establishment Request,PFCP Session Establishment Request.Create PDR.PDI.Source Interface.interfaceType,DIRECT,T2-R05 | T2-R16 | T2-R24,T2-A06 | T2-A10 | T2-A64
FP-0274,T2,PFCP Session Establishment Request,PFCP Session Establishment Request.Create PDR.PDI.Local F-TEID.CHID,DIRECT,T2-R05 | T2-R09 | T2-R16 | T2-R24,T2-A06 | T2-A15 | T2-A62 | T2-A64
FP-0275,T2,PFCP Session Establishment Request,PFCP Session Establishment Request.Create PDR.PDI.Local F-TEID.CH,DIRECT,T2-R05 | T2-R09 | T2-R16 | T2-R24,T2-A06 | T2-A15 | T2-A62 | T2-A64
FP-0276,T2,PFCP Session Establishment Request,PFCP Session Establishment Request.Create PDR.PDI.Local F-TEID.V6,DIRECT,T2-R05 | T2-R09 | T2-R16 | T2-R24,T2-A06 | T2-A15 | T2-A62 | T2-A64
FP-0277,T2,PFCP Session Establishment Request,PFCP Session Establishment Request.Create PDR.PDI.Local F-TEID.V4,DIRECT,T2-R05 | T2-R09 | T2-R16 | T2-R24,T2-A06 | T2-A15 | T2-A62 | T2-A64
FP-0278,T2,PFCP Session Establishment Request,PFCP Session Establishment Request.Create PDR.PDI.Local F-TEID.TEID,DIRECT,T2-R05 | T2-R09 | T2-R16 | T2-R24,T2-A06 | T2-A15 | T2-A64
FP-0279,T2,PFCP Session Establishment Request,PFCP Session Establishment Request.Create PDR.PDI.Local F-TEID.ipv4Address,DIRECT,T2-R05 | T2-R09 | T2-R16 | T2-R24,T2-A06 | T2-A15 | T2-A64
FP-0280,T2,PFCP Session Establishment Request,PFCP Session Establishment Request.Create PDR.PDI.Local F-TEID.ipv6Address,DIRECT,T2-R05 | T2-R09 | T2-R16 | T2-R24,T2-A06 | T2-A15 | T2-A64
FP-0281,T2,PFCP Session Establishment Request,PFCP Session Establishment Request.Create PDR.PDI.Local F-TEID.chooseId,DIRECT,T2-R05 | T2-R09 | T2-R16 | T2-R24,T2-A06 | T2-A15 | T2-A64
FP-0282,T2,PFCP Session Establishment Request,PFCP Session Establishment Request.Create PDR.PDI.Network Instance.length,DIRECT,T2-R05 | T2-R16 | T2-R19 | T2-R24,T2-A06 | T2-A11 | T2-A62 | T2-A64
FP-0283,T2,PFCP Session Establishment Request,PFCP Session Establishment Request.Create PDR.PDI.Network Instance.apnOrDnn,DIRECT,T2-R05 | T2-R16 | T2-R19 | T2-R24,T2-A06 | T2-A11 | T2-A64
FP-0284,T2,PFCP Session Establishment Request,PFCP Session Establishment Request.Create PDR.PDI.Redundant Transmission Detection Parameters.Local F-TEID for Redundant Transmission.CHID,DIRECT,T2-R05 | T2-R09 | T2-R16 | T2-R24,T2-A06 | T2-A15 | T2-A62 | T2-A64
FP-0285,T2,PFCP Session Establishment Request,PFCP Session Establishment Request.Create PDR.PDI.Redundant Transmission Detection Parameters.Local F-TEID for Redundant Transmission.CH,DIRECT,T2-R05 | T2-R09 | T2-R16 | T2-R24,T2-A06 | T2-A15 | T2-A62 | T2-A64
FP-0286,T2,PFCP Session Establishment Request,PFCP Session Establishment Request.Create PDR.PDI.Redundant Transmission Detection Parameters.Local F-TEID for Redundant Transmission.V6,DIRECT,T2-R05 | T2-R09 | T2-R16 | T2-R24,T2-A06 | T2-A15 | T2-A62 | T2-A64
FP-0287,T2,PFCP Session Establishment Request,PFCP Session Establishment Request.Create PDR.PDI.Redundant Transmission Detection Parameters.Local F-TEID for Redundant Transmission.V4,DIRECT,T2-R05 | T2-R09 | T2-R16 | T2-R24,T2-A06 | T2-A15 | T2-A62 | T2-A64
FP-0288,T2,PFCP Session Establishment Request,PFCP Session Establishment Request.Create PDR.PDI.Redundant Transmission Detection Parameters.Local F-TEID for Redundant Transmission.TEID,DIRECT,T2-R05 | T2-R09 | T2-R16 | T2-R24,T2-A06 | T2-A15 | T2-A64
FP-0289,T2,PFCP Session Establishment Request,PFCP Session Establishment Request.Create PDR.PDI.Redundant Transmission Detection Parameters.Local F-TEID for Redundant Transmission.ipv4Address,DIRECT,T2-R05 | T2-R09 | T2-R16 | T2-R24,T2-A06 | T2-A15 | T2-A64
FP-0290,T2,PFCP Session Establishment Request,PFCP Session Establishment Request.Create PDR.PDI.Redundant Transmission Detection Parameters.Local F-TEID for Redundant Transmission.ipv6Address,DIRECT,T2-R05 | T2-R09 | T2-R16 | T2-R24,T2-A06 | T2-A15 | T2-A64
FP-0291,T2,PFCP Session Establishment Request,PFCP Session Establishment Request.Create PDR.PDI.Redundant Transmission Detection Parameters.Local F-TEID for Redundant Transmission.chooseId,DIRECT,T2-R05 | T2-R09 | T2-R16 | T2-R24,T2-A06 | T2-A15 | T2-A64
FP-0292,T2,PFCP Session Establishment Request,PFCP Session Establishment Request.Create PDR.PDI.Redundant Transmission Detection Parameters.Network Instance for Redundant Transmission.length,DIRECT,T2-R05 | T2-R09 | T2-R16 | T2-R24,T2-A06 | T2-A15 | T2-A62 | T2-A64
FP-0293,T2,PFCP Session Establishment Request,PFCP Session Establishment Request.Create PDR.PDI.Redundant Transmission Detection Parameters.Network Instance for Redundant Transmission.apnOrDnn,DIRECT,T2-R05 | T2-R09 | T2-R16 | T2-R24,T2-A06 | T2-A15 | T2-A64
FP-0294,T2,PFCP Session Establishment Request,PFCP Session Establishment Request.Create PDR.PDI.UE IP address.CHV6,DIRECT,T2-R05 | T2-R16 | T2-R19 | T2-R24,T2-A06 | T2-A09 | T2-A64
FP-0295,T2,PFCP Session Establishment Request,PFCP Session Establishment Request.Create PDR.PDI.UE IP address.IPV6D,DIRECT,T2-R05 | T2-R16 | T2-R19 | T2-R24,T2-A06 | T2-A09 | T2-A64
FP-0296,T2,PFCP Session Establishment Request,PFCP Session Establishment Request.Create PDR.PDI.UE IP address.SD,DIRECT,T2-R05 | T2-R16 | T2-R19 | T2-R24,T2-A06 | T2-A09 | T2-A64
FP-0297,T2,PFCP Session Establishment Request,PFCP Session Establishment Request.Create PDR.PDI.UE IP address.V4,DIRECT,T2-R05 | T2-R16 | T2-R19 | T2-R24,T2-A06 | T2-A09 | T2-A62 | T2-A64
FP-0298,T2,PFCP Session Establishment Request,PFCP Session Establishment Request.Create PDR.PDI.UE IP address.V6,DIRECT,T2-R05 | T2-R16 | T2-R19 | T2-R24,T2-A06 | T2-A09 | T2-A62 | T2-A64
FP-0299,T2,PFCP Session Establishment Request,PFCP Session Establishment Request.Create PDR.PDI.UE IP address.ipv4Address,DIRECT,T2-R05 | T2-R16 | T2-R19 | T2-R24,T2-A06 | T2-A09 | T2-A64
FP-0300,T2,PFCP Session Establishment Request,PFCP Session Establishment Request.Create PDR.PDI.UE IP address.ipv6Address,DIRECT,T2-R05 | T2-R16 | T2-R19 | T2-R24,T2-A06 | T2-A09 | T2-A64
FP-0301,T2,PFCP Session Establishment Request,PFCP Session Establishment Request.Create PDR.PDI.UE IP address.ipv6PrefixDelegationBits,DIRECT,T2-R05 | T2-R16 | T2-R19 | T2-R24,T2-A06 | T2-A09 | T2-A64
FP-0302,T2,PFCP Session Establishment Request,PFCP Session Establishment Request.Create PDR.PDI.UE IP address.ipv6PrefixLength,DIRECT,T2-R05 | T2-R16 | T2-R19 | T2-R24,T2-A06 | T2-A09 | T2-A64
FP-0303,T2,PFCP Session Establishment Request,PFCP Session Establishment Request.Create PDR.PDI.Traffic Endpoint ID,DIRECT,T2-R05 | T2-R09 | T2-R16 | T2-R24,T2-A06 | T2-A15 | T2-A64
FP-0304,T2,PFCP Session Establishment Request,PFCP Session Establishment Request.Create PDR.PDI.SDF Filter.BID,DIRECT,T2-R05 | T2-R16 | T2-R24,T2-A06 | T2-A08 | T2-A62 | T2-A64
FP-0305,T2,PFCP Session Establishment Request,PFCP Session Establishment Request.Create PDR.PDI.SDF Filter.FL,DIRECT,T2-R05 | T2-R16 | T2-R24,T2-A06 | T2-A08 | T2-A62 | T2-A64
FP-0306,T2,PFCP Session Establishment Request,PFCP Session Establishment Request.Create PDR.PDI.SDF Filter.SPI,DIRECT,T2-R05 | T2-R16 | T2-R24,T2-A06 | T2-A08 | T2-A62 | T2-A64
FP-0307,T2,PFCP Session Establishment Request,PFCP Session Establishment Request.Create PDR.PDI.SDF Filter.TTC,DIRECT,T2-R05 | T2-R16 | T2-R24,T2-A06 | T2-A08 | T2-A62 | T2-A64
FP-0308,T2,PFCP Session Establishment Request,PFCP Session Establishment Request.Create PDR.PDI.SDF Filter.FD,DIRECT,T2-R05 | T2-R16 | T2-R24,T2-A06 | T2-A08 | T2-A62 | T2-A64
FP-0309,T2,PFCP Session Establishment Request,PFCP Session Establishment Request.Create PDR.PDI.SDF Filter.flowDescriptionLength,DIRECT,T2-R05 | T2-R16 | T2-R24,T2-A06 | T2-A07 | T2-A08 | T2-A64
FP-0310,T2,PFCP Session Establishment Request,PFCP Session Establishment Request.Create PDR.PDI.SDF Filter.flowDescription,DIRECT,T2-R05 | T2-R16 | T2-R24,T2-A06 | T2-A07 | T2-A08 | T2-A64
FP-0311,T2,PFCP Session Establishment Request,PFCP Session Establishment Request.Create PDR.PDI.SDF Filter.tosTrafficClass,DIRECT,T2-R05 | T2-R16 | T2-R24,T2-A06 | T2-A08 | T2-A64
FP-0312,T2,PFCP Session Establishment Request,PFCP Session Establishment Request.Create PDR.PDI.SDF Filter.securityParameterIndex,DIRECT,T2-R05 | T2-R16 | T2-R24,T2-A06 | T2-A08 | T2-A64
FP-0313,T2,PFCP Session Establishment Request,PFCP Session Establishment Request.Create PDR.PDI.SDF Filter.flowLabel,DIRECT,T2-R05 | T2-R16 | T2-R24,T2-A06 | T2-A08 | T2-A64
FP-0314,T2,PFCP Session Establishment Request,PFCP Session Establishment Request.Create PDR.PDI.SDF Filter.sdfFilterId,DIRECT,T2-R05 | T2-R16 | T2-R24,T2-A06 | T2-A08 | T2-A64
FP-0315,T2,PFCP Session Establishment Request,PFCP Session Establishment Request.Create PDR.PDI.Application ID,DIRECT,T2-R05 | T2-R16 | T2-R19 | T2-R24,T2-A06 | T2-A12 | T2-A64
FP-0316,T2,PFCP Session Establishment Request,PFCP Session Establishment Request.Create PDR.PDI.Ethernet PDU Session Information,DIRECT,T2-R05 | T2-R16 | T2-R24,T2-A06 | T2-A64
FP-0317,T2,PFCP Session Establishment Request,PFCP Session Establishment Request.Create PDR.PDI.Ethernet Packet Filter.Ethernet Filter ID,DIRECT,T2-R05 | T2-R16 | T2-R24,T2-A06 | T2-A13 | T2-A64
FP-0318,T2,PFCP Session Establishment Request,PFCP Session Establishment Request.Create PDR.PDI.Ethernet Packet Filter.Ethernet Filter Properties,DIRECT,T2-R05 | T2-R16 | T2-R24,T2-A06 | T2-A13 | T2-A64
FP-0319,T2,PFCP Session Establishment Request,PFCP Session Establishment Request.Create PDR.PDI.Ethernet Packet Filter.MAC address,DIRECT,T2-R05 | T2-R16 | T2-R24,T2-A06 | T2-A13 | T2-A64
FP-0320,T2,PFCP Session Establishment Request,PFCP Session Establishment Request.Create PDR.PDI.Ethernet Packet Filter.Ethertype,DIRECT,T2-R05 | T2-R16 | T2-R24,T2-A06 | T2-A13 | T2-A64
FP-0321,T2,PFCP Session Establishment Request,PFCP Session Establishment Request.Create PDR.PDI.Ethernet Packet Filter.C-TAG,DIRECT,T2-R05 | T2-R16 | T2-R24,T2-A06 | T2-A13 | T2-A64
FP-0322,T2,PFCP Session Establishment Request,PFCP Session Establishment Request.Create PDR.PDI.Ethernet Packet Filter.S-TAG,DIRECT,T2-R05 | T2-R16 | T2-R24,T2-A06 | T2-A13 | T2-A64
FP-0323,T2,PFCP Session Establishment Request,PFCP Session Establishment Request.Create PDR.PDI.Ethernet Packet Filter.SDF Filter.BID,DIRECT,T2-R05 | T2-R16 | T2-R24,T2-A06 | T2-A08 | T2-A13 | T2-A62 | T2-A64
FP-0324,T2,PFCP Session Establishment Request,PFCP Session Establishment Request.Create PDR.PDI.Ethernet Packet Filter.SDF Filter.FL,DIRECT,T2-R05 | T2-R16 | T2-R24,T2-A06 | T2-A08 | T2-A13 | T2-A62 | T2-A64
FP-0325,T2,PFCP Session Establishment Request,PFCP Session Establishment Request.Create PDR.PDI.Ethernet Packet Filter.SDF Filter.SPI,DIRECT,T2-R05 | T2-R16 | T2-R24,T2-A06 | T2-A08 | T2-A13 | T2-A62 | T2-A64
FP-0326,T2,PFCP Session Establishment Request,PFCP Session Establishment Request.Create PDR.PDI.Ethernet Packet Filter.SDF Filter.TTC,DIRECT,T2-R05 | T2-R16 | T2-R24,T2-A06 | T2-A08 | T2-A13 | T2-A62 | T2-A64
FP-0327,T2,PFCP Session Establishment Request,PFCP Session Establishment Request.Create PDR.PDI.Ethernet Packet Filter.SDF Filter.FD,DIRECT,T2-R05 | T2-R16 | T2-R24,T2-A06 | T2-A08 | T2-A13 | T2-A62 | T2-A64
FP-0328,T2,PFCP Session Establishment Request,PFCP Session Establishment Request.Create PDR.PDI.Ethernet Packet Filter.SDF Filter.flowDescriptionLength,DIRECT,T2-R05 | T2-R16 | T2-R24,T2-A06 | T2-A07 | T2-A08 | T2-A13 | T2-A64
FP-0329,T2,PFCP Session Establishment Request,PFCP Session Establishment Request.Create PDR.PDI.Ethernet Packet Filter.SDF Filter.flowDescription,DIRECT,T2-R05 | T2-R16 | T2-R24,T2-A06 | T2-A07 | T2-A08 | T2-A13 | T2-A64
FP-0330,T2,PFCP Session Establishment Request,PFCP Session Establishment Request.Create PDR.PDI.Ethernet Packet Filter.SDF Filter.tosTrafficClass,DIRECT,T2-R05 | T2-R16 | T2-R24,T2-A06 | T2-A08 | T2-A13 | T2-A64
FP-0331,T2,PFCP Session Establishment Request,PFCP Session Establishment Request.Create PDR.PDI.Ethernet Packet Filter.SDF Filter.securityParameterIndex,DIRECT,T2-R05 | T2-R16 | T2-R24,T2-A06 | T2-A08 | T2-A13 | T2-A64
FP-0332,T2,PFCP Session Establishment Request,PFCP Session Establishment Request.Create PDR.PDI.Ethernet Packet Filter.SDF Filter.flowLabel,DIRECT,T2-R05 | T2-R16 | T2-R24,T2-A06 | T2-A08 | T2-A13 | T2-A64
FP-0333,T2,PFCP Session Establishment Request,PFCP Session Establishment Request.Create PDR.PDI.Ethernet Packet Filter.SDF Filter.sdfFilterId,DIRECT,T2-R05 | T2-R16 | T2-R24,T2-A06 | T2-A08 | T2-A13 | T2-A64
FP-0334,T2,PFCP Session Establishment Request,PFCP Session Establishment Request.Create PDR.PDI.QFI,DIRECT,T2-R05 | T2-R08 | T2-R16 | T2-R22 | T2-R24,T2-A06 | T2-A14 | T2-A64
FP-0335,T2,PFCP Session Establishment Request,PFCP Session Establishment Request.Create PDR.PDI.Framed-Route,DIRECT,T2-R05 | T2-R16 | T2-R24,T2-A06 | T2-A16 | T2-A64
FP-0336,T2,PFCP Session Establishment Request,PFCP Session Establishment Request.Create PDR.PDI.Framed-Routing,DIRECT,T2-R05 | T2-R16 | T2-R24,T2-A06 | T2-A16 | T2-A64
FP-0337,T2,PFCP Session Establishment Request,PFCP Session Establishment Request.Create PDR.PDI.Framed-IPv6- Route,DIRECT,T2-R05 | T2-R16 | T2-R24,T2-A06 | T2-A16 | T2-A64
FP-0338,T2,PFCP Session Establishment Request,PFCP Session Establishment Request.Create PDR.PDI.Source Interface Type,DIRECT,T2-R05 | T2-R16 | T2-R24,T2-A06 | T2-A64
FP-0339,T2,PFCP Session Establishment Request,PFCP Session Establishment Request.Create PDR.PDI.IP Multicast Addressing Info.IP Multicast Address,DIRECT,T2-R05 | T2-R16 | T2-R24,T2-A06 | T2-A16 | T2-A64
FP-0340,T2,PFCP Session Establishment Request,PFCP Session Establishment Request.Create PDR.PDI.IP Multicast Addressing Info.Source IP Address,DIRECT,T2-R05 | T2-R16 | T2-R24,T2-A06 | T2-A16 | T2-A64
FP-0341,T2,PFCP Session Establishment Request,PFCP Session Establishment Request.Create PDR.PDI.DNS Query Filter,DIRECT,T2-R05 | T2-R16 | T2-R24,T2-A06 | T2-A16 | T2-A64
FP-0342,T2,PFCP Session Establishment Request,PFCP Session Establishment Request.Create PDR.PDI.MBS Session Identifier,DIRECT,T2-R05 | T2-R09 | T2-R16 | T2-R19 | T2-R24,T2-A06 | T2-A61 | T2-A64
FP-0343,T2,PFCP Session Establishment Request,PFCP Session Establishment Request.Create PDR.PDI.Area Session ID,DIRECT,T2-R05 | T2-R09 | T2-R16 | T2-R19 | T2-R24,T2-A06 | T2-A61 | T2-A64
FP-0344,T2,PFCP Session Establishment Request,PFCP Session Establishment Request.Create PDR.Outer Header Removal,DIRECT,T2-R05 | T2-R16 | T2-R21 | T2-R24,T2-A06 | T2-A20 | T2-A64
FP-0345,T2,PFCP Session Establishment Request,PFCP Session Establishment Request.Create PDR.FAR ID.farId,DIRECT,T2-R05 | T2-R06 | T2-R16 | T2-R21 | T2-R24,T2-A06 | T2-A21 | T2-A64
FP-0346,T2,PFCP Session Establishment Request,PFCP Session Establishment Request.Create PDR.URR ID.urrId,DIRECT,T2-R05 | T2-R07 | T2-R10 | T2-R16 | T2-R24,T2-A06 | T2-A22 | T2-A25 | T2-A64
FP-0347,T2,PFCP Session Establishment Request,PFCP Session Establishment Request.Create PDR.QER ID.qerId,DIRECT,T2-R05 | T2-R16 | T2-R24,T2-A06 | T2-A64
FP-0348,T2,PFCP Session Establishment Request,PFCP Session Establishment Request.Create PDR.Activate Predefined Rules,DIRECT,T2-R05 | T2-R16 | T2-R24,T2-A06 | T2-A19 | T2-A64
FP-0349,T2,PFCP Session Establishment Request,PFCP Session Establishment Request.Create PDR.Activation Time,DIRECT,T2-R05 | T2-R16 | T2-R23 | T2-R24,T2-A06 | T2-A18 | T2-A64
FP-0350,T2,PFCP Session Establishment Request,PFCP Session Establishment Request.Create PDR.Deactivation Time,DIRECT,T2-R05 | T2-R16 | T2-R23 | T2-R24,T2-A06 | T2-A18 | T2-A64
FP-0351,T2,PFCP Session Establishment Request,PFCP Session Establishment Request.Create PDR.MAR ID.marId,DIRECT,T2-R05 | T2-R16 | T2-R24,T2-A06 | T2-A64
FP-0352,T2,PFCP Session Establishment Request,PFCP Session Establishment Request.Create PDR.Packet Replication and Detection Carry-On Information,DIRECT,T2-R05 | T2-R09 | T2-R16 | T2-R21 | T2-R24,T2-A06 | T2-A60 | T2-A64
FP-0353,T2,PFCP Session Establishment Request,PFCP Session Establishment Request.Create PDR.IP Multicast Addressing Info.IP Multicast Address,DIRECT,T2-R05 | T2-R09 | T2-R16 | T2-R21 | T2-R24,T2-A06 | T2-A60 | T2-A64
FP-0354,T2,PFCP Session Establishment Request,PFCP Session Establishment Request.Create PDR.IP Multicast Addressing Info.Source IP Address,DIRECT,T2-R05 | T2-R09 | T2-R16 | T2-R21 | T2-R24,T2-A06 | T2-A60 | T2-A64
FP-0355,T2,PFCP Session Establishment Request,PFCP Session Establishment Request.Create PDR.UE IP address Pool Identity,DIRECT,T2-R05 | T2-R16 | T2-R24,T2-A06 | T2-A64
FP-0356,T2,PFCP Session Establishment Request,PFCP Session Establishment Request.Create PDR.MPTCP Applicable Indication,DIRECT,T2-R05 | T2-R16 | T2-R24,T2-A06 | T2-A64
FP-0357,T2,PFCP Session Establishment Request,PFCP Session Establishment Request.Create PDR.Transport Delay Reporting.Preceding UL GTP-U Peer,DIRECT,T2-R05 | T2-R09 | T2-R16 | T2-R21 | T2-R24,T2-A06 | T2-A60 | T2-A64
FP-0358,T2,PFCP Session Establishment Request,PFCP Session Establishment Request.Create PDR.Transport Delay Reporting.DSCP,DIRECT,T2-R05 | T2-R09 | T2-R16 | T2-R21 | T2-R24,T2-A06 | T2-A60 | T2-A64
FP-0359,T2,PFCP Session Establishment Request,PFCP Session Establishment Request.Create PDR.RAT Type,DIRECT,T2-R05 | T2-R16 | T2-R19 | T2-R24,T2-A06 | T2-A53 | T2-A64
FP-0360,T2,PFCP Session Establishment Request,PFCP Session Establishment Request.Create FAR.FAR ID.farId,RELATIONAL,T2-R06 | T2-R16 | T2-R21 | T2-R24,T2-A21 | T2-A57 | T2-A64
FP-0361,T2,PFCP Session Establishment Request,PFCP Session Establishment Request.Create FAR.Apply Action.DROP,DEPLOYMENT,T2-R16 | T2-R21 | T2-R24,T2-A54 | T2-A64
FP-0362,T2,PFCP Session Establishment Request,PFCP Session Establishment Request.Create FAR.Apply Action.FORW,DEPLOYMENT,T2-R16 | T2-R21 | T2-R24,T2-A54 | T2-A64
FP-0363,T2,PFCP Session Establishment Request,PFCP Session Establishment Request.Create FAR.Apply Action.BUFF,RELATIONAL,T2-R16 | T2-R24,T2-A64
FP-0364,T2,PFCP Session Establishment Request,PFCP Session Establishment Request.Create FAR.Apply Action.NOCP,RELATIONAL,T2-R16 | T2-R24,T2-A64
FP-0365,T2,PFCP Session Establishment Request,PFCP Session Establishment Request.Create FAR.Apply Action.DUPL,DEPLOYMENT,T2-R16 | T2-R21 | T2-R24,T2-A55 | T2-A64
FP-0366,T2,PFCP Session Establishment Request,PFCP Session Establishment Request.Create FAR.Apply Action.IPMA,RELATIONAL,T2-R16 | T2-R24,T2-A64
FP-0367,T2,PFCP Session Establishment Request,PFCP Session Establishment Request.Create FAR.Apply Action.IPMD,RELATIONAL,T2-R16 | T2-R24,T2-A64
FP-0368,T2,PFCP Session Establishment Request,PFCP Session Establishment Request.Create FAR.Apply Action.DFRT,DEPLOYMENT,T2-R16 | T2-R21 | T2-R24,T2-A55 | T2-A64
FP-0369,T2,PFCP Session Establishment Request,PFCP Session Establishment Request.Create FAR.Apply Action.EDRT,RELATIONAL,T2-R16 | T2-R24,T2-A64
FP-0370,T2,PFCP Session Establishment Request,PFCP Session Establishment Request.Create FAR.Apply Action.BDPN,RELATIONAL,T2-R16 | T2-R24,T2-A64
FP-0371,T2,PFCP Session Establishment Request,PFCP Session Establishment Request.Create FAR.Apply Action.DDPN,DEPLOYMENT,T2-R16 | T2-R21 | T2-R24,T2-A55 | T2-A64
FP-0372,T2,PFCP Session Establishment Request,PFCP Session Establishment Request.Create FAR.Forwarding Parameters.Destination Interface.interfaceValue,DEPLOYMENT,T2-R06 | T2-R16 | T2-R21 | T2-R24,T2-A56 | T2-A64
FP-0373,T2,PFCP Session Establishment Request,PFCP Session Establishment Request.Create FAR.Forwarding Parameters.Destination Interface.interfaceType,DEPLOYMENT,T2-R06 | T2-R16 | T2-R21 | T2-R24,T2-A56 | T2-A64
FP-0374,T2,PFCP Session Establishment Request,PFCP Session Establishment Request.Create FAR.Forwarding Parameters.Network Instance.length,DEPLOYMENT,T2-R06 | T2-R16 | T2-R21 | T2-R24,T2-A56 | T2-A62 | T2-A64
FP-0375,T2,PFCP Session Establishment Request,PFCP Session Establishment Request.Create FAR.Forwarding Parameters.Network Instance.apnOrDnn,DEPLOYMENT,T2-R06 | T2-R16 | T2-R21 | T2-R24,T2-A56 | T2-A64
FP-0376,T2,PFCP Session Establishment Request,PFCP Session Establishment Request.Create FAR.Forwarding Parameters.Redirect Information,DEPLOYMENT,T2-R06 | T2-R16 | T2-R21 | T2-R24,T2-A56 | T2-A64
FP-0377,T2,PFCP Session Establishment Request,PFCP Session Establishment Request.Create FAR.Forwarding Parameters.Outer Header Creation,RELATIONAL,T2-R16 | T2-R24,T2-A64
FP-0378,T2,PFCP Session Establishment Request,PFCP Session Establishment Request.Create FAR.Forwarding Parameters.Transport Level Marking,RELATIONAL,T2-R16 | T2-R24,T2-A64
FP-0379,T2,PFCP Session Establishment Request,PFCP Session Establishment Request.Create FAR.Forwarding Parameters.Forwarding Policy,DEPLOYMENT,T2-R06 | T2-R16 | T2-R21 | T2-R24,T2-A56 | T2-A64
FP-0380,T2,PFCP Session Establishment Request,PFCP Session Establishment Request.Create FAR.Forwarding Parameters.Header Enrichment,RELATIONAL,T2-R16 | T2-R24,T2-A64
FP-0381,T2,PFCP Session Establishment Request,PFCP Session Establishment Request.Create FAR.Forwarding Parameters.Linked Traffic Endpoint ID,DEPLOYMENT,T2-R06 | T2-R16 | T2-R21 | T2-R24,T2-A56 | T2-A64
FP-0382,T2,PFCP Session Establishment Request,PFCP Session Establishment Request.Create FAR.Forwarding Parameters.Proxying,RELATIONAL,T2-R16 | T2-R24,T2-A64
FP-0383,T2,PFCP Session Establishment Request,PFCP Session Establishment Request.Create FAR.Forwarding Parameters.Destination Interface Type,DEPLOYMENT,T2-R06 | T2-R16 | T2-R21 | T2-R24,T2-A56 | T2-A64
FP-0384,T2,PFCP Session Establishment Request,PFCP Session Establishment Request.Create FAR.Forwarding Parameters.IP Address and Port Number Replacement,RELATIONAL,T2-R16 | T2-R24,T2-A64
FP-0385,T2,PFCP Session Establishment Request,PFCP Session Establishment Request.Create FAR.BAR ID.barId,RELATIONAL,T2-R16 | T2-R24,T2-A64
FP-0386,T2,PFCP Session Establishment Request,PFCP Session Establishment Request.Create URR.URR ID.urrId,DIRECT,T2-R07 | T2-R10 | T2-R16 | T2-R24,T2-A23 | T2-A28 | T2-A64
FP-0387,T2,PFCP Session Establishment Request,PFCP Session Establishment Request.Create URR.Measurement Method.EVENT,DIRECT,T2-R07 | T2-R11 | T2-R16 | T2-R24,T2-A23 | T2-A30 | T2-A64
FP-0388,T2,PFCP Session Establishment Request,PFCP Session Establishment Request.Create URR.Measurement Method.VOLUM,DIRECT,T2-R07 | T2-R11 | T2-R16 | T2-R24,T2-A23 | T2-A29 | T2-A30 | T2-A64
FP-0389,T2,PFCP Session Establishment Request,PFCP Session Establishment Request.Create URR.Measurement Method.DURAT,DIRECT,T2-R07 | T2-R11 | T2-R16 | T2-R24,T2-A23 | T2-A30 | T2-A64
FP-0390,T2,PFCP Session Establishment Request,PFCP Session Establishment Request.Create URR.Reporting Triggers.PERIO,DIRECT,T2-R07 | T2-R12 | T2-R16 | T2-R24,T2-A23 | T2-A31 | T2-A32 | T2-A64
FP-0391,T2,PFCP Session Establishment Request,PFCP Session Establishment Request.Create URR.Reporting Triggers.VOLTH,DIRECT,T2-R07 | T2-R12 | T2-R16 | T2-R24,T2-A23 | T2-A31 | T2-A32 | T2-A64
FP-0392,T2,PFCP Session Establishment Request,PFCP Session Establishment Request.Create URR.Reporting Triggers.TIMTH,DIRECT,T2-R07 | T2-R12 | T2-R16 | T2-R24,T2-A23 | T2-A31 | T2-A32 | T2-A64
FP-0393,T2,PFCP Session Establishment Request,PFCP Session Establishment Request.Create URR.Reporting Triggers.QUHTI,DIRECT,T2-R07 | T2-R12 | T2-R16 | T2-R24,T2-A23 | T2-A31 | T2-A32 | T2-A64
FP-0394,T2,PFCP Session Establishment Request,PFCP Session Establishment Request.Create URR.Reporting Triggers.START,DIRECT,T2-R07 | T2-R12 | T2-R16 | T2-R24,T2-A23 | T2-A31 | T2-A32 | T2-A64
FP-0395,T2,PFCP Session Establishment Request,PFCP Session Establishment Request.Create URR.Reporting Triggers.STOPT,DIRECT,T2-R07 | T2-R12 | T2-R16 | T2-R24,T2-A23 | T2-A31 | T2-A32 | T2-A64
FP-0396,T2,PFCP Session Establishment Request,PFCP Session Establishment Request.Create URR.Reporting Triggers.DROTH,DIRECT,T2-R07 | T2-R12 | T2-R16 | T2-R24,T2-A23 | T2-A31 | T2-A32 | T2-A64
FP-0397,T2,PFCP Session Establishment Request,PFCP Session Establishment Request.Create URR.Reporting Triggers.LIUSA,DIRECT,T2-R07 | T2-R12 | T2-R14 | T2-R16 | T2-R24,T2-A23 | T2-A31 | T2-A32 | T2-A39 | T2-A64
FP-0398,T2,PFCP Session Establishment Request,PFCP Session Establishment Request.Create URR.Reporting Triggers.VOLQU,DIRECT,T2-R07 | T2-R12 | T2-R16 | T2-R24,T2-A23 | T2-A31 | T2-A32 | T2-A64
FP-0399,T2,PFCP Session Establishment Request,PFCP Session Establishment Request.Create URR.Reporting Triggers.TIMQU,DIRECT,T2-R07 | T2-R12 | T2-R16 | T2-R24,T2-A23 | T2-A31 | T2-A32 | T2-A64
FP-0400,T2,PFCP Session Establishment Request,PFCP Session Establishment Request.Create URR.Reporting Triggers.ENVCL,DIRECT,T2-R07 | T2-R12 | T2-R16 | T2-R24,T2-A23 | T2-A31 | T2-A32 | T2-A64
FP-0401,T2,PFCP Session Establishment Request,PFCP Session Establishment Request.Create URR.Reporting Triggers.MACAR,DIRECT,T2-R07 | T2-R12 | T2-R16 | T2-R24,T2-A23 | T2-A31 | T2-A32 | T2-A64
FP-0402,T2,PFCP Session Establishment Request,PFCP Session Establishment Request.Create URR.Reporting Triggers.EVETH,DIRECT,T2-R07 | T2-R12 | T2-R16 | T2-R24,T2-A23 | T2-A31 | T2-A32 | T2-A64
FP-0403,T2,PFCP Session Establishment Request,PFCP Session Establishment Request.Create URR.Reporting Triggers.EVEQU,DIRECT,T2-R07 | T2-R12 | T2-R16 | T2-R24,T2-A23 | T2-A31 | T2-A32 | T2-A64
FP-0404,T2,PFCP Session Establishment Request,PFCP Session Establishment Request.Create URR.Reporting Triggers.TEBUR,DIRECT,T2-R07 | T2-R12 | T2-R16 | T2-R24,T2-A23 | T2-A31 | T2-A32 | T2-A64
FP-0405,T2,PFCP Session Establishment Request,PFCP Session Establishment Request.Create URR.Reporting Triggers.IPMJL,DIRECT,T2-R07 | T2-R12 | T2-R16 | T2-R24,T2-A23 | T2-A31 | T2-A32 | T2-A64
FP-0406,T2,PFCP Session Establishment Request,PFCP Session Establishment Request.Create URR.Reporting Triggers.QUVTI,DIRECT,T2-R07 | T2-R12 | T2-R16 | T2-R24,T2-A23 | T2-A31 | T2-A32 | T2-A64
FP-0407,T2,PFCP Session Establishment Request,PFCP Session Establishment Request.Create URR.Reporting Triggers.EMRRE,DIRECT,T2-R07 | T2-R12 | T2-R16 | T2-R24,T2-A23 | T2-A31 | T2-A32 | T2-A64
FP-0408,T2,PFCP Session Establishment Request,PFCP Session Establishment Request.Create URR.Reporting Triggers.UPINT,DIRECT,T2-R07 | T2-R12 | T2-R16 | T2-R24,T2-A23 | T2-A31 | T2-A32 | T2-A64
FP-0409,T2,PFCP Session Establishment Request,PFCP Session Establishment Request.Create URR.Measurement Period,DIRECT,T2-R07 | T2-R11 | T2-R12 | T2-R13 | T2-R16 | T2-R24,T2-A23 | T2-A35 | T2-A64
FP-0410,T2,PFCP Session Establishment Request,PFCP Session Establishment Request.Create URR.Volume Threshold,DIRECT,T2-R07 | T2-R12 | T2-R13 | T2-R16 | T2-R24,T2-A23 | T2-A33 | T2-A64
FP-0411,T2,PFCP Session Establishment Request,PFCP Session Establishment Request.Create URR.Volume Quota,DIRECT,T2-R07 | T2-R12 | T2-R13 | T2-R15 | T2-R16 | T2-R24,T2-A23 | T2-A34 | T2-A64
FP-0412,T2,PFCP Session Establishment Request,PFCP Session Establishment Request.Create URR.Event Threshold,DIRECT,T2-R07 | T2-R11 | T2-R12 | T2-R13 | T2-R16 | T2-R24,T2-A23 | T2-A36 | T2-A64
FP-0413,T2,PFCP Session Establishment Request,PFCP Session Establishment Request.Create URR.Event Quota,DIRECT,T2-R07 | T2-R11 | T2-R12 | T2-R13 | T2-R16 | T2-R24,T2-A23 | T2-A36 | T2-A64
FP-0414,T2,PFCP Session Establishment Request,PFCP Session Establishment Request.Create URR.Time Threshold,DIRECT,T2-R07 | T2-R11 | T2-R12 | T2-R13 | T2-R16 | T2-R24,T2-A23 | T2-A35 | T2-A64
FP-0415,T2,PFCP Session Establishment Request,PFCP Session Establishment Request.Create URR.Time Quota,DIRECT,T2-R07 | T2-R11 | T2-R12 | T2-R13 | T2-R16 | T2-R24,T2-A23 | T2-A35 | T2-A64
FP-0416,T2,PFCP Session Establishment Request,PFCP Session Establishment Request.Create URR.Quota Holding Time,DIRECT,T2-R07 | T2-R12 | T2-R16 | T2-R24,T2-A23 | T2-A45 | T2-A64
FP-0417,T2,PFCP Session Establishment Request,PFCP Session Establishment Request.Create URR.Dropped DL Traffic Threshold,DIRECT,T2-R07 | T2-R16 | T2-R24,T2-A23 | T2-A64
FP-0418,T2,PFCP Session Establishment Request,PFCP Session Establishment Request.Create URR.Quota Validity Time,DIRECT,T2-R07 | T2-R12 | T2-R16 | T2-R24,T2-A23 | T2-A45 | T2-A64
FP-0419,T2,PFCP Session Establishment Request,PFCP Session Establishment Request.Create URR.Monitoring Time,DIRECT,T2-R07 | T2-R13 | T2-R16 | T2-R24,T2-A23 | T2-A37 | T2-A64
FP-0420,T2,PFCP Session Establishment Request,PFCP Session Establishment Request.Create URR.Subsequent Volume Threshold,DIRECT,T2-R07 | T2-R12 | T2-R13 | T2-R16 | T2-R24,T2-A23 | T2-A33 | T2-A38 | T2-A64
FP-0421,T2,PFCP Session Establishment Request,PFCP Session Establishment Request.Create URR.Subsequent Time Threshold,DIRECT,T2-R07 | T2-R11 | T2-R12 | T2-R13 | T2-R16 | T2-R24,T2-A23 | T2-A35 | T2-A38 | T2-A64
FP-0422,T2,PFCP Session Establishment Request,PFCP Session Establishment Request.Create URR.Subsequent Volume Quota,DIRECT,T2-R07 | T2-R12 | T2-R13 | T2-R15 | T2-R16 | T2-R24,T2-A23 | T2-A34 | T2-A38 | T2-A64
FP-0423,T2,PFCP Session Establishment Request,PFCP Session Establishment Request.Create URR.Subsequent Time Quota,DIRECT,T2-R07 | T2-R11 | T2-R12 | T2-R13 | T2-R16 | T2-R24,T2-A23 | T2-A35 | T2-A38 | T2-A64
FP-0424,T2,PFCP Session Establishment Request,PFCP Session Establishment Request.Create URR.Subsequent Event Threshold,DIRECT,T2-R07 | T2-R11 | T2-R12 | T2-R13 | T2-R16 | T2-R24,T2-A23 | T2-A36 | T2-A38 | T2-A64
FP-0425,T2,PFCP Session Establishment Request,PFCP Session Establishment Request.Create URR.Subsequent Event Quota,DIRECT,T2-R07 | T2-R11 | T2-R12 | T2-R13 | T2-R16 | T2-R24,T2-A23 | T2-A36 | T2-A38 | T2-A64
FP-0426,T2,PFCP Session Establishment Request,PFCP Session Establishment Request.Create URR.Inactivity Detection Time,DIRECT,T2-R07 | T2-R12 | T2-R16 | T2-R24,T2-A23 | T2-A45 | T2-A64
FP-0427,T2,PFCP Session Establishment Request,PFCP Session Establishment Request.Create URR.Linked URR ID,DIRECT,T2-R07 | T2-R14 | T2-R16 | T2-R24,T2-A23 | T2-A39 | T2-A64
FP-0428,T2,PFCP Session Establishment Request,PFCP Session Establishment Request.Create URR.Measurement Information,DIRECT,T2-R07 | T2-R11 | T2-R13 | T2-R16 | T2-R17 | T2-R24,T2-A23 | T2-A44 | T2-A64
FP-0429,T2,PFCP Session Establishment Request,PFCP Session Establishment Request.Create URR.FAR ID for Quota Action.farId,DIRECT,T2-R07 | T2-R15 | T2-R16 | T2-R21 | T2-R24,T2-A23 | T2-A40 | T2-A64
FP-0430,T2,PFCP Session Establishment Request,PFCP Session Establishment Request.Create URR.Ethernet Inactivity Timer,DIRECT,T2-R07 | T2-R12 | T2-R16 | T2-R24,T2-A23 | T2-A45 | T2-A64
FP-0431,T2,PFCP Session Establishment Request,PFCP Session Establishment Request.Create URR.Additional Monitoring Time.Monitoring Time,DIRECT,T2-R07 | T2-R13 | T2-R16 | T2-R24,T2-A23 | T2-A37 | T2-A38 | T2-A64
FP-0432,T2,PFCP Session Establishment Request,PFCP Session Establishment Request.Create URR.Additional Monitoring Time.Subsequent Volume Threshold,DIRECT,T2-R07 | T2-R13 | T2-R16 | T2-R24,T2-A23 | T2-A37 | T2-A38 | T2-A64
FP-0433,T2,PFCP Session Establishment Request,PFCP Session Establishment Request.Create URR.Additional Monitoring Time.Subsequent Time Threshold,DIRECT,T2-R07 | T2-R13 | T2-R16 | T2-R24,T2-A23 | T2-A37 | T2-A38 | T2-A64
FP-0434,T2,PFCP Session Establishment Request,PFCP Session Establishment Request.Create URR.Additional Monitoring Time.Subsequent Volume Quota,DIRECT,T2-R07 | T2-R13 | T2-R16 | T2-R24,T2-A23 | T2-A37 | T2-A38 | T2-A64
FP-0435,T2,PFCP Session Establishment Request,PFCP Session Establishment Request.Create URR.Additional Monitoring Time.Subsequent Time Quota,DIRECT,T2-R07 | T2-R13 | T2-R16 | T2-R24,T2-A23 | T2-A37 | T2-A38 | T2-A64
FP-0436,T2,PFCP Session Establishment Request,PFCP Session Establishment Request.Create URR.Additional Monitoring Time.Subsequent Event Threshold,DIRECT,T2-R07 | T2-R13 | T2-R16 | T2-R24,T2-A23 | T2-A37 | T2-A38 | T2-A64
FP-0437,T2,PFCP Session Establishment Request,PFCP Session Establishment Request.Create URR.Additional Monitoring Time.Subsequent Event Quota,DIRECT,T2-R07 | T2-R13 | T2-R16 | T2-R24,T2-A23 | T2-A37 | T2-A38 | T2-A64
FP-0438,T2,PFCP Session Establishment Request,PFCP Session Establishment Request.Create URR.Number of Reports,DIRECT,T2-R07 | T2-R12 | T2-R16 | T2-R24,T2-A23 | T2-A43 | T2-A64
FP-0439,T2,PFCP Session Establishment Request,PFCP Session Establishment Request.Create URR.Exempted Application ID for Quota Action,DIRECT,T2-R07 | T2-R15 | T2-R16 | T2-R24,T2-A23 | T2-A42 | T2-A64
FP-0440,T2,PFCP Session Establishment Request,PFCP Session Establishment Request.Create URR.Exempted SDF Filter for Quota Action.BID,DIRECT,T2-R07 | T2-R15 | T2-R16 | T2-R24,T2-A23 | T2-A41 | T2-A62 | T2-A64
FP-0441,T2,PFCP Session Establishment Request,PFCP Session Establishment Request.Create URR.Exempted SDF Filter for Quota Action.FL,DIRECT,T2-R07 | T2-R15 | T2-R16 | T2-R24,T2-A23 | T2-A41 | T2-A62 | T2-A64
FP-0442,T2,PFCP Session Establishment Request,PFCP Session Establishment Request.Create URR.Exempted SDF Filter for Quota Action.SPI,DIRECT,T2-R07 | T2-R15 | T2-R16 | T2-R24,T2-A23 | T2-A41 | T2-A62 | T2-A64
FP-0443,T2,PFCP Session Establishment Request,PFCP Session Establishment Request.Create URR.Exempted SDF Filter for Quota Action.TTC,DIRECT,T2-R07 | T2-R15 | T2-R16 | T2-R24,T2-A23 | T2-A41 | T2-A62 | T2-A64
FP-0444,T2,PFCP Session Establishment Request,PFCP Session Establishment Request.Create URR.Exempted SDF Filter for Quota Action.FD,DIRECT,T2-R07 | T2-R15 | T2-R16 | T2-R24,T2-A23 | T2-A41 | T2-A62 | T2-A64
FP-0445,T2,PFCP Session Establishment Request,PFCP Session Establishment Request.Create URR.Exempted SDF Filter for Quota Action.flowDescriptionLength,DIRECT,T2-R07 | T2-R15 | T2-R16 | T2-R24,T2-A23 | T2-A41 | T2-A64
FP-0446,T2,PFCP Session Establishment Request,PFCP Session Establishment Request.Create URR.Exempted SDF Filter for Quota Action.flowDescription,DIRECT,T2-R07 | T2-R15 | T2-R16 | T2-R24,T2-A23 | T2-A41 | T2-A64
FP-0447,T2,PFCP Session Establishment Request,PFCP Session Establishment Request.Create URR.Exempted SDF Filter for Quota Action.tosTrafficClass,DIRECT,T2-R07 | T2-R15 | T2-R16 | T2-R24,T2-A23 | T2-A41 | T2-A64
FP-0448,T2,PFCP Session Establishment Request,PFCP Session Establishment Request.Create URR.Exempted SDF Filter for Quota Action.securityParameterIndex,DIRECT,T2-R07 | T2-R15 | T2-R16 | T2-R24,T2-A23 | T2-A41 | T2-A64
FP-0449,T2,PFCP Session Establishment Request,PFCP Session Establishment Request.Create URR.Exempted SDF Filter for Quota Action.flowLabel,DIRECT,T2-R07 | T2-R15 | T2-R16 | T2-R24,T2-A23 | T2-A41 | T2-A64
FP-0450,T2,PFCP Session Establishment Request,PFCP Session Establishment Request.Create URR.Exempted SDF Filter for Quota Action.sdfFilterId,DIRECT,T2-R07 | T2-R15 | T2-R16 | T2-R24,T2-A23 | T2-A41 | T2-A64
FP-0451,T2,PFCP Session Establishment Request,PFCP Session Establishment Request.Create URR.User Plane Inactivity Timer,DIRECT,T2-R07 | T2-R12 | T2-R16 | T2-R24,T2-A23 | T2-A45 | T2-A64
FP-0452,T2,PFCP Session Establishment Request,PFCP Session Establishment Request.Create QER.QER ID.qerId,RELATIONAL,T2-R16 | T2-R24,T2-A64
FP-0453,T2,PFCP Session Establishment Request,PFCP Session Establishment Request.Create QER.QER Correlation ID,DEPLOYMENT,T2-R08 | T2-R16 | T2-R22 | T2-R24,T2-A58 | T2-A64
FP-0454,T2,PFCP Session Establishment Request,PFCP Session Establishment Request.Create QER.Gate Status,RELATIONAL,T2-R16 | T2-R24,T2-A64
FP-0455,T2,PFCP Session Establishment Request,PFCP Session Establishment Request.Create QER.Maximum Bitrate,DEPLOYMENT,T2-R08 | T2-R16 | T2-R22 | T2-R24,T2-A58 | T2-A64
FP-0456,T2,PFCP Session Establishment Request,PFCP Session Establishment Request.Create QER.Guaranteed Bitrate,DEPLOYMENT,T2-R08 | T2-R16 | T2-R22 | T2-R24,T2-A58 | T2-A64
FP-0457,T2,PFCP Session Establishment Request,PFCP Session Establishment Request.Create QER.Packet Rate,DEPLOYMENT,T2-R08 | T2-R16 | T2-R22 | T2-R24,T2-A58 | T2-A64
FP-0458,T2,PFCP Session Establishment Request,PFCP Session Establishment Request.Create QER.Packet Rate Status,RELATIONAL,T2-R16 | T2-R24,T2-A64
FP-0459,T2,PFCP Session Establishment Request,PFCP Session Establishment Request.Create QER.QoS flow identifier,DEPLOYMENT,T2-R08 | T2-R16 | T2-R22 | T2-R24,T2-A26 | T2-A58 | T2-A64
FP-0460,T2,PFCP Session Establishment Request,PFCP Session Establishment Request.Create QER.Reflective QoS,DEPLOYMENT,T2-R08 | T2-R16 | T2-R22 | T2-R24,T2-A58 | T2-A64
FP-0461,T2,PFCP Session Establishment Request,PFCP Session Establishment Request.Create QER.Paging Policy Indicator,DEPLOYMENT,T2-R08 | T2-R16 | T2-R22 | T2-R24,T2-A58 | T2-A64
FP-0462,T2,PFCP Session Establishment Request,PFCP Session Establishment Request.Create QER.Averaging Window,DEPLOYMENT,T2-R08 | T2-R16 | T2-R22 | T2-R24,T2-A58 | T2-A64
FP-0463,T2,PFCP Session Establishment Request,PFCP Session Establishment Request.Create QER.QER Control Indications,RELATIONAL,T2-R16 | T2-R24,T2-A64
FP-0468,T2,PFCP Session Establishment Request,PFCP Session Establishment Request.Create Traffic Endpoint.Traffic Endpoint ID,DIRECT,T2-R09 | T2-R19,T2-A59
FP-0469,T2,PFCP Session Establishment Request,PFCP Session Establishment Request.Create Traffic Endpoint.Local F-TEID.CHID,DIRECT,T2-R09 | T2-R16 | T2-R19,T2-A59 | T2-A62
FP-0470,T2,PFCP Session Establishment Request,PFCP Session Establishment Request.Create Traffic Endpoint.Local F-TEID.CH,DIRECT,T2-R09 | T2-R16 | T2-R19,T2-A59 | T2-A62
FP-0471,T2,PFCP Session Establishment Request,PFCP Session Establishment Request.Create Traffic Endpoint.Local F-TEID.V6,DIRECT,T2-R09 | T2-R16 | T2-R19,T2-A59 | T2-A62
FP-0472,T2,PFCP Session Establishment Request,PFCP Session Establishment Request.Create Traffic Endpoint.Local F-TEID.V4,DIRECT,T2-R09 | T2-R16 | T2-R19,T2-A59 | T2-A62
FP-0473,T2,PFCP Session Establishment Request,PFCP Session Establishment Request.Create Traffic Endpoint.Local F-TEID.TEID,DIRECT,T2-R09 | T2-R19,T2-A59
FP-0474,T2,PFCP Session Establishment Request,PFCP Session Establishment Request.Create Traffic Endpoint.Local F-TEID.ipv4Address,DIRECT,T2-R09 | T2-R19,T2-A59
FP-0475,T2,PFCP Session Establishment Request,PFCP Session Establishment Request.Create Traffic Endpoint.Local F-TEID.ipv6Address,DIRECT,T2-R09 | T2-R19,T2-A59
FP-0476,T2,PFCP Session Establishment Request,PFCP Session Establishment Request.Create Traffic Endpoint.Local F-TEID.chooseId,DIRECT,T2-R09 | T2-R19,T2-A59
FP-0477,T2,PFCP Session Establishment Request,PFCP Session Establishment Request.Create Traffic Endpoint.Network Instance.length,DIRECT,T2-R09 | T2-R16 | T2-R19,T2-A59 | T2-A62
FP-0478,T2,PFCP Session Establishment Request,PFCP Session Establishment Request.Create Traffic Endpoint.Network Instance.apnOrDnn,DIRECT,T2-R09 | T2-R19,T2-A59
FP-0479,T2,PFCP Session Establishment Request,PFCP Session Establishment Request.Create Traffic Endpoint.Redundant Transmission Detection Parameters.Local F-TEID for Redundant Transmission.CHID,DEPLOYMENT,T2-R05 | T2-R09 | T2-R16 | T2-R21,T2-A60 | T2-A62
FP-0480,T2,PFCP Session Establishment Request,PFCP Session Establishment Request.Create Traffic Endpoint.Redundant Transmission Detection Parameters.Local F-TEID for Redundant Transmission.CH,DEPLOYMENT,T2-R05 | T2-R09 | T2-R16 | T2-R21,T2-A60 | T2-A62
FP-0481,T2,PFCP Session Establishment Request,PFCP Session Establishment Request.Create Traffic Endpoint.Redundant Transmission Detection Parameters.Local F-TEID for Redundant Transmission.V6,DEPLOYMENT,T2-R05 | T2-R09 | T2-R16 | T2-R21,T2-A60 | T2-A62
FP-0482,T2,PFCP Session Establishment Request,PFCP Session Establishment Request.Create Traffic Endpoint.Redundant Transmission Detection Parameters.Local F-TEID for Redundant Transmission.V4,DEPLOYMENT,T2-R05 | T2-R09 | T2-R16 | T2-R21,T2-A60 | T2-A62
FP-0483,T2,PFCP Session Establishment Request,PFCP Session Establishment Request.Create Traffic Endpoint.Redundant Transmission Detection Parameters.Local F-TEID for Redundant Transmission.TEID,DEPLOYMENT,T2-R05 | T2-R09 | T2-R21,T2-A60
FP-0484,T2,PFCP Session Establishment Request,PFCP Session Establishment Request.Create Traffic Endpoint.Redundant Transmission Detection Parameters.Local F-TEID for Redundant Transmission.ipv4Address,DEPLOYMENT,T2-R05 | T2-R09 | T2-R21,T2-A60
FP-0485,T2,PFCP Session Establishment Request,PFCP Session Establishment Request.Create Traffic Endpoint.Redundant Transmission Detection Parameters.Local F-TEID for Redundant Transmission.ipv6Address,DEPLOYMENT,T2-R05 | T2-R09 | T2-R21,T2-A60
FP-0486,T2,PFCP Session Establishment Request,PFCP Session Establishment Request.Create Traffic Endpoint.Redundant Transmission Detection Parameters.Local F-TEID for Redundant Transmission.chooseId,DEPLOYMENT,T2-R05 | T2-R09 | T2-R21,T2-A60
FP-0487,T2,PFCP Session Establishment Request,PFCP Session Establishment Request.Create Traffic Endpoint.Redundant Transmission Detection Parameters.Network Instance for Redundant Transmission.length,DEPLOYMENT,T2-R05 | T2-R09 | T2-R16 | T2-R21,T2-A60 | T2-A62
FP-0488,T2,PFCP Session Establishment Request,PFCP Session Establishment Request.Create Traffic Endpoint.Redundant Transmission Detection Parameters.Network Instance for Redundant Transmission.apnOrDnn,DEPLOYMENT,T2-R05 | T2-R09 | T2-R21,T2-A60
FP-0489,T2,PFCP Session Establishment Request,PFCP Session Establishment Request.Create Traffic Endpoint.UE IP address.CHV6,DIRECT,T2-R09 | T2-R19,T2-A59
FP-0490,T2,PFCP Session Establishment Request,PFCP Session Establishment Request.Create Traffic Endpoint.UE IP address.IPV6D,DIRECT,T2-R09 | T2-R19,T2-A59
FP-0491,T2,PFCP Session Establishment Request,PFCP Session Establishment Request.Create Traffic Endpoint.UE IP address.SD,DIRECT,T2-R09 | T2-R19,T2-A59
FP-0492,T2,PFCP Session Establishment Request,PFCP Session Establishment Request.Create Traffic Endpoint.UE IP address.V4,DIRECT,T2-R09 | T2-R16 | T2-R19,T2-A59 | T2-A62
FP-0493,T2,PFCP Session Establishment Request,PFCP Session Establishment Request.Create Traffic Endpoint.UE IP address.V6,DIRECT,T2-R09 | T2-R16 | T2-R19,T2-A59 | T2-A62
FP-0494,T2,PFCP Session Establishment Request,PFCP Session Establishment Request.Create Traffic Endpoint.UE IP address.ipv4Address,DIRECT,T2-R09 | T2-R19,T2-A59
FP-0495,T2,PFCP Session Establishment Request,PFCP Session Establishment Request.Create Traffic Endpoint.UE IP address.ipv6Address,DIRECT,T2-R09 | T2-R19,T2-A59
FP-0496,T2,PFCP Session Establishment Request,PFCP Session Establishment Request.Create Traffic Endpoint.UE IP address.ipv6PrefixDelegationBits,DIRECT,T2-R09 | T2-R19,T2-A59
FP-0497,T2,PFCP Session Establishment Request,PFCP Session Establishment Request.Create Traffic Endpoint.UE IP address.ipv6PrefixLength,DIRECT,T2-R09 | T2-R19,T2-A59
FP-0502,T2,PFCP Session Establishment Request,PFCP Session Establishment Request.Create Traffic Endpoint.QFI,DIRECT,T2-R09 | T2-R19,T2-A59
FP-0504,T2,PFCP Session Establishment Request,PFCP Session Establishment Request.Create Traffic Endpoint.MBS Session Identifier,DEPLOYMENT,T2-R09 | T2-R19,T2-A61
FP-0505,T2,PFCP Session Establishment Request,PFCP Session Establishment Request.Create Traffic Endpoint.Area Session ID,DEPLOYMENT,T2-R09 | T2-R19,T2-A61
FP-0506,T2,PFCP Session Establishment Request,PFCP Session Establishment Request.Create Traffic Endpoint.RAT Type,DEPLOYMENT,T2-R19,T2-A53
FP-0507,T2,PFCP Session Establishment Request,PFCP Session Establishment Request.PDN Type.pdnType,DEPLOYMENT,T2-R19,T2-A53
FP-0508,T2,PFCP Session Establishment Request,PFCP Session Establishment Request.PGW-C/SMF FQ- CSID,DIRECT,T2-R03,T2-A03
FP-0509,T2,PFCP Session Establishment Request,PFCP Session Establishment Request.User Plane Inactivity Timer,DEPLOYMENT,T2-R23 | T3-R19,T2-A65
FP-0510,T2,PFCP Session Establishment Request,PFCP Session Establishment Request.User ID,DEPLOYMENT,T2-R19,T2-A52
FP-0512,T2,PFCP Session Establishment Request,PFCP Session Establishment Request.APN/DNN.apnOrDnn,DEPLOYMENT,T2-R19,T2-A53
FP-0513,T2,PFCP Session Establishment Request,PFCP Session Establishment Request.Create MAR.MAR ID.marId,DEPLOYMENT,T2-R09 | T2-R19,T2-A27
FP-0514,T2,PFCP Session Establishment Request,PFCP Session Establishment Request.Create MAR.Steering Functionality,DEPLOYMENT,T2-R09 | T2-R19,T2-A27
FP-0515,T2,PFCP Session Establishment Request,PFCP Session Establishment Request.Create MAR.Steering Mode,DEPLOYMENT,T2-R09 | T2-R19,T2-A27
FP-0516,T2,PFCP Session Establishment Request,PFCP Session Establishment Request.Create MAR.3GPP Access Forwarding Action Information.FAR ID.farId,DEPLOYMENT,T2-R09 | T2-R19,T2-A27
FP-0517,T2,PFCP Session Establishment Request,PFCP Session Establishment Request.Create MAR.3GPP Access Forwarding Action Information.Weight,DEPLOYMENT,T2-R09 | T2-R19,T2-A27
FP-0518,T2,PFCP Session Establishment Request,PFCP Session Establishment Request.Create MAR.3GPP Access Forwarding Action Information.Priority,DEPLOYMENT,T2-R09 | T2-R19,T2-A27
FP-0519,T2,PFCP Session Establishment Request,PFCP Session Establishment Request.Create MAR.3GPP Access Forwarding Action Information.URR ID.urrId,DEPLOYMENT,T2-R09 | T2-R19,T2-A27
FP-0520,T2,PFCP Session Establishment Request,PFCP Session Establishment Request.Create MAR.3GPP Access Forwarding Action Information.RAT Type,DEPLOYMENT,T2-R09 | T2-R19,T2-A27
FP-0521,T2,PFCP Session Establishment Request,PFCP Session Establishment Request.Create MAR.Non-3GPP Access Forwarding Action Information.FAR ID.farId,DEPLOYMENT,T2-R09 | T2-R19,T2-A27
FP-0522,T2,PFCP Session Establishment Request,PFCP Session Establishment Request.Create MAR.Non-3GPP Access Forwarding Action Information.Weight,DEPLOYMENT,T2-R09 | T2-R19,T2-A27
FP-0523,T2,PFCP Session Establishment Request,PFCP Session Establishment Request.Create MAR.Non-3GPP Access Forwarding Action Information.Priority,DEPLOYMENT,T2-R09 | T2-R19,T2-A27
FP-0524,T2,PFCP Session Establishment Request,PFCP Session Establishment Request.Create MAR.Non-3GPP Access Forwarding Action Information.URR ID.urrId,DEPLOYMENT,T2-R09 | T2-R19,T2-A27
FP-0525,T2,PFCP Session Establishment Request,PFCP Session Establishment Request.Create MAR.Non-3GPP Access Forwarding Action Information.RAT Type,DEPLOYMENT,T2-R09 | T2-R19,T2-A27
FP-0526,T2,PFCP Session Establishment Request,PFCP Session Establishment Request.Create MAR.Threshold Values,DEPLOYMENT,T2-R09 | T2-R19,T2-A27
FP-0527,T2,PFCP Session Establishment Request,PFCP Session Establishment Request.Create MAR.Steering Mode Indicator,DEPLOYMENT,T2-R09 | T2-R19,T2-A27
FP-0528,T2,PFCP Session Establishment Request,PFCP Session Establishment Request.PFCPSEReq- Flags.RESTI,DIRECT,T2-R20,T2-A04
FP-0529,T2,PFCP Session Establishment Request,PFCP Session Establishment Request.PFCPSEReq- Flags.SUMPC,DIRECT,T2-R17,T2-A46
FP-0545,T2,PFCP Session Establishment Request,PFCP Session Establishment Request.Recovery Time Stamp,DIRECT,T2-R20,T2-A04
FP-0546,T2,PFCP Session Establishment Request,PFCP Session Establishment Request.S-NSSAI.sst,DEPLOYMENT,T2-R19,T2-A51
FP-0547,T2,PFCP Session Establishment Request,PFCP Session Establishment Request.S-NSSAI.sd,DEPLOYMENT,T2-R19,T2-A51
FP-0549,T2,PFCP Session Establishment Request,PFCP Session Establishment Request.RAT Type,DEPLOYMENT,T2-R19,T2-A53
FP-0559,T2,PFCP Session Establishment Request,PFCP Session Establishment Request.MBS Session N4 Control Information.MBS Session Identifier,DEPLOYMENT,T2-R09 | T2-R19,T2-A61
FP-0560,T2,PFCP Session Establishment Request,PFCP Session Establishment Request.MBS Session N4 Control Information.Area Session ID,DEPLOYMENT,T2-R09 | T2-R19,T2-A61
FP-0561,T2,PFCP Session Establishment Request,PFCP Session Establishment Request.MBS Session N4 Control Information.Multicast Transport Information,DEPLOYMENT,T2-R09 | T2-R19,T2-A61
FP-0566,T2,PFCP Session Modification Request,PFCP Session Modification Request.PFCP Header.FO,DIRECT,T2-R02 | T2-R16,T2-A02
FP-0570,T2,PFCP Session Modification Request,PFCP Session Modification Request.PFCP Header.messageLength,RELATIONAL,T2-R16,T2-A62
FP-0571,T2,PFCP Session Modification Request,PFCP Session Modification Request.PFCP Header.seid,DIRECT,T2-R01,T2-A01
FP-0572,T2,PFCP Session Modification Request,PFCP Session Modification Request.PFCP Header.sequenceNumber,DIRECT,T2-R02 | T2-R16,T2-A02
FP-0575,T2,PFCP Session Modification Request,PFCP Session Modification Request.CP F-SEID.V4,DIRECT,T2-R03 | T2-R16,T2-A03 | T2-A62
FP-0576,T2,PFCP Session Modification Request,PFCP Session Modification Request.CP F-SEID.V6,DIRECT,T2-R03 | T2-R16,T2-A03 | T2-A62
FP-0577,T2,PFCP Session Modification Request,PFCP Session Modification Request.CP F-SEID.SEID,DIRECT,T2-R03,T2-A03
FP-0578,T2,PFCP Session Modification Request,PFCP Session Modification Request.CP F-SEID.ipv4Address,DIRECT,T2-R03,T2-A03
FP-0579,T2,PFCP Session Modification Request,PFCP Session Modification Request.CP F-SEID.ipv6Address,DIRECT,T2-R03,T2-A03
FP-0580,T2,PFCP Session Modification Request,PFCP Session Modification Request.Remove PDR.PDR ID.pdrId,DIRECT,T2-R04 | T2-R05 | T2-R16,T2-A05 | T2-A49 | T2-A50
FP-0581,T2,PFCP Session Modification Request,PFCP Session Modification Request.Remove FAR.FAR ID.farId,RELATIONAL,T2-R06 | T2-R16,T2-A49 | T2-A57
FP-0582,T2,PFCP Session Modification Request,PFCP Session Modification Request.Remove URR.URR ID.urrId,DIRECT,T2-R07 | T2-R10 | T2-R16,T2-A24 | T2-A28 | T2-A49
FP-0583,T2,PFCP Session Modification Request,PFCP Session Modification Request.Remove QER.QER ID.qerId,RELATIONAL,T2-R16,T2-A49
FP-0584,T2,PFCP Session Modification Request,PFCP Session Modification Request.Remove BAR.BAR ID.barId,RELATIONAL,T2-R16,T2-A49
FP-0585,T2,PFCP Session Modification Request,PFCP Session Modification Request.Remove Traffic Endpoint.Traffic Endpoint ID,DEPLOYMENT,T2-R09 | T2-R16,T2-A49 | T2-A63
FP-0586,T2,PFCP Session Modification Request,PFCP Session Modification Request.Create PDR.PDR ID.pdrId,DIRECT,T2-R04 | T2-R05 | T2-R16 | T2-R24,T2-A05 | T2-A06 | T2-A64
FP-0587,T2,PFCP Session Modification Request,PFCP Session Modification Request.Create PDR.Precedence.precedence,DIRECT,T2-R05 | T2-R16 | T2-R24,T2-A06 | T2-A17 | T2-A64
FP-0588,T2,PFCP Session Modification Request,PFCP Session Modification Request.Create PDR.PDI.Source Interface.interfaceValue,DIRECT,T2-R05 | T2-R16 | T2-R24,T2-A06 | T2-A10 | T2-A64
FP-0589,T2,PFCP Session Modification Request,PFCP Session Modification Request.Create PDR.PDI.Source Interface.interfaceType,DIRECT,T2-R05 | T2-R16 | T2-R24,T2-A06 | T2-A10 | T2-A64
FP-0590,T2,PFCP Session Modification Request,PFCP Session Modification Request.Create PDR.PDI.Local F-TEID.CHID,DIRECT,T2-R05 | T2-R09 | T2-R16 | T2-R24,T2-A06 | T2-A15 | T2-A62 | T2-A64
FP-0591,T2,PFCP Session Modification Request,PFCP Session Modification Request.Create PDR.PDI.Local F-TEID.CH,DIRECT,T2-R05 | T2-R09 | T2-R16 | T2-R24,T2-A06 | T2-A15 | T2-A62 | T2-A64
FP-0592,T2,PFCP Session Modification Request,PFCP Session Modification Request.Create PDR.PDI.Local F-TEID.V6,DIRECT,T2-R05 | T2-R09 | T2-R16 | T2-R24,T2-A06 | T2-A15 | T2-A62 | T2-A64
FP-0593,T2,PFCP Session Modification Request,PFCP Session Modification Request.Create PDR.PDI.Local F-TEID.V4,DIRECT,T2-R05 | T2-R09 | T2-R16 | T2-R24,T2-A06 | T2-A15 | T2-A62 | T2-A64
FP-0594,T2,PFCP Session Modification Request,PFCP Session Modification Request.Create PDR.PDI.Local F-TEID.TEID,DIRECT,T2-R05 | T2-R09 | T2-R16 | T2-R24,T2-A06 | T2-A15 | T2-A64
FP-0595,T2,PFCP Session Modification Request,PFCP Session Modification Request.Create PDR.PDI.Local F-TEID.ipv4Address,DIRECT,T2-R05 | T2-R09 | T2-R16 | T2-R24,T2-A06 | T2-A15 | T2-A64
FP-0596,T2,PFCP Session Modification Request,PFCP Session Modification Request.Create PDR.PDI.Local F-TEID.ipv6Address,DIRECT,T2-R05 | T2-R09 | T2-R16 | T2-R24,T2-A06 | T2-A15 | T2-A64
FP-0597,T2,PFCP Session Modification Request,PFCP Session Modification Request.Create PDR.PDI.Local F-TEID.chooseId,DIRECT,T2-R05 | T2-R09 | T2-R16 | T2-R24,T2-A06 | T2-A15 | T2-A64
FP-0598,T2,PFCP Session Modification Request,PFCP Session Modification Request.Create PDR.PDI.Network Instance.length,DIRECT,T2-R05 | T2-R16 | T2-R19 | T2-R24,T2-A06 | T2-A11 | T2-A62 | T2-A64
FP-0599,T2,PFCP Session Modification Request,PFCP Session Modification Request.Create PDR.PDI.Network Instance.apnOrDnn,DIRECT,T2-R05 | T2-R16 | T2-R19 | T2-R24,T2-A06 | T2-A11 | T2-A64
FP-0600,T2,PFCP Session Modification Request,PFCP Session Modification Request.Create PDR.PDI.Redundant Transmission Detection Parameters.Local F-TEID for Redundant Transmission.CHID,DIRECT,T2-R05 | T2-R09 | T2-R16 | T2-R24,T2-A06 | T2-A15 | T2-A62 | T2-A64
FP-0601,T2,PFCP Session Modification Request,PFCP Session Modification Request.Create PDR.PDI.Redundant Transmission Detection Parameters.Local F-TEID for Redundant Transmission.CH,DIRECT,T2-R05 | T2-R09 | T2-R16 | T2-R24,T2-A06 | T2-A15 | T2-A62 | T2-A64
FP-0602,T2,PFCP Session Modification Request,PFCP Session Modification Request.Create PDR.PDI.Redundant Transmission Detection Parameters.Local F-TEID for Redundant Transmission.V6,DIRECT,T2-R05 | T2-R09 | T2-R16 | T2-R24,T2-A06 | T2-A15 | T2-A62 | T2-A64
FP-0603,T2,PFCP Session Modification Request,PFCP Session Modification Request.Create PDR.PDI.Redundant Transmission Detection Parameters.Local F-TEID for Redundant Transmission.V4,DIRECT,T2-R05 | T2-R09 | T2-R16 | T2-R24,T2-A06 | T2-A15 | T2-A62 | T2-A64
FP-0604,T2,PFCP Session Modification Request,PFCP Session Modification Request.Create PDR.PDI.Redundant Transmission Detection Parameters.Local F-TEID for Redundant Transmission.TEID,DIRECT,T2-R05 | T2-R09 | T2-R16 | T2-R24,T2-A06 | T2-A15 | T2-A64
FP-0605,T2,PFCP Session Modification Request,PFCP Session Modification Request.Create PDR.PDI.Redundant Transmission Detection Parameters.Local F-TEID for Redundant Transmission.ipv4Address,DIRECT,T2-R05 | T2-R09 | T2-R16 | T2-R24,T2-A06 | T2-A15 | T2-A64
FP-0606,T2,PFCP Session Modification Request,PFCP Session Modification Request.Create PDR.PDI.Redundant Transmission Detection Parameters.Local F-TEID for Redundant Transmission.ipv6Address,DIRECT,T2-R05 | T2-R09 | T2-R16 | T2-R24,T2-A06 | T2-A15 | T2-A64
FP-0607,T2,PFCP Session Modification Request,PFCP Session Modification Request.Create PDR.PDI.Redundant Transmission Detection Parameters.Local F-TEID for Redundant Transmission.chooseId,DIRECT,T2-R05 | T2-R09 | T2-R16 | T2-R24,T2-A06 | T2-A15 | T2-A64
FP-0608,T2,PFCP Session Modification Request,PFCP Session Modification Request.Create PDR.PDI.Redundant Transmission Detection Parameters.Network Instance for Redundant Transmission.length,DIRECT,T2-R05 | T2-R09 | T2-R16 | T2-R24,T2-A06 | T2-A15 | T2-A62 | T2-A64
FP-0609,T2,PFCP Session Modification Request,PFCP Session Modification Request.Create PDR.PDI.Redundant Transmission Detection Parameters.Network Instance for Redundant Transmission.apnOrDnn,DIRECT,T2-R05 | T2-R09 | T2-R16 | T2-R24,T2-A06 | T2-A15 | T2-A64
FP-0610,T2,PFCP Session Modification Request,PFCP Session Modification Request.Create PDR.PDI.UE IP address.CHV6,DIRECT,T2-R05 | T2-R16 | T2-R19 | T2-R24,T2-A06 | T2-A09 | T2-A64
FP-0611,T2,PFCP Session Modification Request,PFCP Session Modification Request.Create PDR.PDI.UE IP address.IPV6D,DIRECT,T2-R05 | T2-R16 | T2-R19 | T2-R24,T2-A06 | T2-A09 | T2-A64
FP-0612,T2,PFCP Session Modification Request,PFCP Session Modification Request.Create PDR.PDI.UE IP address.SD,DIRECT,T2-R05 | T2-R16 | T2-R19 | T2-R24,T2-A06 | T2-A09 | T2-A64
FP-0613,T2,PFCP Session Modification Request,PFCP Session Modification Request.Create PDR.PDI.UE IP address.V4,DIRECT,T2-R05 | T2-R16 | T2-R19 | T2-R24,T2-A06 | T2-A09 | T2-A62 | T2-A64
FP-0614,T2,PFCP Session Modification Request,PFCP Session Modification Request.Create PDR.PDI.UE IP address.V6,DIRECT,T2-R05 | T2-R16 | T2-R19 | T2-R24,T2-A06 | T2-A09 | T2-A62 | T2-A64
FP-0615,T2,PFCP Session Modification Request,PFCP Session Modification Request.Create PDR.PDI.UE IP address.ipv4Address,DIRECT,T2-R05 | T2-R16 | T2-R19 | T2-R24,T2-A06 | T2-A09 | T2-A64
FP-0616,T2,PFCP Session Modification Request,PFCP Session Modification Request.Create PDR.PDI.UE IP address.ipv6Address,DIRECT,T2-R05 | T2-R16 | T2-R19 | T2-R24,T2-A06 | T2-A09 | T2-A64
FP-0617,T2,PFCP Session Modification Request,PFCP Session Modification Request.Create PDR.PDI.UE IP address.ipv6PrefixDelegationBits,DIRECT,T2-R05 | T2-R16 | T2-R19 | T2-R24,T2-A06 | T2-A09 | T2-A64
FP-0618,T2,PFCP Session Modification Request,PFCP Session Modification Request.Create PDR.PDI.UE IP address.ipv6PrefixLength,DIRECT,T2-R05 | T2-R16 | T2-R19 | T2-R24,T2-A06 | T2-A09 | T2-A64
FP-0619,T2,PFCP Session Modification Request,PFCP Session Modification Request.Create PDR.PDI.Traffic Endpoint ID,DIRECT,T2-R05 | T2-R09 | T2-R16 | T2-R24,T2-A06 | T2-A15 | T2-A64
FP-0620,T2,PFCP Session Modification Request,PFCP Session Modification Request.Create PDR.PDI.SDF Filter.BID,DIRECT,T2-R05 | T2-R16 | T2-R24,T2-A06 | T2-A08 | T2-A62 | T2-A64
FP-0621,T2,PFCP Session Modification Request,PFCP Session Modification Request.Create PDR.PDI.SDF Filter.FL,DIRECT,T2-R05 | T2-R16 | T2-R24,T2-A06 | T2-A08 | T2-A62 | T2-A64
FP-0622,T2,PFCP Session Modification Request,PFCP Session Modification Request.Create PDR.PDI.SDF Filter.SPI,DIRECT,T2-R05 | T2-R16 | T2-R24,T2-A06 | T2-A08 | T2-A62 | T2-A64
FP-0623,T2,PFCP Session Modification Request,PFCP Session Modification Request.Create PDR.PDI.SDF Filter.TTC,DIRECT,T2-R05 | T2-R16 | T2-R24,T2-A06 | T2-A08 | T2-A62 | T2-A64
FP-0624,T2,PFCP Session Modification Request,PFCP Session Modification Request.Create PDR.PDI.SDF Filter.FD,DIRECT,T2-R05 | T2-R16 | T2-R24,T2-A06 | T2-A08 | T2-A62 | T2-A64
FP-0625,T2,PFCP Session Modification Request,PFCP Session Modification Request.Create PDR.PDI.SDF Filter.flowDescriptionLength,DIRECT,T2-R05 | T2-R16 | T2-R24,T2-A06 | T2-A07 | T2-A08 | T2-A64
FP-0626,T2,PFCP Session Modification Request,PFCP Session Modification Request.Create PDR.PDI.SDF Filter.flowDescription,DIRECT,T2-R05 | T2-R16 | T2-R24,T2-A06 | T2-A07 | T2-A08 | T2-A64
FP-0627,T2,PFCP Session Modification Request,PFCP Session Modification Request.Create PDR.PDI.SDF Filter.tosTrafficClass,DIRECT,T2-R05 | T2-R16 | T2-R24,T2-A06 | T2-A08 | T2-A64
FP-0628,T2,PFCP Session Modification Request,PFCP Session Modification Request.Create PDR.PDI.SDF Filter.securityParameterIndex,DIRECT,T2-R05 | T2-R16 | T2-R24,T2-A06 | T2-A08 | T2-A64
FP-0629,T2,PFCP Session Modification Request,PFCP Session Modification Request.Create PDR.PDI.SDF Filter.flowLabel,DIRECT,T2-R05 | T2-R16 | T2-R24,T2-A06 | T2-A08 | T2-A64
FP-0630,T2,PFCP Session Modification Request,PFCP Session Modification Request.Create PDR.PDI.SDF Filter.sdfFilterId,DIRECT,T2-R05 | T2-R16 | T2-R24,T2-A06 | T2-A08 | T2-A64
FP-0631,T2,PFCP Session Modification Request,PFCP Session Modification Request.Create PDR.PDI.Application ID,DIRECT,T2-R05 | T2-R16 | T2-R19 | T2-R24,T2-A06 | T2-A12 | T2-A64
FP-0632,T2,PFCP Session Modification Request,PFCP Session Modification Request.Create PDR.PDI.Ethernet PDU Session Information,DIRECT,T2-R05 | T2-R16 | T2-R24,T2-A06 | T2-A64
FP-0633,T2,PFCP Session Modification Request,PFCP Session Modification Request.Create PDR.PDI.Ethernet Packet Filter.Ethernet Filter ID,DIRECT,T2-R05 | T2-R16 | T2-R24,T2-A06 | T2-A13 | T2-A64
FP-0634,T2,PFCP Session Modification Request,PFCP Session Modification Request.Create PDR.PDI.Ethernet Packet Filter.Ethernet Filter Properties,DIRECT,T2-R05 | T2-R16 | T2-R24,T2-A06 | T2-A13 | T2-A64
FP-0635,T2,PFCP Session Modification Request,PFCP Session Modification Request.Create PDR.PDI.Ethernet Packet Filter.MAC address,DIRECT,T2-R05 | T2-R16 | T2-R24,T2-A06 | T2-A13 | T2-A64
FP-0636,T2,PFCP Session Modification Request,PFCP Session Modification Request.Create PDR.PDI.Ethernet Packet Filter.Ethertype,DIRECT,T2-R05 | T2-R16 | T2-R24,T2-A06 | T2-A13 | T2-A64
FP-0637,T2,PFCP Session Modification Request,PFCP Session Modification Request.Create PDR.PDI.Ethernet Packet Filter.C-TAG,DIRECT,T2-R05 | T2-R16 | T2-R24,T2-A06 | T2-A13 | T2-A64
FP-0638,T2,PFCP Session Modification Request,PFCP Session Modification Request.Create PDR.PDI.Ethernet Packet Filter.S-TAG,DIRECT,T2-R05 | T2-R16 | T2-R24,T2-A06 | T2-A13 | T2-A64
FP-0639,T2,PFCP Session Modification Request,PFCP Session Modification Request.Create PDR.PDI.Ethernet Packet Filter.SDF Filter.BID,DIRECT,T2-R05 | T2-R16 | T2-R24,T2-A06 | T2-A08 | T2-A13 | T2-A62 | T2-A64
FP-0640,T2,PFCP Session Modification Request,PFCP Session Modification Request.Create PDR.PDI.Ethernet Packet Filter.SDF Filter.FL,DIRECT,T2-R05 | T2-R16 | T2-R24,T2-A06 | T2-A08 | T2-A13 | T2-A62 | T2-A64
FP-0641,T2,PFCP Session Modification Request,PFCP Session Modification Request.Create PDR.PDI.Ethernet Packet Filter.SDF Filter.SPI,DIRECT,T2-R05 | T2-R16 | T2-R24,T2-A06 | T2-A08 | T2-A13 | T2-A62 | T2-A64
FP-0642,T2,PFCP Session Modification Request,PFCP Session Modification Request.Create PDR.PDI.Ethernet Packet Filter.SDF Filter.TTC,DIRECT,T2-R05 | T2-R16 | T2-R24,T2-A06 | T2-A08 | T2-A13 | T2-A62 | T2-A64
FP-0643,T2,PFCP Session Modification Request,PFCP Session Modification Request.Create PDR.PDI.Ethernet Packet Filter.SDF Filter.FD,DIRECT,T2-R05 | T2-R16 | T2-R24,T2-A06 | T2-A08 | T2-A13 | T2-A62 | T2-A64
FP-0644,T2,PFCP Session Modification Request,PFCP Session Modification Request.Create PDR.PDI.Ethernet Packet Filter.SDF Filter.flowDescriptionLength,DIRECT,T2-R05 | T2-R16 | T2-R24,T2-A06 | T2-A07 | T2-A08 | T2-A13 | T2-A64
FP-0645,T2,PFCP Session Modification Request,PFCP Session Modification Request.Create PDR.PDI.Ethernet Packet Filter.SDF Filter.flowDescription,DIRECT,T2-R05 | T2-R16 | T2-R24,T2-A06 | T2-A07 | T2-A08 | T2-A13 | T2-A64
FP-0646,T2,PFCP Session Modification Request,PFCP Session Modification Request.Create PDR.PDI.Ethernet Packet Filter.SDF Filter.tosTrafficClass,DIRECT,T2-R05 | T2-R16 | T2-R24,T2-A06 | T2-A08 | T2-A13 | T2-A64
FP-0647,T2,PFCP Session Modification Request,PFCP Session Modification Request.Create PDR.PDI.Ethernet Packet Filter.SDF Filter.securityParameterIndex,DIRECT,T2-R05 | T2-R16 | T2-R24,T2-A06 | T2-A08 | T2-A13 | T2-A64
FP-0648,T2,PFCP Session Modification Request,PFCP Session Modification Request.Create PDR.PDI.Ethernet Packet Filter.SDF Filter.flowLabel,DIRECT,T2-R05 | T2-R16 | T2-R24,T2-A06 | T2-A08 | T2-A13 | T2-A64
FP-0649,T2,PFCP Session Modification Request,PFCP Session Modification Request.Create PDR.PDI.Ethernet Packet Filter.SDF Filter.sdfFilterId,DIRECT,T2-R05 | T2-R16 | T2-R24,T2-A06 | T2-A08 | T2-A13 | T2-A64
FP-0650,T2,PFCP Session Modification Request,PFCP Session Modification Request.Create PDR.PDI.QFI,DIRECT,T2-R05 | T2-R08 | T2-R16 | T2-R22 | T2-R24,T2-A06 | T2-A14 | T2-A64
FP-0651,T2,PFCP Session Modification Request,PFCP Session Modification Request.Create PDR.PDI.Framed-Route,DIRECT,T2-R05 | T2-R16 | T2-R24,T2-A06 | T2-A16 | T2-A64
FP-0652,T2,PFCP Session Modification Request,PFCP Session Modification Request.Create PDR.PDI.Framed-Routing,DIRECT,T2-R05 | T2-R16 | T2-R24,T2-A06 | T2-A16 | T2-A64
FP-0653,T2,PFCP Session Modification Request,PFCP Session Modification Request.Create PDR.PDI.Framed-IPv6- Route,DIRECT,T2-R05 | T2-R16 | T2-R24,T2-A06 | T2-A16 | T2-A64
FP-0654,T2,PFCP Session Modification Request,PFCP Session Modification Request.Create PDR.PDI.Source Interface Type,DIRECT,T2-R05 | T2-R16 | T2-R24,T2-A06 | T2-A64
FP-0655,T2,PFCP Session Modification Request,PFCP Session Modification Request.Create PDR.PDI.IP Multicast Addressing Info.IP Multicast Address,DIRECT,T2-R05 | T2-R16 | T2-R24,T2-A06 | T2-A16 | T2-A64
FP-0656,T2,PFCP Session Modification Request,PFCP Session Modification Request.Create PDR.PDI.IP Multicast Addressing Info.Source IP Address,DIRECT,T2-R05 | T2-R16 | T2-R24,T2-A06 | T2-A16 | T2-A64
FP-0657,T2,PFCP Session Modification Request,PFCP Session Modification Request.Create PDR.PDI.DNS Query Filter,DIRECT,T2-R05 | T2-R16 | T2-R24,T2-A06 | T2-A16 | T2-A64
FP-0658,T2,PFCP Session Modification Request,PFCP Session Modification Request.Create PDR.PDI.MBS Session Identifier,DIRECT,T2-R05 | T2-R09 | T2-R16 | T2-R19 | T2-R24,T2-A06 | T2-A61 | T2-A64
FP-0659,T2,PFCP Session Modification Request,PFCP Session Modification Request.Create PDR.PDI.Area Session ID,DIRECT,T2-R05 | T2-R09 | T2-R16 | T2-R19 | T2-R24,T2-A06 | T2-A61 | T2-A64
FP-0660,T2,PFCP Session Modification Request,PFCP Session Modification Request.Create PDR.Outer Header Removal,DIRECT,T2-R05 | T2-R16 | T2-R21 | T2-R24,T2-A06 | T2-A20 | T2-A64
FP-0661,T2,PFCP Session Modification Request,PFCP Session Modification Request.Create PDR.FAR ID.farId,DIRECT,T2-R05 | T2-R06 | T2-R16 | T2-R21 | T2-R24,T2-A06 | T2-A21 | T2-A64
FP-0662,T2,PFCP Session Modification Request,PFCP Session Modification Request.Create PDR.URR ID.urrId,DIRECT,T2-R05 | T2-R07 | T2-R10 | T2-R16 | T2-R24,T2-A06 | T2-A22 | T2-A25 | T2-A64
FP-0663,T2,PFCP Session Modification Request,PFCP Session Modification Request.Create PDR.QER ID.qerId,DIRECT,T2-R05 | T2-R16 | T2-R24,T2-A06 | T2-A64
FP-0664,T2,PFCP Session Modification Request,PFCP Session Modification Request.Create PDR.Activate Predefined Rules,DIRECT,T2-R05 | T2-R16 | T2-R24,T2-A06 | T2-A19 | T2-A64
FP-0665,T2,PFCP Session Modification Request,PFCP Session Modification Request.Create PDR.Activation Time,DIRECT,T2-R05 | T2-R16 | T2-R23 | T2-R24,T2-A06 | T2-A18 | T2-A64
FP-0666,T2,PFCP Session Modification Request,PFCP Session Modification Request.Create PDR.Deactivation Time,DIRECT,T2-R05 | T2-R16 | T2-R23 | T2-R24,T2-A06 | T2-A18 | T2-A64
FP-0667,T2,PFCP Session Modification Request,PFCP Session Modification Request.Create PDR.MAR ID.marId,DIRECT,T2-R05 | T2-R16 | T2-R24,T2-A06 | T2-A64
FP-0668,T2,PFCP Session Modification Request,PFCP Session Modification Request.Create PDR.Packet Replication and Detection Carry-On Information,DIRECT,T2-R05 | T2-R09 | T2-R16 | T2-R21 | T2-R24,T2-A06 | T2-A60 | T2-A64
FP-0669,T2,PFCP Session Modification Request,PFCP Session Modification Request.Create PDR.IP Multicast Addressing Info.IP Multicast Address,DIRECT,T2-R05 | T2-R09 | T2-R16 | T2-R21 | T2-R24,T2-A06 | T2-A60 | T2-A64
FP-0670,T2,PFCP Session Modification Request,PFCP Session Modification Request.Create PDR.IP Multicast Addressing Info.Source IP Address,DIRECT,T2-R05 | T2-R09 | T2-R16 | T2-R21 | T2-R24,T2-A06 | T2-A60 | T2-A64
FP-0671,T2,PFCP Session Modification Request,PFCP Session Modification Request.Create PDR.UE IP address Pool Identity,DIRECT,T2-R05 | T2-R16 | T2-R24,T2-A06 | T2-A64
FP-0672,T2,PFCP Session Modification Request,PFCP Session Modification Request.Create PDR.MPTCP Applicable Indication,DIRECT,T2-R05 | T2-R16 | T2-R24,T2-A06 | T2-A64
FP-0673,T2,PFCP Session Modification Request,PFCP Session Modification Request.Create PDR.Transport Delay Reporting.Preceding UL GTP-U Peer,DIRECT,T2-R05 | T2-R09 | T2-R16 | T2-R21 | T2-R24,T2-A06 | T2-A60 | T2-A64
FP-0674,T2,PFCP Session Modification Request,PFCP Session Modification Request.Create PDR.Transport Delay Reporting.DSCP,DIRECT,T2-R05 | T2-R09 | T2-R16 | T2-R21 | T2-R24,T2-A06 | T2-A60 | T2-A64
FP-0675,T2,PFCP Session Modification Request,PFCP Session Modification Request.Create PDR.RAT Type,DIRECT,T2-R05 | T2-R16 | T2-R19 | T2-R24,T2-A06 | T2-A53 | T2-A64
FP-0676,T2,PFCP Session Modification Request,PFCP Session Modification Request.Create FAR.FAR ID.farId,RELATIONAL,T2-R06 | T2-R16 | T2-R21 | T2-R24,T2-A21 | T2-A57 | T2-A64
FP-0677,T2,PFCP Session Modification Request,PFCP Session Modification Request.Create FAR.Apply Action.DROP,DEPLOYMENT,T2-R16 | T2-R21 | T2-R24,T2-A54 | T2-A64
FP-0678,T2,PFCP Session Modification Request,PFCP Session Modification Request.Create FAR.Apply Action.FORW,DEPLOYMENT,T2-R16 | T2-R21 | T2-R24,T2-A54 | T2-A64
FP-0679,T2,PFCP Session Modification Request,PFCP Session Modification Request.Create FAR.Apply Action.BUFF,RELATIONAL,T2-R16 | T2-R24,T2-A64
FP-0680,T2,PFCP Session Modification Request,PFCP Session Modification Request.Create FAR.Apply Action.NOCP,RELATIONAL,T2-R16 | T2-R24,T2-A64
FP-0681,T2,PFCP Session Modification Request,PFCP Session Modification Request.Create FAR.Apply Action.DUPL,DEPLOYMENT,T2-R16 | T2-R21 | T2-R24,T2-A55 | T2-A64
FP-0682,T2,PFCP Session Modification Request,PFCP Session Modification Request.Create FAR.Apply Action.IPMA,RELATIONAL,T2-R16 | T2-R24,T2-A64
FP-0683,T2,PFCP Session Modification Request,PFCP Session Modification Request.Create FAR.Apply Action.IPMD,RELATIONAL,T2-R16 | T2-R24,T2-A64
FP-0684,T2,PFCP Session Modification Request,PFCP Session Modification Request.Create FAR.Apply Action.DFRT,DEPLOYMENT,T2-R16 | T2-R21 | T2-R24,T2-A55 | T2-A64
FP-0685,T2,PFCP Session Modification Request,PFCP Session Modification Request.Create FAR.Apply Action.EDRT,RELATIONAL,T2-R16 | T2-R24,T2-A64
FP-0686,T2,PFCP Session Modification Request,PFCP Session Modification Request.Create FAR.Apply Action.BDPN,RELATIONAL,T2-R16 | T2-R24,T2-A64
FP-0687,T2,PFCP Session Modification Request,PFCP Session Modification Request.Create FAR.Apply Action.DDPN,DEPLOYMENT,T2-R16 | T2-R21 | T2-R24,T2-A55 | T2-A64
FP-0688,T2,PFCP Session Modification Request,PFCP Session Modification Request.Create FAR.Forwarding Parameters.Destination Interface.interfaceValue,DEPLOYMENT,T2-R06 | T2-R16 | T2-R21 | T2-R24,T2-A56 | T2-A64
FP-0689,T2,PFCP Session Modification Request,PFCP Session Modification Request.Create FAR.Forwarding Parameters.Destination Interface.interfaceType,DEPLOYMENT,T2-R06 | T2-R16 | T2-R21 | T2-R24,T2-A56 | T2-A64
FP-0690,T2,PFCP Session Modification Request,PFCP Session Modification Request.Create FAR.Forwarding Parameters.Network Instance.length,DEPLOYMENT,T2-R06 | T2-R16 | T2-R21 | T2-R24,T2-A56 | T2-A62 | T2-A64
FP-0691,T2,PFCP Session Modification Request,PFCP Session Modification Request.Create FAR.Forwarding Parameters.Network Instance.apnOrDnn,DEPLOYMENT,T2-R06 | T2-R16 | T2-R21 | T2-R24,T2-A56 | T2-A64
FP-0692,T2,PFCP Session Modification Request,PFCP Session Modification Request.Create FAR.Forwarding Parameters.Redirect Information,DEPLOYMENT,T2-R06 | T2-R16 | T2-R21 | T2-R24,T2-A56 | T2-A64
FP-0693,T2,PFCP Session Modification Request,PFCP Session Modification Request.Create FAR.Forwarding Parameters.Outer Header Creation,RELATIONAL,T2-R16 | T2-R24,T2-A64
FP-0694,T2,PFCP Session Modification Request,PFCP Session Modification Request.Create FAR.Forwarding Parameters.Transport Level Marking,RELATIONAL,T2-R16 | T2-R24,T2-A64
FP-0695,T2,PFCP Session Modification Request,PFCP Session Modification Request.Create FAR.Forwarding Parameters.Forwarding Policy,DEPLOYMENT,T2-R06 | T2-R16 | T2-R21 | T2-R24,T2-A56 | T2-A64
FP-0696,T2,PFCP Session Modification Request,PFCP Session Modification Request.Create FAR.Forwarding Parameters.Header Enrichment,RELATIONAL,T2-R16 | T2-R24,T2-A64
FP-0697,T2,PFCP Session Modification Request,PFCP Session Modification Request.Create FAR.Forwarding Parameters.Linked Traffic Endpoint ID,DEPLOYMENT,T2-R06 | T2-R16 | T2-R21 | T2-R24,T2-A56 | T2-A64
FP-0698,T2,PFCP Session Modification Request,PFCP Session Modification Request.Create FAR.Forwarding Parameters.Proxying,RELATIONAL,T2-R16 | T2-R24,T2-A64
FP-0699,T2,PFCP Session Modification Request,PFCP Session Modification Request.Create FAR.Forwarding Parameters.Destination Interface Type,DEPLOYMENT,T2-R06 | T2-R16 | T2-R21 | T2-R24,T2-A56 | T2-A64
FP-0700,T2,PFCP Session Modification Request,PFCP Session Modification Request.Create FAR.Forwarding Parameters.IP Address and Port Number Replacement,RELATIONAL,T2-R16 | T2-R24,T2-A64
FP-0701,T2,PFCP Session Modification Request,PFCP Session Modification Request.Create FAR.BAR ID.barId,RELATIONAL,T2-R16 | T2-R24,T2-A64
FP-0702,T2,PFCP Session Modification Request,PFCP Session Modification Request.Create URR.URR ID.urrId,DIRECT,T2-R07 | T2-R10 | T2-R16 | T2-R24,T2-A23 | T2-A28 | T2-A64
FP-0703,T2,PFCP Session Modification Request,PFCP Session Modification Request.Create URR.Measurement Method.EVENT,DIRECT,T2-R07 | T2-R11 | T2-R16 | T2-R24,T2-A23 | T2-A30 | T2-A64
FP-0704,T2,PFCP Session Modification Request,PFCP Session Modification Request.Create URR.Measurement Method.VOLUM,DIRECT,T2-R07 | T2-R11 | T2-R16 | T2-R24,T2-A23 | T2-A29 | T2-A30 | T2-A64
FP-0705,T2,PFCP Session Modification Request,PFCP Session Modification Request.Create URR.Measurement Method.DURAT,DIRECT,T2-R07 | T2-R11 | T2-R16 | T2-R24,T2-A23 | T2-A30 | T2-A64
FP-0706,T2,PFCP Session Modification Request,PFCP Session Modification Request.Create URR.Reporting Triggers.PERIO,DIRECT,T2-R07 | T2-R12 | T2-R16 | T2-R24,T2-A23 | T2-A31 | T2-A32 | T2-A64
FP-0707,T2,PFCP Session Modification Request,PFCP Session Modification Request.Create URR.Reporting Triggers.VOLTH,DIRECT,T2-R07 | T2-R12 | T2-R16 | T2-R24,T2-A23 | T2-A31 | T2-A32 | T2-A64
FP-0708,T2,PFCP Session Modification Request,PFCP Session Modification Request.Create URR.Reporting Triggers.TIMTH,DIRECT,T2-R07 | T2-R12 | T2-R16 | T2-R24,T2-A23 | T2-A31 | T2-A32 | T2-A64
FP-0709,T2,PFCP Session Modification Request,PFCP Session Modification Request.Create URR.Reporting Triggers.QUHTI,DIRECT,T2-R07 | T2-R12 | T2-R16 | T2-R24,T2-A23 | T2-A31 | T2-A32 | T2-A64
FP-0710,T2,PFCP Session Modification Request,PFCP Session Modification Request.Create URR.Reporting Triggers.START,DIRECT,T2-R07 | T2-R12 | T2-R16 | T2-R24,T2-A23 | T2-A31 | T2-A32 | T2-A64
FP-0711,T2,PFCP Session Modification Request,PFCP Session Modification Request.Create URR.Reporting Triggers.STOPT,DIRECT,T2-R07 | T2-R12 | T2-R16 | T2-R24,T2-A23 | T2-A31 | T2-A32 | T2-A64
FP-0712,T2,PFCP Session Modification Request,PFCP Session Modification Request.Create URR.Reporting Triggers.DROTH,DIRECT,T2-R07 | T2-R12 | T2-R16 | T2-R24,T2-A23 | T2-A31 | T2-A32 | T2-A64
FP-0713,T2,PFCP Session Modification Request,PFCP Session Modification Request.Create URR.Reporting Triggers.LIUSA,DIRECT,T2-R07 | T2-R12 | T2-R14 | T2-R16 | T2-R24,T2-A23 | T2-A31 | T2-A32 | T2-A39 | T2-A64
FP-0714,T2,PFCP Session Modification Request,PFCP Session Modification Request.Create URR.Reporting Triggers.VOLQU,DIRECT,T2-R07 | T2-R12 | T2-R16 | T2-R24,T2-A23 | T2-A31 | T2-A32 | T2-A64
FP-0715,T2,PFCP Session Modification Request,PFCP Session Modification Request.Create URR.Reporting Triggers.TIMQU,DIRECT,T2-R07 | T2-R12 | T2-R16 | T2-R24,T2-A23 | T2-A31 | T2-A32 | T2-A64
FP-0716,T2,PFCP Session Modification Request,PFCP Session Modification Request.Create URR.Reporting Triggers.ENVCL,DIRECT,T2-R07 | T2-R12 | T2-R16 | T2-R24,T2-A23 | T2-A31 | T2-A32 | T2-A64
FP-0717,T2,PFCP Session Modification Request,PFCP Session Modification Request.Create URR.Reporting Triggers.MACAR,DIRECT,T2-R07 | T2-R12 | T2-R16 | T2-R24,T2-A23 | T2-A31 | T2-A32 | T2-A64
FP-0718,T2,PFCP Session Modification Request,PFCP Session Modification Request.Create URR.Reporting Triggers.EVETH,DIRECT,T2-R07 | T2-R12 | T2-R16 | T2-R24,T2-A23 | T2-A31 | T2-A32 | T2-A64
FP-0719,T2,PFCP Session Modification Request,PFCP Session Modification Request.Create URR.Reporting Triggers.EVEQU,DIRECT,T2-R07 | T2-R12 | T2-R16 | T2-R24,T2-A23 | T2-A31 | T2-A32 | T2-A64
FP-0720,T2,PFCP Session Modification Request,PFCP Session Modification Request.Create URR.Reporting Triggers.TEBUR,DIRECT,T2-R07 | T2-R12 | T2-R16 | T2-R24,T2-A23 | T2-A31 | T2-A32 | T2-A64
FP-0721,T2,PFCP Session Modification Request,PFCP Session Modification Request.Create URR.Reporting Triggers.IPMJL,DIRECT,T2-R07 | T2-R12 | T2-R16 | T2-R24,T2-A23 | T2-A31 | T2-A32 | T2-A64
FP-0722,T2,PFCP Session Modification Request,PFCP Session Modification Request.Create URR.Reporting Triggers.QUVTI,DIRECT,T2-R07 | T2-R12 | T2-R16 | T2-R24,T2-A23 | T2-A31 | T2-A32 | T2-A64
FP-0723,T2,PFCP Session Modification Request,PFCP Session Modification Request.Create URR.Reporting Triggers.EMRRE,DIRECT,T2-R07 | T2-R12 | T2-R16 | T2-R24,T2-A23 | T2-A31 | T2-A32 | T2-A64
FP-0724,T2,PFCP Session Modification Request,PFCP Session Modification Request.Create URR.Reporting Triggers.UPINT,DIRECT,T2-R07 | T2-R12 | T2-R16 | T2-R24,T2-A23 | T2-A31 | T2-A32 | T2-A64
FP-0725,T2,PFCP Session Modification Request,PFCP Session Modification Request.Create URR.Measurement Period,DIRECT,T2-R07 | T2-R11 | T2-R12 | T2-R13 | T2-R16 | T2-R24,T2-A23 | T2-A35 | T2-A64
FP-0726,T2,PFCP Session Modification Request,PFCP Session Modification Request.Create URR.Volume Threshold,DIRECT,T2-R07 | T2-R12 | T2-R13 | T2-R16 | T2-R24,T2-A23 | T2-A33 | T2-A64
FP-0727,T2,PFCP Session Modification Request,PFCP Session Modification Request.Create URR.Volume Quota,DIRECT,T2-R07 | T2-R12 | T2-R13 | T2-R15 | T2-R16 | T2-R24,T2-A23 | T2-A34 | T2-A64
FP-0728,T2,PFCP Session Modification Request,PFCP Session Modification Request.Create URR.Event Threshold,DIRECT,T2-R07 | T2-R11 | T2-R12 | T2-R13 | T2-R16 | T2-R24,T2-A23 | T2-A36 | T2-A64
FP-0729,T2,PFCP Session Modification Request,PFCP Session Modification Request.Create URR.Event Quota,DIRECT,T2-R07 | T2-R11 | T2-R12 | T2-R13 | T2-R16 | T2-R24,T2-A23 | T2-A36 | T2-A64
FP-0730,T2,PFCP Session Modification Request,PFCP Session Modification Request.Create URR.Time Threshold,DIRECT,T2-R07 | T2-R11 | T2-R12 | T2-R13 | T2-R16 | T2-R24,T2-A23 | T2-A35 | T2-A64
FP-0731,T2,PFCP Session Modification Request,PFCP Session Modification Request.Create URR.Time Quota,DIRECT,T2-R07 | T2-R11 | T2-R12 | T2-R13 | T2-R16 | T2-R24,T2-A23 | T2-A35 | T2-A64
FP-0732,T2,PFCP Session Modification Request,PFCP Session Modification Request.Create URR.Quota Holding Time,DIRECT,T2-R07 | T2-R12 | T2-R16 | T2-R24,T2-A23 | T2-A45 | T2-A64
FP-0733,T2,PFCP Session Modification Request,PFCP Session Modification Request.Create URR.Dropped DL Traffic Threshold,DIRECT,T2-R07 | T2-R16 | T2-R24,T2-A23 | T2-A64
FP-0734,T2,PFCP Session Modification Request,PFCP Session Modification Request.Create URR.Quota Validity Time,DIRECT,T2-R07 | T2-R12 | T2-R16 | T2-R24,T2-A23 | T2-A45 | T2-A64
FP-0735,T2,PFCP Session Modification Request,PFCP Session Modification Request.Create URR.Monitoring Time,DIRECT,T2-R07 | T2-R13 | T2-R16 | T2-R24,T2-A23 | T2-A37 | T2-A64
FP-0736,T2,PFCP Session Modification Request,PFCP Session Modification Request.Create URR.Subsequent Volume Threshold,DIRECT,T2-R07 | T2-R12 | T2-R13 | T2-R16 | T2-R24,T2-A23 | T2-A33 | T2-A38 | T2-A64
FP-0737,T2,PFCP Session Modification Request,PFCP Session Modification Request.Create URR.Subsequent Time Threshold,DIRECT,T2-R07 | T2-R11 | T2-R12 | T2-R13 | T2-R16 | T2-R24,T2-A23 | T2-A35 | T2-A38 | T2-A64
FP-0738,T2,PFCP Session Modification Request,PFCP Session Modification Request.Create URR.Subsequent Volume Quota,DIRECT,T2-R07 | T2-R12 | T2-R13 | T2-R15 | T2-R16 | T2-R24,T2-A23 | T2-A34 | T2-A38 | T2-A64
FP-0739,T2,PFCP Session Modification Request,PFCP Session Modification Request.Create URR.Subsequent Time Quota,DIRECT,T2-R07 | T2-R11 | T2-R12 | T2-R13 | T2-R16 | T2-R24,T2-A23 | T2-A35 | T2-A38 | T2-A64
FP-0740,T2,PFCP Session Modification Request,PFCP Session Modification Request.Create URR.Subsequent Event Threshold,DIRECT,T2-R07 | T2-R11 | T2-R12 | T2-R13 | T2-R16 | T2-R24,T2-A23 | T2-A36 | T2-A38 | T2-A64
FP-0741,T2,PFCP Session Modification Request,PFCP Session Modification Request.Create URR.Subsequent Event Quota,DIRECT,T2-R07 | T2-R11 | T2-R12 | T2-R13 | T2-R16 | T2-R24,T2-A23 | T2-A36 | T2-A38 | T2-A64
FP-0742,T2,PFCP Session Modification Request,PFCP Session Modification Request.Create URR.Inactivity Detection Time,DIRECT,T2-R07 | T2-R12 | T2-R16 | T2-R24,T2-A23 | T2-A45 | T2-A64
FP-0743,T2,PFCP Session Modification Request,PFCP Session Modification Request.Create URR.Linked URR ID,DIRECT,T2-R07 | T2-R14 | T2-R16 | T2-R24,T2-A23 | T2-A39 | T2-A64
FP-0744,T2,PFCP Session Modification Request,PFCP Session Modification Request.Create URR.Measurement Information,DIRECT,T2-R07 | T2-R11 | T2-R13 | T2-R16 | T2-R17 | T2-R24,T2-A23 | T2-A44 | T2-A64
FP-0745,T2,PFCP Session Modification Request,PFCP Session Modification Request.Create URR.FAR ID for Quota Action.farId,DIRECT,T2-R07 | T2-R15 | T2-R16 | T2-R21 | T2-R24,T2-A23 | T2-A40 | T2-A64
FP-0746,T2,PFCP Session Modification Request,PFCP Session Modification Request.Create URR.Ethernet Inactivity Timer,DIRECT,T2-R07 | T2-R12 | T2-R16 | T2-R24,T2-A23 | T2-A45 | T2-A64
FP-0747,T2,PFCP Session Modification Request,PFCP Session Modification Request.Create URR.Additional Monitoring Time.Monitoring Time,DIRECT,T2-R07 | T2-R13 | T2-R16 | T2-R24,T2-A23 | T2-A37 | T2-A38 | T2-A64
FP-0748,T2,PFCP Session Modification Request,PFCP Session Modification Request.Create URR.Additional Monitoring Time.Subsequent Volume Threshold,DIRECT,T2-R07 | T2-R13 | T2-R16 | T2-R24,T2-A23 | T2-A37 | T2-A38 | T2-A64
FP-0749,T2,PFCP Session Modification Request,PFCP Session Modification Request.Create URR.Additional Monitoring Time.Subsequent Time Threshold,DIRECT,T2-R07 | T2-R13 | T2-R16 | T2-R24,T2-A23 | T2-A37 | T2-A38 | T2-A64
FP-0750,T2,PFCP Session Modification Request,PFCP Session Modification Request.Create URR.Additional Monitoring Time.Subsequent Volume Quota,DIRECT,T2-R07 | T2-R13 | T2-R16 | T2-R24,T2-A23 | T2-A37 | T2-A38 | T2-A64
FP-0751,T2,PFCP Session Modification Request,PFCP Session Modification Request.Create URR.Additional Monitoring Time.Subsequent Time Quota,DIRECT,T2-R07 | T2-R13 | T2-R16 | T2-R24,T2-A23 | T2-A37 | T2-A38 | T2-A64
FP-0752,T2,PFCP Session Modification Request,PFCP Session Modification Request.Create URR.Additional Monitoring Time.Subsequent Event Threshold,DIRECT,T2-R07 | T2-R13 | T2-R16 | T2-R24,T2-A23 | T2-A37 | T2-A38 | T2-A64
FP-0753,T2,PFCP Session Modification Request,PFCP Session Modification Request.Create URR.Additional Monitoring Time.Subsequent Event Quota,DIRECT,T2-R07 | T2-R13 | T2-R16 | T2-R24,T2-A23 | T2-A37 | T2-A38 | T2-A64
FP-0754,T2,PFCP Session Modification Request,PFCP Session Modification Request.Create URR.Number of Reports,DIRECT,T2-R07 | T2-R12 | T2-R16 | T2-R24,T2-A23 | T2-A43 | T2-A64
FP-0755,T2,PFCP Session Modification Request,PFCP Session Modification Request.Create URR.Exempted Application ID for Quota Action,DIRECT,T2-R07 | T2-R15 | T2-R16 | T2-R24,T2-A23 | T2-A42 | T2-A64
FP-0756,T2,PFCP Session Modification Request,PFCP Session Modification Request.Create URR.Exempted SDF Filter for Quota Action.BID,DIRECT,T2-R07 | T2-R15 | T2-R16 | T2-R24,T2-A23 | T2-A41 | T2-A62 | T2-A64
FP-0757,T2,PFCP Session Modification Request,PFCP Session Modification Request.Create URR.Exempted SDF Filter for Quota Action.FL,DIRECT,T2-R07 | T2-R15 | T2-R16 | T2-R24,T2-A23 | T2-A41 | T2-A62 | T2-A64
FP-0758,T2,PFCP Session Modification Request,PFCP Session Modification Request.Create URR.Exempted SDF Filter for Quota Action.SPI,DIRECT,T2-R07 | T2-R15 | T2-R16 | T2-R24,T2-A23 | T2-A41 | T2-A62 | T2-A64
FP-0759,T2,PFCP Session Modification Request,PFCP Session Modification Request.Create URR.Exempted SDF Filter for Quota Action.TTC,DIRECT,T2-R07 | T2-R15 | T2-R16 | T2-R24,T2-A23 | T2-A41 | T2-A62 | T2-A64
FP-0760,T2,PFCP Session Modification Request,PFCP Session Modification Request.Create URR.Exempted SDF Filter for Quota Action.FD,DIRECT,T2-R07 | T2-R15 | T2-R16 | T2-R24,T2-A23 | T2-A41 | T2-A62 | T2-A64
FP-0761,T2,PFCP Session Modification Request,PFCP Session Modification Request.Create URR.Exempted SDF Filter for Quota Action.flowDescriptionLength,DIRECT,T2-R07 | T2-R15 | T2-R16 | T2-R24,T2-A23 | T2-A41 | T2-A64
FP-0762,T2,PFCP Session Modification Request,PFCP Session Modification Request.Create URR.Exempted SDF Filter for Quota Action.flowDescription,DIRECT,T2-R07 | T2-R15 | T2-R16 | T2-R24,T2-A23 | T2-A41 | T2-A64
FP-0763,T2,PFCP Session Modification Request,PFCP Session Modification Request.Create URR.Exempted SDF Filter for Quota Action.tosTrafficClass,DIRECT,T2-R07 | T2-R15 | T2-R16 | T2-R24,T2-A23 | T2-A41 | T2-A64
FP-0764,T2,PFCP Session Modification Request,PFCP Session Modification Request.Create URR.Exempted SDF Filter for Quota Action.securityParameterIndex,DIRECT,T2-R07 | T2-R15 | T2-R16 | T2-R24,T2-A23 | T2-A41 | T2-A64
FP-0765,T2,PFCP Session Modification Request,PFCP Session Modification Request.Create URR.Exempted SDF Filter for Quota Action.flowLabel,DIRECT,T2-R07 | T2-R15 | T2-R16 | T2-R24,T2-A23 | T2-A41 | T2-A64
FP-0766,T2,PFCP Session Modification Request,PFCP Session Modification Request.Create URR.Exempted SDF Filter for Quota Action.sdfFilterId,DIRECT,T2-R07 | T2-R15 | T2-R16 | T2-R24,T2-A23 | T2-A41 | T2-A64
FP-0767,T2,PFCP Session Modification Request,PFCP Session Modification Request.Create URR.User Plane Inactivity Timer,DIRECT,T2-R07 | T2-R12 | T2-R16 | T2-R24,T2-A23 | T2-A45 | T2-A64
FP-0768,T2,PFCP Session Modification Request,PFCP Session Modification Request.Create QER.QER ID.qerId,RELATIONAL,T2-R16 | T2-R24,T2-A64
FP-0769,T2,PFCP Session Modification Request,PFCP Session Modification Request.Create QER.QER Correlation ID,DEPLOYMENT,T2-R08 | T2-R16 | T2-R22 | T2-R24,T2-A58 | T2-A64
FP-0770,T2,PFCP Session Modification Request,PFCP Session Modification Request.Create QER.Gate Status,RELATIONAL,T2-R16 | T2-R24,T2-A64
FP-0771,T2,PFCP Session Modification Request,PFCP Session Modification Request.Create QER.Maximum Bitrate,DEPLOYMENT,T2-R08 | T2-R16 | T2-R22 | T2-R24,T2-A58 | T2-A64
FP-0772,T2,PFCP Session Modification Request,PFCP Session Modification Request.Create QER.Guaranteed Bitrate,DEPLOYMENT,T2-R08 | T2-R16 | T2-R22 | T2-R24,T2-A58 | T2-A64
FP-0773,T2,PFCP Session Modification Request,PFCP Session Modification Request.Create QER.Packet Rate,DEPLOYMENT,T2-R08 | T2-R16 | T2-R22 | T2-R24,T2-A58 | T2-A64
FP-0774,T2,PFCP Session Modification Request,PFCP Session Modification Request.Create QER.Packet Rate Status,RELATIONAL,T2-R16 | T2-R24,T2-A64
FP-0775,T2,PFCP Session Modification Request,PFCP Session Modification Request.Create QER.QoS flow identifier,DEPLOYMENT,T2-R08 | T2-R16 | T2-R22 | T2-R24,T2-A26 | T2-A58 | T2-A64
FP-0776,T2,PFCP Session Modification Request,PFCP Session Modification Request.Create QER.Reflective QoS,DEPLOYMENT,T2-R08 | T2-R16 | T2-R22 | T2-R24,T2-A58 | T2-A64
FP-0777,T2,PFCP Session Modification Request,PFCP Session Modification Request.Create QER.Paging Policy Indicator,DEPLOYMENT,T2-R08 | T2-R16 | T2-R22 | T2-R24,T2-A58 | T2-A64
FP-0778,T2,PFCP Session Modification Request,PFCP Session Modification Request.Create QER.Averaging Window,DEPLOYMENT,T2-R08 | T2-R16 | T2-R22 | T2-R24,T2-A58 | T2-A64
FP-0779,T2,PFCP Session Modification Request,PFCP Session Modification Request.Create QER.QER Control Indications,RELATIONAL,T2-R16 | T2-R24,T2-A64
FP-0784,T2,PFCP Session Modification Request,PFCP Session Modification Request.Create Traffic Endpoint.Traffic Endpoint ID,DIRECT,T2-R09 | T2-R19,T2-A59
FP-0785,T2,PFCP Session Modification Request,PFCP Session Modification Request.Create Traffic Endpoint.Local F-TEID.CHID,DIRECT,T2-R09 | T2-R16 | T2-R19,T2-A59 | T2-A62
FP-0786,T2,PFCP Session Modification Request,PFCP Session Modification Request.Create Traffic Endpoint.Local F-TEID.CH,DIRECT,T2-R09 | T2-R16 | T2-R19,T2-A59 | T2-A62
FP-0787,T2,PFCP Session Modification Request,PFCP Session Modification Request.Create Traffic Endpoint.Local F-TEID.V6,DIRECT,T2-R09 | T2-R16 | T2-R19,T2-A59 | T2-A62
FP-0788,T2,PFCP Session Modification Request,PFCP Session Modification Request.Create Traffic Endpoint.Local F-TEID.V4,DIRECT,T2-R09 | T2-R16 | T2-R19,T2-A59 | T2-A62
FP-0789,T2,PFCP Session Modification Request,PFCP Session Modification Request.Create Traffic Endpoint.Local F-TEID.TEID,DIRECT,T2-R09 | T2-R19,T2-A59
FP-0790,T2,PFCP Session Modification Request,PFCP Session Modification Request.Create Traffic Endpoint.Local F-TEID.ipv4Address,DIRECT,T2-R09 | T2-R19,T2-A59
FP-0791,T2,PFCP Session Modification Request,PFCP Session Modification Request.Create Traffic Endpoint.Local F-TEID.ipv6Address,DIRECT,T2-R09 | T2-R19,T2-A59
FP-0792,T2,PFCP Session Modification Request,PFCP Session Modification Request.Create Traffic Endpoint.Local F-TEID.chooseId,DIRECT,T2-R09 | T2-R19,T2-A59
FP-0793,T2,PFCP Session Modification Request,PFCP Session Modification Request.Create Traffic Endpoint.Network Instance.length,DIRECT,T2-R09 | T2-R16 | T2-R19,T2-A59 | T2-A62
FP-0794,T2,PFCP Session Modification Request,PFCP Session Modification Request.Create Traffic Endpoint.Network Instance.apnOrDnn,DIRECT,T2-R09 | T2-R19,T2-A59
FP-0795,T2,PFCP Session Modification Request,PFCP Session Modification Request.Create Traffic Endpoint.Redundant Transmission Detection Parameters.Local F-TEID for Redundant Transmission.CHID,DEPLOYMENT,T2-R05 | T2-R09 | T2-R16 | T2-R21,T2-A60 | T2-A62
FP-0796,T2,PFCP Session Modification Request,PFCP Session Modification Request.Create Traffic Endpoint.Redundant Transmission Detection Parameters.Local F-TEID for Redundant Transmission.CH,DEPLOYMENT,T2-R05 | T2-R09 | T2-R16 | T2-R21,T2-A60 | T2-A62
FP-0797,T2,PFCP Session Modification Request,PFCP Session Modification Request.Create Traffic Endpoint.Redundant Transmission Detection Parameters.Local F-TEID for Redundant Transmission.V6,DEPLOYMENT,T2-R05 | T2-R09 | T2-R16 | T2-R21,T2-A60 | T2-A62
FP-0798,T2,PFCP Session Modification Request,PFCP Session Modification Request.Create Traffic Endpoint.Redundant Transmission Detection Parameters.Local F-TEID for Redundant Transmission.V4,DEPLOYMENT,T2-R05 | T2-R09 | T2-R16 | T2-R21,T2-A60 | T2-A62
FP-0799,T2,PFCP Session Modification Request,PFCP Session Modification Request.Create Traffic Endpoint.Redundant Transmission Detection Parameters.Local F-TEID for Redundant Transmission.TEID,DEPLOYMENT,T2-R05 | T2-R09 | T2-R21,T2-A60
FP-0800,T2,PFCP Session Modification Request,PFCP Session Modification Request.Create Traffic Endpoint.Redundant Transmission Detection Parameters.Local F-TEID for Redundant Transmission.ipv4Address,DEPLOYMENT,T2-R05 | T2-R09 | T2-R21,T2-A60
FP-0801,T2,PFCP Session Modification Request,PFCP Session Modification Request.Create Traffic Endpoint.Redundant Transmission Detection Parameters.Local F-TEID for Redundant Transmission.ipv6Address,DEPLOYMENT,T2-R05 | T2-R09 | T2-R21,T2-A60
FP-0802,T2,PFCP Session Modification Request,PFCP Session Modification Request.Create Traffic Endpoint.Redundant Transmission Detection Parameters.Local F-TEID for Redundant Transmission.chooseId,DEPLOYMENT,T2-R05 | T2-R09 | T2-R21,T2-A60
FP-0803,T2,PFCP Session Modification Request,PFCP Session Modification Request.Create Traffic Endpoint.Redundant Transmission Detection Parameters.Network Instance for Redundant Transmission.length,DEPLOYMENT,T2-R05 | T2-R09 | T2-R16 | T2-R21,T2-A60 | T2-A62
FP-0804,T2,PFCP Session Modification Request,PFCP Session Modification Request.Create Traffic Endpoint.Redundant Transmission Detection Parameters.Network Instance for Redundant Transmission.apnOrDnn,DEPLOYMENT,T2-R05 | T2-R09 | T2-R21,T2-A60
FP-0805,T2,PFCP Session Modification Request,PFCP Session Modification Request.Create Traffic Endpoint.UE IP address.CHV6,DIRECT,T2-R09 | T2-R19,T2-A59
FP-0806,T2,PFCP Session Modification Request,PFCP Session Modification Request.Create Traffic Endpoint.UE IP address.IPV6D,DIRECT,T2-R09 | T2-R19,T2-A59
FP-0807,T2,PFCP Session Modification Request,PFCP Session Modification Request.Create Traffic Endpoint.UE IP address.SD,DIRECT,T2-R09 | T2-R19,T2-A59
FP-0808,T2,PFCP Session Modification Request,PFCP Session Modification Request.Create Traffic Endpoint.UE IP address.V4,DIRECT,T2-R09 | T2-R16 | T2-R19,T2-A59 | T2-A62
FP-0809,T2,PFCP Session Modification Request,PFCP Session Modification Request.Create Traffic Endpoint.UE IP address.V6,DIRECT,T2-R09 | T2-R16 | T2-R19,T2-A59 | T2-A62
FP-0810,T2,PFCP Session Modification Request,PFCP Session Modification Request.Create Traffic Endpoint.UE IP address.ipv4Address,DIRECT,T2-R09 | T2-R19,T2-A59
FP-0811,T2,PFCP Session Modification Request,PFCP Session Modification Request.Create Traffic Endpoint.UE IP address.ipv6Address,DIRECT,T2-R09 | T2-R19,T2-A59
FP-0812,T2,PFCP Session Modification Request,PFCP Session Modification Request.Create Traffic Endpoint.UE IP address.ipv6PrefixDelegationBits,DIRECT,T2-R09 | T2-R19,T2-A59
FP-0813,T2,PFCP Session Modification Request,PFCP Session Modification Request.Create Traffic Endpoint.UE IP address.ipv6PrefixLength,DIRECT,T2-R09 | T2-R19,T2-A59
FP-0818,T2,PFCP Session Modification Request,PFCP Session Modification Request.Create Traffic Endpoint.QFI,DIRECT,T2-R09 | T2-R19,T2-A59
FP-0820,T2,PFCP Session Modification Request,PFCP Session Modification Request.Create Traffic Endpoint.MBS Session Identifier,DEPLOYMENT,T2-R09 | T2-R19,T2-A61
FP-0821,T2,PFCP Session Modification Request,PFCP Session Modification Request.Create Traffic Endpoint.Area Session ID,DEPLOYMENT,T2-R09 | T2-R19,T2-A61
FP-0822,T2,PFCP Session Modification Request,PFCP Session Modification Request.Create Traffic Endpoint.RAT Type,DEPLOYMENT,T2-R19,T2-A53
FP-0823,T2,PFCP Session Modification Request,PFCP Session Modification Request.Update PDR.PDR ID.pdrId,RELATIONAL,T2-R04 | T2-R16 | T2-R24,T2-A05 | T2-A64
FP-0824,T2,PFCP Session Modification Request,PFCP Session Modification Request.Update PDR.Outer Header Removal,DEPLOYMENT,T2-R05 | T2-R16 | T2-R21 | T2-R24,T2-A20 | T2-A64
FP-0825,T2,PFCP Session Modification Request,PFCP Session Modification Request.Update PDR.Precedence.precedence,DIRECT,T2-R05 | T2-R16 | T2-R24,T2-A17 | T2-A64
FP-0826,T2,PFCP Session Modification Request,PFCP Session Modification Request.Update PDR.PDI.Source Interface.interfaceValue,DIRECT,T2-R05 | T2-R16 | T2-R24,T2-A10 | T2-A64
FP-0827,T2,PFCP Session Modification Request,PFCP Session Modification Request.Update PDR.PDI.Source Interface.interfaceType,DIRECT,T2-R05 | T2-R16 | T2-R24,T2-A10 | T2-A64
FP-0828,T2,PFCP Session Modification Request,PFCP Session Modification Request.Update PDR.PDI.Local F-TEID.CHID,DEPLOYMENT,T2-R05 | T2-R09 | T2-R16 | T2-R24,T2-A15 | T2-A62 | T2-A64
FP-0829,T2,PFCP Session Modification Request,PFCP Session Modification Request.Update PDR.PDI.Local F-TEID.CH,DEPLOYMENT,T2-R05 | T2-R09 | T2-R16 | T2-R24,T2-A15 | T2-A62 | T2-A64
FP-0830,T2,PFCP Session Modification Request,PFCP Session Modification Request.Update PDR.PDI.Local F-TEID.V6,DEPLOYMENT,T2-R05 | T2-R09 | T2-R16 | T2-R24,T2-A15 | T2-A62 | T2-A64
FP-0831,T2,PFCP Session Modification Request,PFCP Session Modification Request.Update PDR.PDI.Local F-TEID.V4,DEPLOYMENT,T2-R05 | T2-R09 | T2-R16 | T2-R24,T2-A15 | T2-A62 | T2-A64
FP-0832,T2,PFCP Session Modification Request,PFCP Session Modification Request.Update PDR.PDI.Local F-TEID.TEID,DEPLOYMENT,T2-R05 | T2-R09 | T2-R16 | T2-R24,T2-A15 | T2-A64
FP-0833,T2,PFCP Session Modification Request,PFCP Session Modification Request.Update PDR.PDI.Local F-TEID.ipv4Address,DEPLOYMENT,T2-R05 | T2-R09 | T2-R16 | T2-R24,T2-A15 | T2-A64
FP-0834,T2,PFCP Session Modification Request,PFCP Session Modification Request.Update PDR.PDI.Local F-TEID.ipv6Address,DEPLOYMENT,T2-R05 | T2-R09 | T2-R16 | T2-R24,T2-A15 | T2-A64
FP-0835,T2,PFCP Session Modification Request,PFCP Session Modification Request.Update PDR.PDI.Local F-TEID.chooseId,DEPLOYMENT,T2-R05 | T2-R09 | T2-R16 | T2-R24,T2-A15 | T2-A64
FP-0836,T2,PFCP Session Modification Request,PFCP Session Modification Request.Update PDR.PDI.Network Instance.length,DEPLOYMENT,T2-R05 | T2-R16 | T2-R19 | T2-R24,T2-A11 | T2-A62 | T2-A64
FP-0837,T2,PFCP Session Modification Request,PFCP Session Modification Request.Update PDR.PDI.Network Instance.apnOrDnn,DEPLOYMENT,T2-R05 | T2-R16 | T2-R19 | T2-R24,T2-A11 | T2-A64
FP-0838,T2,PFCP Session Modification Request,PFCP Session Modification Request.Update PDR.PDI.Redundant Transmission Detection Parameters.Local F-TEID for Redundant Transmission.CHID,DEPLOYMENT,T2-R05 | T2-R09 | T2-R16 | T2-R24,T2-A15 | T2-A62 | T2-A64
FP-0839,T2,PFCP Session Modification Request,PFCP Session Modification Request.Update PDR.PDI.Redundant Transmission Detection Parameters.Local F-TEID for Redundant Transmission.CH,DEPLOYMENT,T2-R05 | T2-R09 | T2-R16 | T2-R24,T2-A15 | T2-A62 | T2-A64
FP-0840,T2,PFCP Session Modification Request,PFCP Session Modification Request.Update PDR.PDI.Redundant Transmission Detection Parameters.Local F-TEID for Redundant Transmission.V6,DEPLOYMENT,T2-R05 | T2-R09 | T2-R16 | T2-R24,T2-A15 | T2-A62 | T2-A64
FP-0841,T2,PFCP Session Modification Request,PFCP Session Modification Request.Update PDR.PDI.Redundant Transmission Detection Parameters.Local F-TEID for Redundant Transmission.V4,DEPLOYMENT,T2-R05 | T2-R09 | T2-R16 | T2-R24,T2-A15 | T2-A62 | T2-A64
FP-0842,T2,PFCP Session Modification Request,PFCP Session Modification Request.Update PDR.PDI.Redundant Transmission Detection Parameters.Local F-TEID for Redundant Transmission.TEID,DEPLOYMENT,T2-R05 | T2-R09 | T2-R16 | T2-R24,T2-A15 | T2-A64
FP-0843,T2,PFCP Session Modification Request,PFCP Session Modification Request.Update PDR.PDI.Redundant Transmission Detection Parameters.Local F-TEID for Redundant Transmission.ipv4Address,DEPLOYMENT,T2-R05 | T2-R09 | T2-R16 | T2-R24,T2-A15 | T2-A64
FP-0844,T2,PFCP Session Modification Request,PFCP Session Modification Request.Update PDR.PDI.Redundant Transmission Detection Parameters.Local F-TEID for Redundant Transmission.ipv6Address,DEPLOYMENT,T2-R05 | T2-R09 | T2-R16 | T2-R24,T2-A15 | T2-A64
FP-0845,T2,PFCP Session Modification Request,PFCP Session Modification Request.Update PDR.PDI.Redundant Transmission Detection Parameters.Local F-TEID for Redundant Transmission.chooseId,DEPLOYMENT,T2-R05 | T2-R09 | T2-R16 | T2-R24,T2-A15 | T2-A64
FP-0846,T2,PFCP Session Modification Request,PFCP Session Modification Request.Update PDR.PDI.Redundant Transmission Detection Parameters.Network Instance for Redundant Transmission.length,DEPLOYMENT,T2-R05 | T2-R09 | T2-R16 | T2-R24,T2-A15 | T2-A62 | T2-A64
FP-0847,T2,PFCP Session Modification Request,PFCP Session Modification Request.Update PDR.PDI.Redundant Transmission Detection Parameters.Network Instance for Redundant Transmission.apnOrDnn,DEPLOYMENT,T2-R05 | T2-R09 | T2-R16 | T2-R24,T2-A15 | T2-A64
FP-0848,T2,PFCP Session Modification Request,PFCP Session Modification Request.Update PDR.PDI.UE IP address.CHV6,DIRECT,T2-R05 | T2-R16 | T2-R19 | T2-R24,T2-A09 | T2-A64
FP-0849,T2,PFCP Session Modification Request,PFCP Session Modification Request.Update PDR.PDI.UE IP address.IPV6D,DIRECT,T2-R05 | T2-R16 | T2-R19 | T2-R24,T2-A09 | T2-A64
FP-0850,T2,PFCP Session Modification Request,PFCP Session Modification Request.Update PDR.PDI.UE IP address.SD,DIRECT,T2-R05 | T2-R16 | T2-R19 | T2-R24,T2-A09 | T2-A64
FP-0851,T2,PFCP Session Modification Request,PFCP Session Modification Request.Update PDR.PDI.UE IP address.V4,DIRECT,T2-R05 | T2-R16 | T2-R19 | T2-R24,T2-A09 | T2-A62 | T2-A64
FP-0852,T2,PFCP Session Modification Request,PFCP Session Modification Request.Update PDR.PDI.UE IP address.V6,DIRECT,T2-R05 | T2-R16 | T2-R19 | T2-R24,T2-A09 | T2-A62 | T2-A64
FP-0853,T2,PFCP Session Modification Request,PFCP Session Modification Request.Update PDR.PDI.UE IP address.ipv4Address,DIRECT,T2-R05 | T2-R16 | T2-R19 | T2-R24,T2-A09 | T2-A64
FP-0854,T2,PFCP Session Modification Request,PFCP Session Modification Request.Update PDR.PDI.UE IP address.ipv6Address,DIRECT,T2-R05 | T2-R16 | T2-R19 | T2-R24,T2-A09 | T2-A64
FP-0855,T2,PFCP Session Modification Request,PFCP Session Modification Request.Update PDR.PDI.UE IP address.ipv6PrefixDelegationBits,DIRECT,T2-R05 | T2-R16 | T2-R19 | T2-R24,T2-A09 | T2-A64
FP-0856,T2,PFCP Session Modification Request,PFCP Session Modification Request.Update PDR.PDI.UE IP address.ipv6PrefixLength,DIRECT,T2-R05 | T2-R16 | T2-R19 | T2-R24,T2-A09 | T2-A64
FP-0857,T2,PFCP Session Modification Request,PFCP Session Modification Request.Update PDR.PDI.Traffic Endpoint ID,DEPLOYMENT,T2-R05 | T2-R09 | T2-R16 | T2-R24,T2-A15 | T2-A64
FP-0858,T2,PFCP Session Modification Request,PFCP Session Modification Request.Update PDR.PDI.SDF Filter.BID,RELATIONAL,T2-R05 | T2-R16 | T2-R24,T2-A08 | T2-A62 | T2-A64
FP-0859,T2,PFCP Session Modification Request,PFCP Session Modification Request.Update PDR.PDI.SDF Filter.FL,RELATIONAL,T2-R05 | T2-R16 | T2-R24,T2-A08 | T2-A62 | T2-A64
FP-0860,T2,PFCP Session Modification Request,PFCP Session Modification Request.Update PDR.PDI.SDF Filter.SPI,RELATIONAL,T2-R05 | T2-R16 | T2-R24,T2-A08 | T2-A62 | T2-A64
FP-0861,T2,PFCP Session Modification Request,PFCP Session Modification Request.Update PDR.PDI.SDF Filter.TTC,RELATIONAL,T2-R05 | T2-R16 | T2-R24,T2-A08 | T2-A62 | T2-A64
FP-0862,T2,PFCP Session Modification Request,PFCP Session Modification Request.Update PDR.PDI.SDF Filter.FD,RELATIONAL,T2-R05 | T2-R16 | T2-R24,T2-A08 | T2-A62 | T2-A64
FP-0863,T2,PFCP Session Modification Request,PFCP Session Modification Request.Update PDR.PDI.SDF Filter.flowDescriptionLength,DIRECT,T2-R05 | T2-R16 | T2-R24,T2-A07 | T2-A08 | T2-A64
FP-0864,T2,PFCP Session Modification Request,PFCP Session Modification Request.Update PDR.PDI.SDF Filter.flowDescription,DIRECT,T2-R05 | T2-R16 | T2-R24,T2-A07 | T2-A08 | T2-A64
FP-0865,T2,PFCP Session Modification Request,PFCP Session Modification Request.Update PDR.PDI.SDF Filter.tosTrafficClass,RELATIONAL,T2-R05 | T2-R16 | T2-R24,T2-A08 | T2-A64
FP-0866,T2,PFCP Session Modification Request,PFCP Session Modification Request.Update PDR.PDI.SDF Filter.securityParameterIndex,RELATIONAL,T2-R05 | T2-R16 | T2-R24,T2-A08 | T2-A64
FP-0867,T2,PFCP Session Modification Request,PFCP Session Modification Request.Update PDR.PDI.SDF Filter.flowLabel,RELATIONAL,T2-R05 | T2-R16 | T2-R24,T2-A08 | T2-A64
FP-0868,T2,PFCP Session Modification Request,PFCP Session Modification Request.Update PDR.PDI.SDF Filter.sdfFilterId,RELATIONAL,T2-R05 | T2-R16 | T2-R24,T2-A08 | T2-A64
FP-0869,T2,PFCP Session Modification Request,PFCP Session Modification Request.Update PDR.PDI.Application ID,DEPLOYMENT,T2-R05 | T2-R16 | T2-R19 | T2-R24,T2-A12 | T2-A64
FP-0870,T2,PFCP Session Modification Request,PFCP Session Modification Request.Update PDR.PDI.Ethernet PDU Session Information,RELATIONAL,T2-R16 | T2-R24,T2-A64
FP-0871,T2,PFCP Session Modification Request,PFCP Session Modification Request.Update PDR.PDI.Ethernet Packet Filter.Ethernet Filter ID,DEPLOYMENT,T2-R05 | T2-R16 | T2-R24,T2-A13 | T2-A64
FP-0872,T2,PFCP Session Modification Request,PFCP Session Modification Request.Update PDR.PDI.Ethernet Packet Filter.Ethernet Filter Properties,DEPLOYMENT,T2-R05 | T2-R16 | T2-R24,T2-A13 | T2-A64
FP-0873,T2,PFCP Session Modification Request,PFCP Session Modification Request.Update PDR.PDI.Ethernet Packet Filter.MAC address,DEPLOYMENT,T2-R05 | T2-R16 | T2-R24,T2-A13 | T2-A64
FP-0874,T2,PFCP Session Modification Request,PFCP Session Modification Request.Update PDR.PDI.Ethernet Packet Filter.Ethertype,DEPLOYMENT,T2-R05 | T2-R16 | T2-R24,T2-A13 | T2-A64
FP-0875,T2,PFCP Session Modification Request,PFCP Session Modification Request.Update PDR.PDI.Ethernet Packet Filter.C-TAG,DEPLOYMENT,T2-R05 | T2-R16 | T2-R24,T2-A13 | T2-A64
FP-0876,T2,PFCP Session Modification Request,PFCP Session Modification Request.Update PDR.PDI.Ethernet Packet Filter.S-TAG,DEPLOYMENT,T2-R05 | T2-R16 | T2-R24,T2-A13 | T2-A64
FP-0877,T2,PFCP Session Modification Request,PFCP Session Modification Request.Update PDR.PDI.Ethernet Packet Filter.SDF Filter.BID,DEPLOYMENT,T2-R05 | T2-R16 | T2-R24,T2-A08 | T2-A13 | T2-A62 | T2-A64
FP-0878,T2,PFCP Session Modification Request,PFCP Session Modification Request.Update PDR.PDI.Ethernet Packet Filter.SDF Filter.FL,DEPLOYMENT,T2-R05 | T2-R16 | T2-R24,T2-A08 | T2-A13 | T2-A62 | T2-A64
FP-0879,T2,PFCP Session Modification Request,PFCP Session Modification Request.Update PDR.PDI.Ethernet Packet Filter.SDF Filter.SPI,DEPLOYMENT,T2-R05 | T2-R16 | T2-R24,T2-A08 | T2-A13 | T2-A62 | T2-A64
FP-0880,T2,PFCP Session Modification Request,PFCP Session Modification Request.Update PDR.PDI.Ethernet Packet Filter.SDF Filter.TTC,DEPLOYMENT,T2-R05 | T2-R16 | T2-R24,T2-A08 | T2-A13 | T2-A62 | T2-A64
FP-0881,T2,PFCP Session Modification Request,PFCP Session Modification Request.Update PDR.PDI.Ethernet Packet Filter.SDF Filter.FD,DEPLOYMENT,T2-R05 | T2-R16 | T2-R24,T2-A08 | T2-A13 | T2-A62 | T2-A64
FP-0882,T2,PFCP Session Modification Request,PFCP Session Modification Request.Update PDR.PDI.Ethernet Packet Filter.SDF Filter.flowDescriptionLength,DIRECT,T2-R05 | T2-R16 | T2-R24,T2-A07 | T2-A08 | T2-A13 | T2-A64
FP-0883,T2,PFCP Session Modification Request,PFCP Session Modification Request.Update PDR.PDI.Ethernet Packet Filter.SDF Filter.flowDescription,DIRECT,T2-R05 | T2-R16 | T2-R24,T2-A07 | T2-A08 | T2-A13 | T2-A64
FP-0884,T2,PFCP Session Modification Request,PFCP Session Modification Request.Update PDR.PDI.Ethernet Packet Filter.SDF Filter.tosTrafficClass,DEPLOYMENT,T2-R05 | T2-R16 | T2-R24,T2-A08 | T2-A13 | T2-A64
FP-0885,T2,PFCP Session Modification Request,PFCP Session Modification Request.Update PDR.PDI.Ethernet Packet Filter.SDF Filter.securityParameterIndex,DEPLOYMENT,T2-R05 | T2-R16 | T2-R24,T2-A08 | T2-A13 | T2-A64
FP-0886,T2,PFCP Session Modification Request,PFCP Session Modification Request.Update PDR.PDI.Ethernet Packet Filter.SDF Filter.flowLabel,DEPLOYMENT,T2-R05 | T2-R16 | T2-R24,T2-A08 | T2-A13 | T2-A64
FP-0887,T2,PFCP Session Modification Request,PFCP Session Modification Request.Update PDR.PDI.Ethernet Packet Filter.SDF Filter.sdfFilterId,DEPLOYMENT,T2-R05 | T2-R16 | T2-R24,T2-A08 | T2-A13 | T2-A64
FP-0888,T2,PFCP Session Modification Request,PFCP Session Modification Request.Update PDR.PDI.QFI,DEPLOYMENT,T2-R05 | T2-R08 | T2-R16 | T2-R22 | T2-R24,T2-A14 | T2-A64
FP-0889,T2,PFCP Session Modification Request,PFCP Session Modification Request.Update PDR.PDI.Framed-Route,DEPLOYMENT,T2-R05 | T2-R16 | T2-R24,T2-A16 | T2-A64
FP-0890,T2,PFCP Session Modification Request,PFCP Session Modification Request.Update PDR.PDI.Framed-Routing,DEPLOYMENT,T2-R05 | T2-R16 | T2-R24,T2-A16 | T2-A64
FP-0891,T2,PFCP Session Modification Request,PFCP Session Modification Request.Update PDR.PDI.Framed-IPv6- Route,DEPLOYMENT,T2-R05 | T2-R16 | T2-R24,T2-A16 | T2-A64
FP-0892,T2,PFCP Session Modification Request,PFCP Session Modification Request.Update PDR.PDI.Source Interface Type,RELATIONAL,T2-R16 | T2-R24,T2-A64
FP-0893,T2,PFCP Session Modification Request,PFCP Session Modification Request.Update PDR.PDI.IP Multicast Addressing Info.IP Multicast Address,DEPLOYMENT,T2-R05 | T2-R16 | T2-R24,T2-A16 | T2-A64
FP-0894,T2,PFCP Session Modification Request,PFCP Session Modification Request.Update PDR.PDI.IP Multicast Addressing Info.Source IP Address,DEPLOYMENT,T2-R05 | T2-R16 | T2-R24,T2-A16 | T2-A64
FP-0895,T2,PFCP Session Modification Request,PFCP Session Modification Request.Update PDR.PDI.DNS Query Filter,DEPLOYMENT,T2-R05 | T2-R16 | T2-R24,T2-A16 | T2-A64
FP-0896,T2,PFCP Session Modification Request,PFCP Session Modification Request.Update PDR.PDI.MBS Session Identifier,DEPLOYMENT,T2-R09 | T2-R16 | T2-R19 | T2-R24,T2-A61 | T2-A64
FP-0897,T2,PFCP Session Modification Request,PFCP Session Modification Request.Update PDR.PDI.Area Session ID,DEPLOYMENT,T2-R09 | T2-R16 | T2-R19 | T2-R24,T2-A61 | T2-A64
FP-0898,T2,PFCP Session Modification Request,PFCP Session Modification Request.Update PDR.FAR ID.farId,RELATIONAL,T2-R06 | T2-R16 | T2-R21 | T2-R24,T2-A21 | T2-A64
FP-0899,T2,PFCP Session Modification Request,PFCP Session Modification Request.Update PDR.URR ID.urrId,DIRECT,T2-R07 | T2-R10 | T2-R16 | T2-R24,T2-A22 | T2-A25 | T2-A64
FP-0900,T2,PFCP Session Modification Request,PFCP Session Modification Request.Update PDR.QER ID.qerId,RELATIONAL,T2-R16 | T2-R24,T2-A64
FP-0901,T2,PFCP Session Modification Request,PFCP Session Modification Request.Update PDR.Activate Predefined Rules,DEPLOYMENT,T2-R05 | T2-R16 | T2-R24,T2-A19 | T2-A64
FP-0902,T2,PFCP Session Modification Request,PFCP Session Modification Request.Update PDR.Deactivate Predefined Rules,DEPLOYMENT,T2-R05 | T2-R16 | T2-R24,T2-A19 | T2-A64
FP-0903,T2,PFCP Session Modification Request,PFCP Session Modification Request.Update PDR.Activation Time,DEPLOYMENT,T2-R16 | T2-R23 | T2-R24,T2-A18 | T2-A64
FP-0904,T2,PFCP Session Modification Request,PFCP Session Modification Request.Update PDR.Deactivation Time,DEPLOYMENT,T2-R16 | T2-R23 | T2-R24,T2-A18 | T2-A64
FP-0905,T2,PFCP Session Modification Request,PFCP Session Modification Request.Update PDR.IP Multicast Addressing Info.IP Multicast Address,DEPLOYMENT,T2-R05 | T2-R09 | T2-R16 | T2-R21 | T2-R24,T2-A60 | T2-A64
FP-0906,T2,PFCP Session Modification Request,PFCP Session Modification Request.Update PDR.IP Multicast Addressing Info.Source IP Address,DEPLOYMENT,T2-R05 | T2-R09 | T2-R16 | T2-R21 | T2-R24,T2-A60 | T2-A64
FP-0907,T2,PFCP Session Modification Request,PFCP Session Modification Request.Update PDR.Transport Delay Reporting.Preceding UL GTP-U Peer,DEPLOYMENT,T2-R05 | T2-R09 | T2-R16 | T2-R21 | T2-R24,T2-A60 | T2-A64
FP-0908,T2,PFCP Session Modification Request,PFCP Session Modification Request.Update PDR.Transport Delay Reporting.DSCP,DEPLOYMENT,T2-R05 | T2-R09 | T2-R16 | T2-R21 | T2-R24,T2-A60 | T2-A64
FP-0909,T2,PFCP Session Modification Request,PFCP Session Modification Request.Update PDR.RAT Type,DEPLOYMENT,T2-R16 | T2-R19 | T2-R24,T2-A53 | T2-A64
FP-0910,T2,PFCP Session Modification Request,PFCP Session Modification Request.Update FAR.FAR ID.farId,RELATIONAL,T2-R06 | T2-R16 | T2-R21 | T2-R24,T2-A21 | T2-A57 | T2-A64
FP-0911,T2,PFCP Session Modification Request,PFCP Session Modification Request.Update FAR.Apply Action.DROP,DEPLOYMENT,T2-R16 | T2-R21 | T2-R24,T2-A54 | T2-A64
FP-0912,T2,PFCP Session Modification Request,PFCP Session Modification Request.Update FAR.Apply Action.FORW,DEPLOYMENT,T2-R16 | T2-R21 | T2-R24,T2-A54 | T2-A64
FP-0913,T2,PFCP Session Modification Request,PFCP Session Modification Request.Update FAR.Apply Action.BUFF,RELATIONAL,T2-R16 | T2-R24,T2-A64
FP-0914,T2,PFCP Session Modification Request,PFCP Session Modification Request.Update FAR.Apply Action.NOCP,RELATIONAL,T2-R16 | T2-R24,T2-A64
FP-0915,T2,PFCP Session Modification Request,PFCP Session Modification Request.Update FAR.Apply Action.DUPL,DEPLOYMENT,T2-R16 | T2-R21 | T2-R24,T2-A55 | T2-A64
FP-0916,T2,PFCP Session Modification Request,PFCP Session Modification Request.Update FAR.Apply Action.IPMA,RELATIONAL,T2-R16 | T2-R24,T2-A64
FP-0917,T2,PFCP Session Modification Request,PFCP Session Modification Request.Update FAR.Apply Action.IPMD,RELATIONAL,T2-R16 | T2-R24,T2-A64
FP-0918,T2,PFCP Session Modification Request,PFCP Session Modification Request.Update FAR.Apply Action.DFRT,DEPLOYMENT,T2-R16 | T2-R21 | T2-R24,T2-A55 | T2-A64
FP-0919,T2,PFCP Session Modification Request,PFCP Session Modification Request.Update FAR.Apply Action.EDRT,RELATIONAL,T2-R16 | T2-R24,T2-A64
FP-0920,T2,PFCP Session Modification Request,PFCP Session Modification Request.Update FAR.Apply Action.BDPN,RELATIONAL,T2-R16 | T2-R24,T2-A64
FP-0921,T2,PFCP Session Modification Request,PFCP Session Modification Request.Update FAR.Apply Action.DDPN,DEPLOYMENT,T2-R16 | T2-R21 | T2-R24,T2-A55 | T2-A64
FP-0922,T2,PFCP Session Modification Request,PFCP Session Modification Request.Update FAR.Update Forwarding parameters.Destination Interface.interfaceValue,DEPLOYMENT,T2-R06 | T2-R16 | T2-R21 | T2-R24,T2-A56 | T2-A64
FP-0923,T2,PFCP Session Modification Request,PFCP Session Modification Request.Update FAR.Update Forwarding parameters.Destination Interface.interfaceType,DEPLOYMENT,T2-R06 | T2-R16 | T2-R21 | T2-R24,T2-A56 | T2-A64
FP-0924,T2,PFCP Session Modification Request,PFCP Session Modification Request.Update FAR.Update Forwarding parameters.Network instance.length,DEPLOYMENT,T2-R06 | T2-R16 | T2-R21 | T2-R24,T2-A56 | T2-A62 | T2-A64
FP-0925,T2,PFCP Session Modification Request,PFCP Session Modification Request.Update FAR.Update Forwarding parameters.Network instance.apnOrDnn,DEPLOYMENT,T2-R06 | T2-R16 | T2-R21 | T2-R24,T2-A56 | T2-A64
FP-0926,T2,PFCP Session Modification Request,PFCP Session Modification Request.Update FAR.Update Forwarding parameters.Redirect Information,DEPLOYMENT,T2-R06 | T2-R16 | T2-R21 | T2-R24,T2-A56 | T2-A64
FP-0927,T2,PFCP Session Modification Request,PFCP Session Modification Request.Update FAR.Update Forwarding parameters.Outer Header Creation,RELATIONAL,T2-R16 | T2-R24,T2-A64
FP-0928,T2,PFCP Session Modification Request,PFCP Session Modification Request.Update FAR.Update Forwarding parameters.Transport Level Marking,RELATIONAL,T2-R16 | T2-R24,T2-A64
FP-0929,T2,PFCP Session Modification Request,PFCP Session Modification Request.Update FAR.Update Forwarding parameters.Forwarding Policy,DEPLOYMENT,T2-R06 | T2-R16 | T2-R21 | T2-R24,T2-A56 | T2-A64
FP-0930,T2,PFCP Session Modification Request,PFCP Session Modification Request.Update FAR.Update Forwarding parameters.Header Enrichment,RELATIONAL,T2-R16 | T2-R24,T2-A64
FP-0931,T2,PFCP Session Modification Request,PFCP Session Modification Request.Update FAR.Update Forwarding parameters.PFCPSMReq- Flags.DROBU,RELATIONAL,T2-R16 | T2-R24,T2-A64
FP-0932,T2,PFCP Session Modification Request,PFCP Session Modification Request.Update FAR.Update Forwarding parameters.PFCPSMReq- Flags.SNDEM,RELATIONAL,T2-R16 | T2-R24,T2-A64
FP-0933,T2,PFCP Session Modification Request,PFCP Session Modification Request.Update FAR.Update Forwarding parameters.PFCPSMReq- Flags.QAURR,RELATIONAL,T2-R16 | T2-R24,T2-A64
FP-0934,T2,PFCP Session Modification Request,PFCP Session Modification Request.Update FAR.Update Forwarding parameters.PFCPSMReq- Flags.SUMPC,RELATIONAL,T2-R16 | T2-R24,T2-A64
FP-0935,T2,PFCP Session Modification Request,PFCP Session Modification Request.Update FAR.Update Forwarding parameters.PFCPSMReq- Flags.RUMUC,RELATIONAL,T2-R16 | T2-R24,T2-A64
FP-0936,T2,PFCP Session Modification Request,PFCP Session Modification Request.Update FAR.Update Forwarding parameters.PFCPSMReq- Flags.DETEID,RELATIONAL,T2-R16 | T2-R24,T2-A64
FP-0937,T2,PFCP Session Modification Request,PFCP Session Modification Request.Update FAR.Update Forwarding parameters.Linked Traffic Endpoint ID,DEPLOYMENT,T2-R06 | T2-R16 | T2-R21 | T2-R24,T2-A56 | T2-A64
FP-0938,T2,PFCP Session Modification Request,PFCP Session Modification Request.Update FAR.Update Forwarding parameters.Destination Interface Type,DEPLOYMENT,T2-R06 | T2-R16 | T2-R21 | T2-R24,T2-A56 | T2-A64
FP-0939,T2,PFCP Session Modification Request,PFCP Session Modification Request.Update FAR.Update Forwarding parameters.IP Address and Port Number Replacement,RELATIONAL,T2-R16 | T2-R24,T2-A64
FP-0940,T2,PFCP Session Modification Request,PFCP Session Modification Request.Update FAR.Redundant Transmission Forwarding Parameters.Outer Header Creation,RELATIONAL,T2-R16 | T2-R24,T2-A64
FP-0941,T2,PFCP Session Modification Request,PFCP Session Modification Request.Update FAR.Redundant Transmission Forwarding Parameters.Network Instance for Redundant Transmission.length,RELATIONAL,T2-R16 | T2-R24,T2-A62 | T2-A64
FP-0942,T2,PFCP Session Modification Request,PFCP Session Modification Request.Update FAR.Redundant Transmission Forwarding Parameters.Network Instance for Redundant Transmission.apnOrDnn,RELATIONAL,T2-R16 | T2-R24,T2-A64
FP-0943,T2,PFCP Session Modification Request,PFCP Session Modification Request.Update FAR.BAR ID.barId,RELATIONAL,T2-R16 | T2-R24,T2-A64
FP-0944,T2,PFCP Session Modification Request,PFCP Session Modification Request.Update URR.URR ID.urrId,RELATIONAL,T2-R10 | T2-R16 | T2-R24,T2-A28 | T2-A64
FP-0945,T2,PFCP Session Modification Request,PFCP Session Modification Request.Update URR.Measurement Method.EVENT,DIRECT,T2-R11 | T2-R16 | T2-R24,T2-A30 | T2-A64
FP-0946,T2,PFCP Session Modification Request,PFCP Session Modification Request.Update URR.Measurement Method.VOLUM,DIRECT,T2-R11 | T2-R16 | T2-R24,T2-A29 | T2-A30 | T2-A64
FP-0947,T2,PFCP Session Modification Request,PFCP Session Modification Request.Update URR.Measurement Method.DURAT,DIRECT,T2-R11 | T2-R16 | T2-R24,T2-A30 | T2-A64
FP-0948,T2,PFCP Session Modification Request,PFCP Session Modification Request.Update URR.Reporting Triggers.PERIO,DIRECT,T2-R12 | T2-R16 | T2-R24,T2-A31 | T2-A32 | T2-A64
FP-0949,T2,PFCP Session Modification Request,PFCP Session Modification Request.Update URR.Reporting Triggers.VOLTH,DIRECT,T2-R12 | T2-R16 | T2-R24,T2-A31 | T2-A32 | T2-A64
FP-0950,T2,PFCP Session Modification Request,PFCP Session Modification Request.Update URR.Reporting Triggers.TIMTH,DIRECT,T2-R12 | T2-R16 | T2-R24,T2-A31 | T2-A32 | T2-A64
FP-0951,T2,PFCP Session Modification Request,PFCP Session Modification Request.Update URR.Reporting Triggers.QUHTI,DIRECT,T2-R12 | T2-R16 | T2-R24,T2-A31 | T2-A32 | T2-A64
FP-0952,T2,PFCP Session Modification Request,PFCP Session Modification Request.Update URR.Reporting Triggers.START,DIRECT,T2-R12 | T2-R16 | T2-R24,T2-A31 | T2-A32 | T2-A64
FP-0953,T2,PFCP Session Modification Request,PFCP Session Modification Request.Update URR.Reporting Triggers.STOPT,DIRECT,T2-R12 | T2-R16 | T2-R24,T2-A31 | T2-A32 | T2-A64
FP-0954,T2,PFCP Session Modification Request,PFCP Session Modification Request.Update URR.Reporting Triggers.DROTH,DIRECT,T2-R12 | T2-R16 | T2-R24,T2-A31 | T2-A32 | T2-A64
FP-0955,T2,PFCP Session Modification Request,PFCP Session Modification Request.Update URR.Reporting Triggers.LIUSA,DIRECT,T2-R12 | T2-R14 | T2-R16 | T2-R24,T2-A31 | T2-A32 | T2-A39 | T2-A64
FP-0956,T2,PFCP Session Modification Request,PFCP Session Modification Request.Update URR.Reporting Triggers.VOLQU,DIRECT,T2-R12 | T2-R16 | T2-R24,T2-A31 | T2-A32 | T2-A64
FP-0957,T2,PFCP Session Modification Request,PFCP Session Modification Request.Update URR.Reporting Triggers.TIMQU,DIRECT,T2-R12 | T2-R16 | T2-R24,T2-A31 | T2-A32 | T2-A64
FP-0958,T2,PFCP Session Modification Request,PFCP Session Modification Request.Update URR.Reporting Triggers.ENVCL,DIRECT,T2-R12 | T2-R16 | T2-R24,T2-A31 | T2-A32 | T2-A64
FP-0959,T2,PFCP Session Modification Request,PFCP Session Modification Request.Update URR.Reporting Triggers.MACAR,DIRECT,T2-R12 | T2-R16 | T2-R24,T2-A31 | T2-A32 | T2-A64
FP-0960,T2,PFCP Session Modification Request,PFCP Session Modification Request.Update URR.Reporting Triggers.EVETH,DIRECT,T2-R12 | T2-R16 | T2-R24,T2-A31 | T2-A32 | T2-A64
FP-0961,T2,PFCP Session Modification Request,PFCP Session Modification Request.Update URR.Reporting Triggers.EVEQU,DIRECT,T2-R12 | T2-R16 | T2-R24,T2-A31 | T2-A32 | T2-A64
FP-0962,T2,PFCP Session Modification Request,PFCP Session Modification Request.Update URR.Reporting Triggers.TEBUR,DIRECT,T2-R12 | T2-R16 | T2-R24,T2-A31 | T2-A32 | T2-A64
FP-0963,T2,PFCP Session Modification Request,PFCP Session Modification Request.Update URR.Reporting Triggers.IPMJL,DIRECT,T2-R12 | T2-R16 | T2-R24,T2-A31 | T2-A32 | T2-A64
FP-0964,T2,PFCP Session Modification Request,PFCP Session Modification Request.Update URR.Reporting Triggers.QUVTI,DIRECT,T2-R12 | T2-R16 | T2-R24,T2-A31 | T2-A32 | T2-A64
FP-0965,T2,PFCP Session Modification Request,PFCP Session Modification Request.Update URR.Reporting Triggers.EMRRE,DIRECT,T2-R12 | T2-R16 | T2-R24,T2-A31 | T2-A32 | T2-A64
FP-0966,T2,PFCP Session Modification Request,PFCP Session Modification Request.Update URR.Reporting Triggers.UPINT,DIRECT,T2-R12 | T2-R16 | T2-R24,T2-A31 | T2-A32 | T2-A64
FP-0967,T2,PFCP Session Modification Request,PFCP Session Modification Request.Update URR.Measurement Period,DEPLOYMENT,T2-R11 | T2-R12 | T2-R13 | T2-R16 | T2-R24,T2-A35 | T2-A64
FP-0968,T2,PFCP Session Modification Request,PFCP Session Modification Request.Update URR.Volume Threshold,DIRECT,T2-R12 | T2-R13 | T2-R16 | T2-R24,T2-A33 | T2-A64
FP-0969,T2,PFCP Session Modification Request,PFCP Session Modification Request.Update URR.Volume Quota,DIRECT,T2-R12 | T2-R13 | T2-R15 | T2-R16 | T2-R24,T2-A34 | T2-A64
FP-0970,T2,PFCP Session Modification Request,PFCP Session Modification Request.Update URR.Time Threshold,DEPLOYMENT,T2-R11 | T2-R12 | T2-R13 | T2-R16 | T2-R24,T2-A35 | T2-A64
FP-0971,T2,PFCP Session Modification Request,PFCP Session Modification Request.Update URR.Time Quota,DEPLOYMENT,T2-R11 | T2-R12 | T2-R13 | T2-R16 | T2-R24,T2-A35 | T2-A64
FP-0972,T2,PFCP Session Modification Request,PFCP Session Modification Request.Update URR.Event Threshold,DEPLOYMENT,T2-R11 | T2-R12 | T2-R13 | T2-R16 | T2-R24,T2-A36 | T2-A64
FP-0973,T2,PFCP Session Modification Request,PFCP Session Modification Request.Update URR.Event Quota,DEPLOYMENT,T2-R11 | T2-R12 | T2-R13 | T2-R16 | T2-R24,T2-A36 | T2-A64
FP-0974,T2,PFCP Session Modification Request,PFCP Session Modification Request.Update URR.Quota Holding Time,DEPLOYMENT,T2-R12 | T2-R16 | T2-R24,T2-A45 | T2-A64
FP-0975,T2,PFCP Session Modification Request,PFCP Session Modification Request.Update URR.Dropped DL Traffic Threshold,RELATIONAL,T2-R16 | T2-R24,T2-A64
FP-0976,T2,PFCP Session Modification Request,PFCP Session Modification Request.Update URR.Quota Validity Time,DEPLOYMENT,T2-R12 | T2-R16 | T2-R24,T2-A45 | T2-A64
FP-0977,T2,PFCP Session Modification Request,PFCP Session Modification Request.Update URR.Monitoring Time,DEPLOYMENT,T2-R13 | T2-R16 | T2-R24,T2-A37 | T2-A64
FP-0978,T2,PFCP Session Modification Request,PFCP Session Modification Request.Update URR.Subsequent Volume Threshold,DIRECT,T2-R12 | T2-R13 | T2-R16 | T2-R24,T2-A33 | T2-A38 | T2-A64
FP-0979,T2,PFCP Session Modification Request,PFCP Session Modification Request.Update URR.Subsequent Time Threshold,DEPLOYMENT,T2-R11 | T2-R12 | T2-R13 | T2-R16 | T2-R24,T2-A35 | T2-A38 | T2-A64
FP-0980,T2,PFCP Session Modification Request,PFCP Session Modification Request.Update URR.Subsequent Volume Quota,DIRECT,T2-R12 | T2-R13 | T2-R15 | T2-R16 | T2-R24,T2-A34 | T2-A38 | T2-A64
FP-0981,T2,PFCP Session Modification Request,PFCP Session Modification Request.Update URR.Subsequent Time Quota,DEPLOYMENT,T2-R11 | T2-R12 | T2-R13 | T2-R16 | T2-R24,T2-A35 | T2-A38 | T2-A64
FP-0982,T2,PFCP Session Modification Request,PFCP Session Modification Request.Update URR.Subsequent Event Threshold,DEPLOYMENT,T2-R11 | T2-R12 | T2-R13 | T2-R16 | T2-R24,T2-A36 | T2-A38 | T2-A64
FP-0983,T2,PFCP Session Modification Request,PFCP Session Modification Request.Update URR.Subsequent Event Quota,DEPLOYMENT,T2-R11 | T2-R12 | T2-R13 | T2-R16 | T2-R24,T2-A36 | T2-A38 | T2-A64
FP-0984,T2,PFCP Session Modification Request,PFCP Session Modification Request.Update URR.Inactivity Detection Time,DEPLOYMENT,T2-R12 | T2-R16 | T2-R24,T2-A45 | T2-A64
FP-0985,T2,PFCP Session Modification Request,PFCP Session Modification Request.Update URR.Linked URR ID,RELATIONAL,T2-R14 | T2-R16 | T2-R24,T2-A39 | T2-A64
FP-0986,T2,PFCP Session Modification Request,PFCP Session Modification Request.Update URR.Measurement Information,RELATIONAL,T2-R11 | T2-R13 | T2-R16 | T2-R17 | T2-R24,T2-A44 | T2-A64
FP-0987,T2,PFCP Session Modification Request,PFCP Session Modification Request.Update URR.FAR ID for Quota Action.farId,DIRECT,T2-R15 | T2-R16 | T2-R21 | T2-R24,T2-A40 | T2-A64
FP-0988,T2,PFCP Session Modification Request,PFCP Session Modification Request.Update URR.Ethernet Inactivity Timer,DEPLOYMENT,T2-R12 | T2-R16 | T2-R24,T2-A45 | T2-A64
FP-0989,T2,PFCP Session Modification Request,PFCP Session Modification Request.Update URR.Additional Monitoring Time.Monitoring Time,DEPLOYMENT,T2-R13 | T2-R16 | T2-R24,T2-A37 | T2-A38 | T2-A64
FP-0990,T2,PFCP Session Modification Request,PFCP Session Modification Request.Update URR.Additional Monitoring Time.Subsequent Volume Threshold,DEPLOYMENT,T2-R13 | T2-R16 | T2-R24,T2-A37 | T2-A38 | T2-A64
FP-0991,T2,PFCP Session Modification Request,PFCP Session Modification Request.Update URR.Additional Monitoring Time.Subsequent Time Threshold,DEPLOYMENT,T2-R13 | T2-R16 | T2-R24,T2-A37 | T2-A38 | T2-A64
FP-0992,T2,PFCP Session Modification Request,PFCP Session Modification Request.Update URR.Additional Monitoring Time.Subsequent Volume Quota,DEPLOYMENT,T2-R13 | T2-R16 | T2-R24,T2-A37 | T2-A38 | T2-A64
FP-0993,T2,PFCP Session Modification Request,PFCP Session Modification Request.Update URR.Additional Monitoring Time.Subsequent Time Quota,DEPLOYMENT,T2-R13 | T2-R16 | T2-R24,T2-A37 | T2-A38 | T2-A64
FP-0994,T2,PFCP Session Modification Request,PFCP Session Modification Request.Update URR.Additional Monitoring Time.Subsequent Event Threshold,DEPLOYMENT,T2-R13 | T2-R16 | T2-R24,T2-A37 | T2-A38 | T2-A64
FP-0995,T2,PFCP Session Modification Request,PFCP Session Modification Request.Update URR.Additional Monitoring Time.Subsequent Event Quota,DEPLOYMENT,T2-R13 | T2-R16 | T2-R24,T2-A37 | T2-A38 | T2-A64
FP-0996,T2,PFCP Session Modification Request,PFCP Session Modification Request.Update URR.Number of Reports,DEPLOYMENT,T2-R12 | T2-R16 | T2-R24,T2-A43 | T2-A64
FP-0997,T2,PFCP Session Modification Request,PFCP Session Modification Request.Update URR.Exempted Application ID for Quota Action,DEPLOYMENT,T2-R15 | T2-R16 | T2-R24,T2-A42 | T2-A64
FP-0998,T2,PFCP Session Modification Request,PFCP Session Modification Request.Update URR.Exempted SDF Filter for Quota Action.BID,DIRECT,T2-R15 | T2-R16 | T2-R24,T2-A41 | T2-A62 | T2-A64
FP-0999,T2,PFCP Session Modification Request,PFCP Session Modification Request.Update URR.Exempted SDF Filter for Quota Action.FL,DIRECT,T2-R15 | T2-R16 | T2-R24,T2-A41 | T2-A62 | T2-A64
FP-1000,T2,PFCP Session Modification Request,PFCP Session Modification Request.Update URR.Exempted SDF Filter for Quota Action.SPI,DIRECT,T2-R15 | T2-R16 | T2-R24,T2-A41 | T2-A62 | T2-A64
FP-1001,T2,PFCP Session Modification Request,PFCP Session Modification Request.Update URR.Exempted SDF Filter for Quota Action.TTC,DIRECT,T2-R15 | T2-R16 | T2-R24,T2-A41 | T2-A62 | T2-A64
FP-1002,T2,PFCP Session Modification Request,PFCP Session Modification Request.Update URR.Exempted SDF Filter for Quota Action.FD,DIRECT,T2-R15 | T2-R16 | T2-R24,T2-A41 | T2-A62 | T2-A64
FP-1003,T2,PFCP Session Modification Request,PFCP Session Modification Request.Update URR.Exempted SDF Filter for Quota Action.flowDescriptionLength,DIRECT,T2-R15 | T2-R16 | T2-R24,T2-A41 | T2-A64
FP-1004,T2,PFCP Session Modification Request,PFCP Session Modification Request.Update URR.Exempted SDF Filter for Quota Action.flowDescription,DIRECT,T2-R15 | T2-R16 | T2-R24,T2-A41 | T2-A64
FP-1005,T2,PFCP Session Modification Request,PFCP Session Modification Request.Update URR.Exempted SDF Filter for Quota Action.tosTrafficClass,DIRECT,T2-R15 | T2-R16 | T2-R24,T2-A41 | T2-A64
FP-1006,T2,PFCP Session Modification Request,PFCP Session Modification Request.Update URR.Exempted SDF Filter for Quota Action.securityParameterIndex,DIRECT,T2-R15 | T2-R16 | T2-R24,T2-A41 | T2-A64
FP-1007,T2,PFCP Session Modification Request,PFCP Session Modification Request.Update URR.Exempted SDF Filter for Quota Action.flowLabel,DIRECT,T2-R15 | T2-R16 | T2-R24,T2-A41 | T2-A64
FP-1008,T2,PFCP Session Modification Request,PFCP Session Modification Request.Update URR.Exempted SDF Filter for Quota Action.sdfFilterId,DIRECT,T2-R15 | T2-R16 | T2-R24,T2-A41 | T2-A64
FP-1009,T2,PFCP Session Modification Request,PFCP Session Modification Request.Update URR.User Plane Inactivity Timer,DEPLOYMENT,T2-R12 | T2-R16 | T2-R24,T2-A45 | T2-A64
FP-1010,T2,PFCP Session Modification Request,PFCP Session Modification Request.Update QER.QER ID.qerId,RELATIONAL,T2-R16 | T2-R24,T2-A64
FP-1011,T2,PFCP Session Modification Request,PFCP Session Modification Request.Update QER.QER Correlation ID,DEPLOYMENT,T2-R08 | T2-R16 | T2-R22 | T2-R24,T2-A58 | T2-A64
FP-1012,T2,PFCP Session Modification Request,PFCP Session Modification Request.Update QER.Gate Status,RELATIONAL,T2-R16 | T2-R24,T2-A64
FP-1013,T2,PFCP Session Modification Request,PFCP Session Modification Request.Update QER.Maximum Bitrate,DEPLOYMENT,T2-R08 | T2-R16 | T2-R22 | T2-R24,T2-A58 | T2-A64
FP-1014,T2,PFCP Session Modification Request,PFCP Session Modification Request.Update QER.Guaranteed Bitrate,DEPLOYMENT,T2-R08 | T2-R16 | T2-R22 | T2-R24,T2-A58 | T2-A64
FP-1015,T2,PFCP Session Modification Request,PFCP Session Modification Request.Update QER.Packet Rate,DEPLOYMENT,T2-R08 | T2-R16 | T2-R22 | T2-R24,T2-A58 | T2-A64
FP-1016,T2,PFCP Session Modification Request,PFCP Session Modification Request.Update QER.QoS flow identifier,DEPLOYMENT,T2-R08 | T2-R16 | T2-R22 | T2-R24,T2-A26 | T2-A58 | T2-A64
FP-1017,T2,PFCP Session Modification Request,PFCP Session Modification Request.Update QER.Reflective QoS,DEPLOYMENT,T2-R08 | T2-R16 | T2-R22 | T2-R24,T2-A58 | T2-A64
FP-1018,T2,PFCP Session Modification Request,PFCP Session Modification Request.Update QER.Paging Policy Indicator,DEPLOYMENT,T2-R08 | T2-R16 | T2-R22 | T2-R24,T2-A58 | T2-A64
FP-1019,T2,PFCP Session Modification Request,PFCP Session Modification Request.Update QER.Averaging Window,DEPLOYMENT,T2-R08 | T2-R16 | T2-R22 | T2-R24,T2-A58 | T2-A64
FP-1020,T2,PFCP Session Modification Request,PFCP Session Modification Request.Update QER.QER Control Indications,RELATIONAL,T2-R16 | T2-R24,T2-A64
FP-1026,T2,PFCP Session Modification Request,PFCP Session Modification Request.Update Traffic Endpoint.Traffic Endpoint ID,DIRECT,T2-R09 | T2-R19,T2-A59
FP-1027,T2,PFCP Session Modification Request,PFCP Session Modification Request.Update Traffic Endpoint.Local F-TEID.CHID,DIRECT,T2-R09 | T2-R16 | T2-R19,T2-A59 | T2-A62
FP-1028,T2,PFCP Session Modification Request,PFCP Session Modification Request.Update Traffic Endpoint.Local F-TEID.CH,DIRECT,T2-R09 | T2-R16 | T2-R19,T2-A59 | T2-A62
FP-1029,T2,PFCP Session Modification Request,PFCP Session Modification Request.Update Traffic Endpoint.Local F-TEID.V6,DIRECT,T2-R09 | T2-R16 | T2-R19,T2-A59 | T2-A62
FP-1030,T2,PFCP Session Modification Request,PFCP Session Modification Request.Update Traffic Endpoint.Local F-TEID.V4,DIRECT,T2-R09 | T2-R16 | T2-R19,T2-A59 | T2-A62
FP-1031,T2,PFCP Session Modification Request,PFCP Session Modification Request.Update Traffic Endpoint.Local F-TEID.TEID,DIRECT,T2-R09 | T2-R19,T2-A59
FP-1032,T2,PFCP Session Modification Request,PFCP Session Modification Request.Update Traffic Endpoint.Local F-TEID.ipv4Address,DIRECT,T2-R09 | T2-R19,T2-A59
FP-1033,T2,PFCP Session Modification Request,PFCP Session Modification Request.Update Traffic Endpoint.Local F-TEID.ipv6Address,DIRECT,T2-R09 | T2-R19,T2-A59
FP-1034,T2,PFCP Session Modification Request,PFCP Session Modification Request.Update Traffic Endpoint.Local F-TEID.chooseId,DIRECT,T2-R09 | T2-R19,T2-A59
FP-1035,T2,PFCP Session Modification Request,PFCP Session Modification Request.Update Traffic Endpoint.Network Instance.length,DIRECT,T2-R09 | T2-R16 | T2-R19,T2-A59 | T2-A62
FP-1036,T2,PFCP Session Modification Request,PFCP Session Modification Request.Update Traffic Endpoint.Network Instance.apnOrDnn,DIRECT,T2-R09 | T2-R19,T2-A59
FP-1037,T2,PFCP Session Modification Request,PFCP Session Modification Request.Update Traffic Endpoint.Redundant Transmission Detection Parameters.Local F-TEID for Redundant Transmission.CHID,DEPLOYMENT,T2-R05 | T2-R09 | T2-R16 | T2-R21,T2-A60 | T2-A62
FP-1038,T2,PFCP Session Modification Request,PFCP Session Modification Request.Update Traffic Endpoint.Redundant Transmission Detection Parameters.Local F-TEID for Redundant Transmission.CH,DEPLOYMENT,T2-R05 | T2-R09 | T2-R16 | T2-R21,T2-A60 | T2-A62
FP-1039,T2,PFCP Session Modification Request,PFCP Session Modification Request.Update Traffic Endpoint.Redundant Transmission Detection Parameters.Local F-TEID for Redundant Transmission.V6,DEPLOYMENT,T2-R05 | T2-R09 | T2-R16 | T2-R21,T2-A60 | T2-A62
FP-1040,T2,PFCP Session Modification Request,PFCP Session Modification Request.Update Traffic Endpoint.Redundant Transmission Detection Parameters.Local F-TEID for Redundant Transmission.V4,DEPLOYMENT,T2-R05 | T2-R09 | T2-R16 | T2-R21,T2-A60 | T2-A62
FP-1041,T2,PFCP Session Modification Request,PFCP Session Modification Request.Update Traffic Endpoint.Redundant Transmission Detection Parameters.Local F-TEID for Redundant Transmission.TEID,DEPLOYMENT,T2-R05 | T2-R09 | T2-R21,T2-A60
FP-1042,T2,PFCP Session Modification Request,PFCP Session Modification Request.Update Traffic Endpoint.Redundant Transmission Detection Parameters.Local F-TEID for Redundant Transmission.ipv4Address,DEPLOYMENT,T2-R05 | T2-R09 | T2-R21,T2-A60
FP-1043,T2,PFCP Session Modification Request,PFCP Session Modification Request.Update Traffic Endpoint.Redundant Transmission Detection Parameters.Local F-TEID for Redundant Transmission.ipv6Address,DEPLOYMENT,T2-R05 | T2-R09 | T2-R21,T2-A60
FP-1044,T2,PFCP Session Modification Request,PFCP Session Modification Request.Update Traffic Endpoint.Redundant Transmission Detection Parameters.Local F-TEID for Redundant Transmission.chooseId,DEPLOYMENT,T2-R05 | T2-R09 | T2-R21,T2-A60
FP-1045,T2,PFCP Session Modification Request,PFCP Session Modification Request.Update Traffic Endpoint.Redundant Transmission Detection Parameters.Network Instance for Redundant Transmission.length,DEPLOYMENT,T2-R05 | T2-R09 | T2-R16 | T2-R21,T2-A60 | T2-A62
FP-1046,T2,PFCP Session Modification Request,PFCP Session Modification Request.Update Traffic Endpoint.Redundant Transmission Detection Parameters.Network Instance for Redundant Transmission.apnOrDnn,DEPLOYMENT,T2-R05 | T2-R09 | T2-R21,T2-A60
FP-1047,T2,PFCP Session Modification Request,PFCP Session Modification Request.Update Traffic Endpoint.UE IP address.CHV6,DIRECT,T2-R09 | T2-R19,T2-A59
FP-1048,T2,PFCP Session Modification Request,PFCP Session Modification Request.Update Traffic Endpoint.UE IP address.IPV6D,DIRECT,T2-R09 | T2-R19,T2-A59
FP-1049,T2,PFCP Session Modification Request,PFCP Session Modification Request.Update Traffic Endpoint.UE IP address.SD,DIRECT,T2-R09 | T2-R19,T2-A59
FP-1050,T2,PFCP Session Modification Request,PFCP Session Modification Request.Update Traffic Endpoint.UE IP address.V4,DIRECT,T2-R09 | T2-R16 | T2-R19,T2-A59 | T2-A62
FP-1051,T2,PFCP Session Modification Request,PFCP Session Modification Request.Update Traffic Endpoint.UE IP address.V6,DIRECT,T2-R09 | T2-R16 | T2-R19,T2-A59 | T2-A62
FP-1052,T2,PFCP Session Modification Request,PFCP Session Modification Request.Update Traffic Endpoint.UE IP address.ipv4Address,DIRECT,T2-R09 | T2-R19,T2-A59
FP-1053,T2,PFCP Session Modification Request,PFCP Session Modification Request.Update Traffic Endpoint.UE IP address.ipv6Address,DIRECT,T2-R09 | T2-R19,T2-A59
FP-1054,T2,PFCP Session Modification Request,PFCP Session Modification Request.Update Traffic Endpoint.UE IP address.ipv6PrefixDelegationBits,DIRECT,T2-R09 | T2-R19,T2-A59
FP-1055,T2,PFCP Session Modification Request,PFCP Session Modification Request.Update Traffic Endpoint.UE IP address.ipv6PrefixLength,DIRECT,T2-R09 | T2-R19,T2-A59
FP-1059,T2,PFCP Session Modification Request,PFCP Session Modification Request.Update Traffic Endpoint.QFI,DIRECT,T2-R09 | T2-R19,T2-A59
FP-1061,T2,PFCP Session Modification Request,PFCP Session Modification Request.Update Traffic Endpoint.RAT Type,DEPLOYMENT,T2-R19,T2-A53
FP-1064,T2,PFCP Session Modification Request,PFCP Session Modification Request.PFCPSMReq- Flags.QAURR,DIRECT,T2-R17 | T2-R18,T2-A48
FP-1065,T2,PFCP Session Modification Request,PFCP Session Modification Request.PFCPSMReq- Flags.SUMPC,DIRECT,T2-R17,T2-A46
FP-1066,T2,PFCP Session Modification Request,PFCP Session Modification Request.PFCPSMReq- Flags.RUMUC,DIRECT,T2-R17,T2-A47
FP-1067,T2,PFCP Session Modification Request,PFCP Session Modification Request.PFCPSMReq- Flags.DETEID,DEPLOYMENT,T2-R09 | T2-R16,T2-A63
FP-1068,T2,PFCP Session Modification Request,PFCP Session Modification Request.Query URR.URR ID.urrId,DIRECT,T2-R10 | T2-R16 | T2-R17 | T2-R18,T2-A28 | T2-A48
FP-1069,T2,PFCP Session Modification Request,PFCP Session Modification Request.PGW-C/SMF FQ- CSID,DIRECT,T2-R03,T2-A03
FP-1070,T2,PFCP Session Modification Request,PFCP Session Modification Request.User Plane Inactivity Timer,DEPLOYMENT,T2-R23 | T3-R19,T2-A65
FP-1071,T2,PFCP Session Modification Request,PFCP Session Modification Request.Query URR Reference.queryUrrReference,DIRECT,T2-R17 | T2-R18,T2-A48
FP-1073,T2,PFCP Session Modification Request,PFCP Session Modification Request.Remove MAR.MAR ID.marId,RELATIONAL,T2-R16,T2-A49
FP-1074,T2,PFCP Session Modification Request,PFCP Session Modification Request.Update MAR.MAR ID.marId,DEPLOYMENT,T2-R09 | T2-R19,T2-A27
FP-1075,T2,PFCP Session Modification Request,PFCP Session Modification Request.Update MAR.Steering Functionality,DEPLOYMENT,T2-R09 | T2-R19,T2-A27
FP-1076,T2,PFCP Session Modification Request,PFCP Session Modification Request.Update MAR.Steering Mode,DEPLOYMENT,T2-R09 | T2-R19,T2-A27
FP-1077,T2,PFCP Session Modification Request,PFCP Session Modification Request.Update MAR.Update 3GPP Access Forwarding Action Information.FAR ID.farId,DEPLOYMENT,T2-R09 | T2-R19,T2-A27
FP-1078,T2,PFCP Session Modification Request,PFCP Session Modification Request.Update MAR.Update 3GPP Access Forwarding Action Information.Weight,DEPLOYMENT,T2-R09 | T2-R19,T2-A27
FP-1079,T2,PFCP Session Modification Request,PFCP Session Modification Request.Update MAR.Update 3GPP Access Forwarding Action Information.Priority,DEPLOYMENT,T2-R09 | T2-R19,T2-A27
FP-1080,T2,PFCP Session Modification Request,PFCP Session Modification Request.Update MAR.Update 3GPP Access Forwarding Action Information.URR ID.urrId,DEPLOYMENT,T2-R09 | T2-R19,T2-A27
FP-1081,T2,PFCP Session Modification Request,PFCP Session Modification Request.Update MAR.Update 3GPP Access Forwarding Action Information.RAT Type,DEPLOYMENT,T2-R09 | T2-R19,T2-A27
FP-1082,T2,PFCP Session Modification Request,PFCP Session Modification Request.Update MAR.Update Non-3GPP Access Forwarding Action Information.FAR ID.farId,DEPLOYMENT,T2-R09 | T2-R19,T2-A27
FP-1083,T2,PFCP Session Modification Request,PFCP Session Modification Request.Update MAR.Update Non-3GPP Access Forwarding Action Information.Weight,DEPLOYMENT,T2-R09 | T2-R19,T2-A27
FP-1084,T2,PFCP Session Modification Request,PFCP Session Modification Request.Update MAR.Update Non-3GPP Access Forwarding Action Information.Priority,DEPLOYMENT,T2-R09 | T2-R19,T2-A27
FP-1085,T2,PFCP Session Modification Request,PFCP Session Modification Request.Update MAR.Update Non-3GPP Access Forwarding Action Information.URR ID.urrId,DEPLOYMENT,T2-R09 | T2-R19,T2-A27
FP-1086,T2,PFCP Session Modification Request,PFCP Session Modification Request.Update MAR.Update Non-3GPP Access Forwarding Action Information.RAT Type,DEPLOYMENT,T2-R09 | T2-R19,T2-A27
FP-1087,T2,PFCP Session Modification Request,PFCP Session Modification Request.Update MAR.3GPP Access Forwarding Action Information.FAR ID.farId,DEPLOYMENT,T2-R09 | T2-R19,T2-A27
FP-1088,T2,PFCP Session Modification Request,PFCP Session Modification Request.Update MAR.3GPP Access Forwarding Action Information.Weight,DEPLOYMENT,T2-R09 | T2-R19,T2-A27
FP-1089,T2,PFCP Session Modification Request,PFCP Session Modification Request.Update MAR.3GPP Access Forwarding Action Information.Priority,DEPLOYMENT,T2-R09 | T2-R19,T2-A27
FP-1090,T2,PFCP Session Modification Request,PFCP Session Modification Request.Update MAR.3GPP Access Forwarding Action Information.URR ID.urrId,DEPLOYMENT,T2-R09 | T2-R19,T2-A27
FP-1091,T2,PFCP Session Modification Request,PFCP Session Modification Request.Update MAR.3GPP Access Forwarding Action Information.RAT Type,DEPLOYMENT,T2-R09 | T2-R19,T2-A27
FP-1092,T2,PFCP Session Modification Request,PFCP Session Modification Request.Update MAR.Non-3GPP Access Forwarding Action Information.FAR ID.farId,DEPLOYMENT,T2-R09 | T2-R19,T2-A27
FP-1093,T2,PFCP Session Modification Request,PFCP Session Modification Request.Update MAR.Non-3GPP Access Forwarding Action Information.Weight,DEPLOYMENT,T2-R09 | T2-R19,T2-A27
FP-1094,T2,PFCP Session Modification Request,PFCP Session Modification Request.Update MAR.Non-3GPP Access Forwarding Action Information.Priority,DEPLOYMENT,T2-R09 | T2-R19,T2-A27
FP-1095,T2,PFCP Session Modification Request,PFCP Session Modification Request.Update MAR.Non-3GPP Access Forwarding Action Information.URR ID.urrId,DEPLOYMENT,T2-R09 | T2-R19,T2-A27
FP-1096,T2,PFCP Session Modification Request,PFCP Session Modification Request.Update MAR.Non-3GPP Access Forwarding Action Information.RAT Type,DEPLOYMENT,T2-R09 | T2-R19,T2-A27
FP-1097,T2,PFCP Session Modification Request,PFCP Session Modification Request.Update MAR.Threshold values,DEPLOYMENT,T2-R09 | T2-R19,T2-A27
FP-1098,T2,PFCP Session Modification Request,PFCP Session Modification Request.Update MAR.Steering Mode Indicator,DEPLOYMENT,T2-R09 | T2-R19,T2-A27
FP-1099,T2,PFCP Session Modification Request,PFCP Session Modification Request.Create MAR.MAR ID.marId,DEPLOYMENT,T2-R09 | T2-R19,T2-A27
FP-1100,T2,PFCP Session Modification Request,PFCP Session Modification Request.Create MAR.Steering Functionality,DEPLOYMENT,T2-R09 | T2-R19,T2-A27
FP-1101,T2,PFCP Session Modification Request,PFCP Session Modification Request.Create MAR.Steering Mode,DEPLOYMENT,T2-R09 | T2-R19,T2-A27
FP-1102,T2,PFCP Session Modification Request,PFCP Session Modification Request.Create MAR.3GPP Access Forwarding Action Information.FAR ID.farId,DEPLOYMENT,T2-R09 | T2-R19,T2-A27
FP-1103,T2,PFCP Session Modification Request,PFCP Session Modification Request.Create MAR.3GPP Access Forwarding Action Information.Weight,DEPLOYMENT,T2-R09 | T2-R19,T2-A27
FP-1104,T2,PFCP Session Modification Request,PFCP Session Modification Request.Create MAR.3GPP Access Forwarding Action Information.Priority,DEPLOYMENT,T2-R09 | T2-R19,T2-A27
FP-1105,T2,PFCP Session Modification Request,PFCP Session Modification Request.Create MAR.3GPP Access Forwarding Action Information.URR ID.urrId,DEPLOYMENT,T2-R09 | T2-R19,T2-A27
FP-1106,T2,PFCP Session Modification Request,PFCP Session Modification Request.Create MAR.3GPP Access Forwarding Action Information.RAT Type,DEPLOYMENT,T2-R09 | T2-R19,T2-A27
FP-1107,T2,PFCP Session Modification Request,PFCP Session Modification Request.Create MAR.Non-3GPP Access Forwarding Action Information.FAR ID.farId,DEPLOYMENT,T2-R09 | T2-R19,T2-A27
FP-1108,T2,PFCP Session Modification Request,PFCP Session Modification Request.Create MAR.Non-3GPP Access Forwarding Action Information.Weight,DEPLOYMENT,T2-R09 | T2-R19,T2-A27
FP-1109,T2,PFCP Session Modification Request,PFCP Session Modification Request.Create MAR.Non-3GPP Access Forwarding Action Information.Priority,DEPLOYMENT,T2-R09 | T2-R19,T2-A27
FP-1110,T2,PFCP Session Modification Request,PFCP Session Modification Request.Create MAR.Non-3GPP Access Forwarding Action Information.URR ID.urrId,DEPLOYMENT,T2-R09 | T2-R19,T2-A27
FP-1111,T2,PFCP Session Modification Request,PFCP Session Modification Request.Create MAR.Non-3GPP Access Forwarding Action Information.RAT Type,DEPLOYMENT,T2-R09 | T2-R19,T2-A27
FP-1112,T2,PFCP Session Modification Request,PFCP Session Modification Request.Create MAR.Threshold Values,DEPLOYMENT,T2-R09 | T2-R19,T2-A27
FP-1113,T2,PFCP Session Modification Request,PFCP Session Modification Request.Create MAR.Steering Mode Indicator,DEPLOYMENT,T2-R09 | T2-R19,T2-A27
FP-1114,T2,PFCP Session Modification Request,PFCP Session Modification Request.Node ID.nodeIdType,DIRECT,T2-R03,T2-A03
FP-1115,T2,PFCP Session Modification Request,PFCP Session Modification Request.Node ID.ipv4Address,DIRECT,T2-R03,T2-A03
FP-1116,T2,PFCP Session Modification Request,PFCP Session Modification Request.Node ID.ipv6Address,DIRECT,T2-R03,T2-A03
FP-1117,T2,PFCP Session Modification Request,PFCP Session Modification Request.Node ID.fqdn,DIRECT,T2-R03,T2-A03
FP-1121,T2,PFCP Session Modification Request,PFCP Session Modification Request.Remove SRR.SRR ID.srrId,RELATIONAL,T2-R16,T2-A49
FP-1150,T2,PFCP Session Modification Request,PFCP Session Modification Request.S-NSSAI.sst,DEPLOYMENT,T2-R19,T2-A51
FP-1151,T2,PFCP Session Modification Request,PFCP Session Modification Request.S-NSSAI.sd,DEPLOYMENT,T2-R19,T2-A51
FP-1153,T2,PFCP Session Modification Request,PFCP Session Modification Request.MBS Session N4 Control Information.MBS Session Identifier,DEPLOYMENT,T2-R09 | T2-R19,T2-A61
FP-1154,T2,PFCP Session Modification Request,PFCP Session Modification Request.MBS Session N4 Control Information.Area Session ID,DEPLOYMENT,T2-R09 | T2-R19,T2-A61
FP-1155,T2,PFCP Session Modification Request,PFCP Session Modification Request.MBS Session N4 Control Information.Multicast Transport Information,DEPLOYMENT,T2-R09 | T2-R19,T2-A61
FP-1160,T3,PFCP Session Modification Response,PFCP Session Modification Response.PFCP Header.FO,RELATIONAL,T3-R02 | T3-R06,T3-A49
FP-1164,T3,PFCP Session Modification Response,PFCP Session Modification Response.PFCP Header.messageLength,DIRECT,T3-R10 | T3-R20,T3-A26
FP-1165,T3,PFCP Session Modification Response,PFCP Session Modification Response.PFCP Header.seid,DIRECT,T3-R01,T3-A01
FP-1166,T3,PFCP Session Modification Response,PFCP Session Modification Response.PFCP Header.sequenceNumber,DIRECT,T3-R02 | T3-R08 | T3-R20,T3-A02 | T3-A03
FP-1169,T3,PFCP Session Modification Response,PFCP Session Modification Response.Cause,RELATIONAL,T3-R18,T3-A45
FP-1174,T3,PFCP Session Modification Response,PFCP Session Modification Response.Usage Report.URR ID.urrId,DIRECT,T3-R02 | T3-R05 | T3-R07 | T3-R08 | T3-R18 | T3-R20,T3-A02 | T3-A08 | T3-A09 | T3-A12 | T3-A13 | T3-A14 | T3-A45
FP-1175,T3,PFCP Session Modification Response,PFCP Session Modification Response.Usage Report.UR-SEQN.urSeqn,DIRECT,T3-R02 | T3-R05 | T3-R08 | T3-R18 | T3-R20,T3-A02 | T3-A03 | T3-A08 | T3-A09 | T3-A15 | T3-A45
FP-1176,T3,PFCP Session Modification Response,PFCP Session Modification Response.Usage Report.Usage Report Trigger.PERIO,DIRECT,T3-R05 | T3-R13 | T3-R18 | T3-R20,T3-A08 | T3-A09 | T3-A35 | T3-A37 | T3-A45
FP-1177,T3,PFCP Session Modification Response,PFCP Session Modification Response.Usage Report.Usage Report Trigger.VOLTH,DIRECT,T3-R05 | T3-R13 | T3-R18 | T3-R20,T3-A08 | T3-A09 | T3-A35 | T3-A37 | T3-A45
FP-1178,T3,PFCP Session Modification Response,PFCP Session Modification Response.Usage Report.Usage Report Trigger.TIMTH,DIRECT,T3-R05 | T3-R13 | T3-R18 | T3-R20,T3-A08 | T3-A09 | T3-A35 | T3-A37 | T3-A45
FP-1179,T3,PFCP Session Modification Response,PFCP Session Modification Response.Usage Report.Usage Report Trigger.QUHTI,DIRECT,T3-R05 | T3-R13 | T3-R18 | T3-R20,T3-A08 | T3-A09 | T3-A35 | T3-A37 | T3-A45
FP-1180,T3,PFCP Session Modification Response,PFCP Session Modification Response.Usage Report.Usage Report Trigger.START,DIRECT,T3-R05 | T3-R13 | T3-R18 | T3-R20,T3-A08 | T3-A09 | T3-A35 | T3-A37 | T3-A45
FP-1181,T3,PFCP Session Modification Response,PFCP Session Modification Response.Usage Report.Usage Report Trigger.STOPT,DIRECT,T3-R05 | T3-R13 | T3-R18 | T3-R20,T3-A08 | T3-A09 | T3-A35 | T3-A37 | T3-A45
FP-1182,T3,PFCP Session Modification Response,PFCP Session Modification Response.Usage Report.Usage Report Trigger.DROTH,DIRECT,T3-R05 | T3-R13 | T3-R18 | T3-R20,T3-A08 | T3-A09 | T3-A35 | T3-A37 | T3-A45
FP-1183,T3,PFCP Session Modification Response,PFCP Session Modification Response.Usage Report.Usage Report Trigger.IMMER,DIRECT,T3-R05 | T3-R13 | T3-R18 | T3-R20,T3-A08 | T3-A09 | T3-A35 | T3-A37 | T3-A45
FP-1184,T3,PFCP Session Modification Response,PFCP Session Modification Response.Usage Report.Usage Report Trigger.VOLQU,DIRECT,T3-R05 | T3-R13 | T3-R18 | T3-R20,T3-A08 | T3-A09 | T3-A35 | T3-A37 | T3-A45
FP-1185,T3,PFCP Session Modification Response,PFCP Session Modification Response.Usage Report.Usage Report Trigger.TIMQU,DIRECT,T3-R05 | T3-R13 | T3-R18 | T3-R20,T3-A08 | T3-A09 | T3-A35 | T3-A37 | T3-A45
FP-1186,T3,PFCP Session Modification Response,PFCP Session Modification Response.Usage Report.Usage Report Trigger.LIUSA,DIRECT,T3-R05 | T3-R13 | T3-R18 | T3-R20,T3-A08 | T3-A09 | T3-A35 | T3-A37 | T3-A45
FP-1187,T3,PFCP Session Modification Response,PFCP Session Modification Response.Usage Report.Usage Report Trigger.TERMR,DIRECT,T3-R05 | T3-R13 | T3-R18 | T3-R19 | T3-R20,T3-A08 | T3-A09 | T3-A35 | T3-A36 | T3-A37 | T3-A45
FP-1188,T3,PFCP Session Modification Response,PFCP Session Modification Response.Usage Report.Usage Report Trigger.MONIT,DIRECT,T3-R05 | T3-R13 | T3-R18 | T3-R20,T3-A08 | T3-A09 | T3-A35 | T3-A37 | T3-A45
FP-1189,T3,PFCP Session Modification Response,PFCP Session Modification Response.Usage Report.Usage Report Trigger.ENVCL,DIRECT,T3-R05 | T3-R13 | T3-R18 | T3-R20,T3-A08 | T3-A09 | T3-A35 | T3-A37 | T3-A45
FP-1190,T3,PFCP Session Modification Response,PFCP Session Modification Response.Usage Report.Usage Report Trigger.MACAR,DIRECT,T3-R05 | T3-R13 | T3-R18 | T3-R20,T3-A08 | T3-A09 | T3-A35 | T3-A37 | T3-A45
FP-1191,T3,PFCP Session Modification Response,PFCP Session Modification Response.Usage Report.Usage Report Trigger.EVETH,DIRECT,T3-R05 | T3-R13 | T3-R18 | T3-R20,T3-A08 | T3-A09 | T3-A35 | T3-A37 | T3-A45
FP-1192,T3,PFCP Session Modification Response,PFCP Session Modification Response.Usage Report.Usage Report Trigger.EVEQU,DIRECT,T3-R05 | T3-R13 | T3-R18 | T3-R20,T3-A08 | T3-A09 | T3-A35 | T3-A37 | T3-A45
FP-1193,T3,PFCP Session Modification Response,PFCP Session Modification Response.Usage Report.Usage Report Trigger.TEBUR,DIRECT,T3-R05 | T3-R13 | T3-R18 | T3-R19 | T3-R20,T3-A08 | T3-A09 | T3-A35 | T3-A36 | T3-A37 | T3-A45
FP-1194,T3,PFCP Session Modification Response,PFCP Session Modification Response.Usage Report.Usage Report Trigger.IPMJL,DIRECT,T3-R05 | T3-R13 | T3-R18 | T3-R20,T3-A08 | T3-A09 | T3-A35 | T3-A37 | T3-A45
FP-1195,T3,PFCP Session Modification Response,PFCP Session Modification Response.Usage Report.Usage Report Trigger.QUVTI,DIRECT,T3-R05 | T3-R13 | T3-R18 | T3-R20,T3-A08 | T3-A09 | T3-A35 | T3-A37 | T3-A45
FP-1196,T3,PFCP Session Modification Response,PFCP Session Modification Response.Usage Report.Usage Report Trigger.EMRRE,DIRECT,T3-R05 | T3-R13 | T3-R18 | T3-R20,T3-A08 | T3-A09 | T3-A35 | T3-A37 | T3-A45
FP-1197,T3,PFCP Session Modification Response,PFCP Session Modification Response.Usage Report.Usage Report Trigger.UPINT,DIRECT,T3-R05 | T3-R13 | T3-R18 | T3-R20,T3-A08 | T3-A09 | T3-A35 | T3-A37 | T3-A45
FP-1198,T3,PFCP Session Modification Response,PFCP Session Modification Response.Usage Report.Start Time.ntpSeconds,DIRECT,T3-R05 | T3-R12 | T3-R17 | T3-R18 | T3-R20,T3-A08 | T3-A09 | T3-A31 | T3-A32 | T3-A33 | T3-A45
FP-1199,T3,PFCP Session Modification Response,PFCP Session Modification Response.Usage Report.End Time.ntpSeconds,DIRECT,T3-R05 | T3-R12 | T3-R17 | T3-R18 | T3-R20,T3-A08 | T3-A09 | T3-A31 | T3-A32 | T3-A33 | T3-A45
FP-1200,T3,PFCP Session Modification Response,PFCP Session Modification Response.Usage Report.Volume Measurement.TOVOL,DIRECT,T3-R02 | T3-R05 | T3-R08 | T3-R10 | T3-R11 | T3-R18 | T3-R20,T3-A03 | T3-A08 | T3-A09 | T3-A18 | T3-A26 | T3-A27 | T3-A28 | T3-A45
FP-1201,T3,PFCP Session Modification Response,PFCP Session Modification Response.Usage Report.Volume Measurement.ULVOL,DIRECT,T3-R02 | T3-R05 | T3-R08 | T3-R10 | T3-R11 | T3-R18 | T3-R20,T3-A03 | T3-A08 | T3-A09 | T3-A18 | T3-A19 | T3-A20 | T3-A26 | T3-A27 | T3-A28 | T3-A45
FP-1202,T3,PFCP Session Modification Response,PFCP Session Modification Response.Usage Report.Volume Measurement.DLVOL,DIRECT,T3-R02 | T3-R05 | T3-R08 | T3-R10 | T3-R11 | T3-R18 | T3-R20,T3-A03 | T3-A08 | T3-A09 | T3-A18 | T3-A19 | T3-A20 | T3-A26 | T3-A27 | T3-A28 | T3-A45
FP-1203,T3,PFCP Session Modification Response,PFCP Session Modification Response.Usage Report.Volume Measurement.TONOP,DIRECT,T3-R02 | T3-R05 | T3-R08 | T3-R10 | T3-R11 | T3-R18 | T3-R20,T3-A03 | T3-A08 | T3-A09 | T3-A22 | T3-A26 | T3-A27 | T3-A28 | T3-A45
FP-1204,T3,PFCP Session Modification Response,PFCP Session Modification Response.Usage Report.Volume Measurement.ULNOP,DIRECT,T3-R02 | T3-R05 | T3-R08 | T3-R10 | T3-R11 | T3-R18 | T3-R20,T3-A03 | T3-A08 | T3-A09 | T3-A22 | T3-A26 | T3-A27 | T3-A28 | T3-A45
FP-1205,T3,PFCP Session Modification Response,PFCP Session Modification Response.Usage Report.Volume Measurement.DLNOP,DIRECT,T3-R02 | T3-R05 | T3-R08 | T3-R10 | T3-R11 | T3-R18 | T3-R20,T3-A03 | T3-A08 | T3-A09 | T3-A22 | T3-A26 | T3-A27 | T3-A28 | T3-A45
FP-1206,T3,PFCP Session Modification Response,PFCP Session Modification Response.Usage Report.Volume Measurement.totalVolume,DIRECT,T3-R02 | T3-R05 | T3-R08 | T3-R10 | T3-R11 | T3-R12 | T3-R18 | T3-R20,T3-A03 | T3-A08 | T3-A09 | T3-A17 | T3-A18 | T3-A23 | T3-A25 | T3-A26 | T3-A28 | T3-A45
FP-1207,T3,PFCP Session Modification Response,PFCP Session Modification Response.Usage Report.Volume Measurement.uplinkVolume,DIRECT,T3-R02 | T3-R05 | T3-R08 | T3-R10 | T3-R11 | T3-R12 | T3-R18 | T3-R20,T3-A03 | T3-A08 | T3-A09 | T3-A17 | T3-A19 | T3-A20 | T3-A21 | T3-A23 | T3-A25 | T3-A26 | T3-A28 | T3-A45
FP-1208,T3,PFCP Session Modification Response,PFCP Session Modification Response.Usage Report.Volume Measurement.downlinkVolume,DIRECT,T3-R02 | T3-R05 | T3-R08 | T3-R10 | T3-R11 | T3-R12 | T3-R18 | T3-R20,T3-A03 | T3-A08 | T3-A09 | T3-A17 | T3-A19 | T3-A20 | T3-A21 | T3-A23 | T3-A25 | T3-A26 | T3-A28 | T3-A45
FP-1209,T3,PFCP Session Modification Response,PFCP Session Modification Response.Usage Report.Volume Measurement.totalNumberOfPackets,DIRECT,T3-R02 | T3-R05 | T3-R08 | T3-R10 | T3-R11 | T3-R12 | T3-R18 | T3-R20,T3-A03 | T3-A08 | T3-A09 | T3-A22 | T3-A24 | T3-A25 | T3-A26 | T3-A28 | T3-A45
FP-1210,T3,PFCP Session Modification Response,PFCP Session Modification Response.Usage Report.Volume Measurement.uplinkNumberOfPackets,DIRECT,T3-R02 | T3-R05 | T3-R08 | T3-R10 | T3-R11 | T3-R12 | T3-R18 | T3-R20,T3-A03 | T3-A08 | T3-A09 | T3-A22 | T3-A24 | T3-A25 | T3-A26 | T3-A28 | T3-A45
FP-1211,T3,PFCP Session Modification Response,PFCP Session Modification Response.Usage Report.Volume Measurement.downlinkNumberOfPackets,DIRECT,T3-R02 | T3-R05 | T3-R08 | T3-R10 | T3-R11 | T3-R12 | T3-R18 | T3-R20,T3-A03 | T3-A08 | T3-A09 | T3-A22 | T3-A24 | T3-A25 | T3-A26 | T3-A28 | T3-A45
FP-1212,T3,PFCP Session Modification Response,PFCP Session Modification Response.Usage Report.Duration Measurement.durationValue,DIRECT,T3-R02 | T3-R05 | T3-R08 | T3-R11 | T3-R12 | T3-R18 | T3-R20,T3-A03 | T3-A08 | T3-A25 | T3-A29 | T3-A30 | T3-A45
FP-1213,T3,PFCP Session Modification Response,PFCP Session Modification Response.Usage Report.Time of First Packet.ntpSeconds,DIRECT,T3-R05 | T3-R12 | T3-R18,T3-A08 | T3-A32 | T3-A33 | T3-A34 | T3-A45
FP-1214,T3,PFCP Session Modification Response,PFCP Session Modification Response.Usage Report.Time of Last Packet.ntpSeconds,DIRECT,T3-R05 | T3-R12 | T3-R18,T3-A08 | T3-A32 | T3-A33 | T3-A34 | T3-A45
FP-1215,T3,PFCP Session Modification Response,PFCP Session Modification Response.Usage Report.Usage Information.BEF,DIRECT,T3-R05 | T3-R14 | T3-R17 | T3-R18,T3-A08 | T3-A38 | T3-A45
FP-1216,T3,PFCP Session Modification Response,PFCP Session Modification Response.Usage Report.Usage Information.AFT,DIRECT,T3-R05 | T3-R14 | T3-R17 | T3-R18,T3-A08 | T3-A38 | T3-A45
FP-1217,T3,PFCP Session Modification Response,PFCP Session Modification Response.Usage Report.Usage Information.UAE,DIRECT,T3-R05 | T3-R14 | T3-R18,T3-A08 | T3-A39 | T3-A45
FP-1218,T3,PFCP Session Modification Response,PFCP Session Modification Response.Usage Report.Usage Information.UBE,DIRECT,T3-R05 | T3-R14 | T3-R18,T3-A08 | T3-A39 | T3-A45
FP-1219,T3,PFCP Session Modification Response,PFCP Session Modification Response.Usage Report.Query URR Reference.queryUrrReference,DIRECT,T3-R05 | T3-R09 | T3-R18,T3-A08 | T3-A16 | T3-A45
FP-1220,T3,PFCP Session Modification Response,PFCP Session Modification Response.Usage Report.Ethernet Traffic Information.MAC Addresses Detected,DIRECT,T3-R05 | T3-R18,T3-A08 | T3-A45
FP-1221,T3,PFCP Session Modification Response,PFCP Session Modification Response.Usage Report.Ethernet Traffic Information.MAC Addresses Removed,DIRECT,T3-R05 | T3-R18,T3-A08 | T3-A45
FP-1222,T3,PFCP Session Modification Response,PFCP Session Modification Response.Failed Rule ID,RELATIONAL,T3-R18,T3-A45
FP-1223,T3,PFCP Session Modification Response,PFCP Session Modification Response.Additional Usage Reports Information.AURI,DIRECT,T3-R06,T3-A10 | T3-A11
FP-1224,T3,PFCP Session Modification Response,PFCP Session Modification Response.Additional Usage Reports Information.numberOfAdditionalUsageReports,DIRECT,T3-R06,T3-A10
FP-1233,T3,PFCP Session Modification Response,PFCP Session Modification Response.Partial Failure Information,RELATIONAL,T3-R18,T3-A45
FP-1237,T3,PFCP Session Deletion Response,PFCP Session Deletion Response.PFCP Header.FO,RELATIONAL,T3-R02 | T3-R06,T3-A49
FP-1241,T3,PFCP Session Deletion Response,PFCP Session Deletion Response.PFCP Header.messageLength,DIRECT,T3-R10 | T3-R20,T3-A26
FP-1242,T3,PFCP Session Deletion Response,PFCP Session Deletion Response.PFCP Header.seid,DIRECT,T3-R01,T3-A01
FP-1243,T3,PFCP Session Deletion Response,PFCP Session Deletion Response.PFCP Header.sequenceNumber,DIRECT,T3-R02 | T3-R08 | T3-R20,T3-A02 | T3-A03
FP-1246,T3,PFCP Session Deletion Response,PFCP Session Deletion Response.Cause,RELATIONAL,T3-R18,T3-A45
FP-1250,T3,PFCP Session Deletion Response,PFCP Session Deletion Response.Usage Report.URR ID.urrId,DIRECT,T3-R02 | T3-R04 | T3-R05 | T3-R07 | T3-R08 | T3-R18 | T3-R19 | T3-R20,T3-A02 | T3-A08 | T3-A09 | T3-A12 | T3-A13 | T3-A14 | T3-A45 | T3-A46 | T3-A47
FP-1251,T3,PFCP Session Deletion Response,PFCP Session Deletion Response.Usage Report.UR-SEQN.urSeqn,DIRECT,T3-R02 | T3-R04 | T3-R05 | T3-R08 | T3-R18 | T3-R19 | T3-R20,T3-A02 | T3-A03 | T3-A08 | T3-A09 | T3-A15 | T3-A45 | T3-A46 | T3-A47
FP-1252,T3,PFCP Session Deletion Response,PFCP Session Deletion Response.Usage Report.Usage Report Trigger.PERIO,DIRECT,T3-R04 | T3-R05 | T3-R13 | T3-R18 | T3-R19 | T3-R20,T3-A08 | T3-A09 | T3-A35 | T3-A37 | T3-A45 | T3-A46 | T3-A47
FP-1253,T3,PFCP Session Deletion Response,PFCP Session Deletion Response.Usage Report.Usage Report Trigger.VOLTH,DIRECT,T3-R04 | T3-R05 | T3-R13 | T3-R18 | T3-R19 | T3-R20,T3-A08 | T3-A09 | T3-A35 | T3-A37 | T3-A45 | T3-A46 | T3-A47
FP-1254,T3,PFCP Session Deletion Response,PFCP Session Deletion Response.Usage Report.Usage Report Trigger.TIMTH,DIRECT,T3-R04 | T3-R05 | T3-R13 | T3-R18 | T3-R19 | T3-R20,T3-A08 | T3-A09 | T3-A35 | T3-A37 | T3-A45 | T3-A46 | T3-A47
FP-1255,T3,PFCP Session Deletion Response,PFCP Session Deletion Response.Usage Report.Usage Report Trigger.QUHTI,DIRECT,T3-R04 | T3-R05 | T3-R13 | T3-R18 | T3-R19 | T3-R20,T3-A08 | T3-A09 | T3-A35 | T3-A37 | T3-A45 | T3-A46 | T3-A47
FP-1256,T3,PFCP Session Deletion Response,PFCP Session Deletion Response.Usage Report.Usage Report Trigger.START,DIRECT,T3-R04 | T3-R05 | T3-R13 | T3-R18 | T3-R19 | T3-R20,T3-A08 | T3-A09 | T3-A35 | T3-A37 | T3-A45 | T3-A46 | T3-A47
FP-1257,T3,PFCP Session Deletion Response,PFCP Session Deletion Response.Usage Report.Usage Report Trigger.STOPT,DIRECT,T3-R04 | T3-R05 | T3-R13 | T3-R18 | T3-R19 | T3-R20,T3-A08 | T3-A09 | T3-A35 | T3-A37 | T3-A45 | T3-A46 | T3-A47
FP-1258,T3,PFCP Session Deletion Response,PFCP Session Deletion Response.Usage Report.Usage Report Trigger.DROTH,DIRECT,T3-R04 | T3-R05 | T3-R13 | T3-R18 | T3-R19 | T3-R20,T3-A08 | T3-A09 | T3-A35 | T3-A37 | T3-A45 | T3-A46 | T3-A47
FP-1259,T3,PFCP Session Deletion Response,PFCP Session Deletion Response.Usage Report.Usage Report Trigger.IMMER,DIRECT,T3-R04 | T3-R05 | T3-R13 | T3-R18 | T3-R19 | T3-R20,T3-A08 | T3-A09 | T3-A35 | T3-A37 | T3-A45 | T3-A46 | T3-A47
FP-1260,T3,PFCP Session Deletion Response,PFCP Session Deletion Response.Usage Report.Usage Report Trigger.VOLQU,DIRECT,T3-R04 | T3-R05 | T3-R13 | T3-R18 | T3-R19 | T3-R20,T3-A08 | T3-A09 | T3-A35 | T3-A37 | T3-A45 | T3-A46 | T3-A47
FP-1261,T3,PFCP Session Deletion Response,PFCP Session Deletion Response.Usage Report.Usage Report Trigger.TIMQU,DIRECT,T3-R04 | T3-R05 | T3-R13 | T3-R18 | T3-R19 | T3-R20,T3-A08 | T3-A09 | T3-A35 | T3-A37 | T3-A45 | T3-A46 | T3-A47
FP-1262,T3,PFCP Session Deletion Response,PFCP Session Deletion Response.Usage Report.Usage Report Trigger.LIUSA,DIRECT,T3-R04 | T3-R05 | T3-R13 | T3-R18 | T3-R19 | T3-R20,T3-A08 | T3-A09 | T3-A35 | T3-A37 | T3-A45 | T3-A46 | T3-A47
FP-1263,T3,PFCP Session Deletion Response,PFCP Session Deletion Response.Usage Report.Usage Report Trigger.TERMR,DIRECT,T3-R04 | T3-R05 | T3-R13 | T3-R18 | T3-R19 | T3-R20,T3-A08 | T3-A09 | T3-A35 | T3-A36 | T3-A37 | T3-A45 | T3-A46 | T3-A47
FP-1264,T3,PFCP Session Deletion Response,PFCP Session Deletion Response.Usage Report.Usage Report Trigger.MONIT,DIRECT,T3-R04 | T3-R05 | T3-R13 | T3-R18 | T3-R19 | T3-R20,T3-A08 | T3-A09 | T3-A35 | T3-A37 | T3-A45 | T3-A46 | T3-A47
FP-1265,T3,PFCP Session Deletion Response,PFCP Session Deletion Response.Usage Report.Usage Report Trigger.ENVCL,DIRECT,T3-R04 | T3-R05 | T3-R13 | T3-R18 | T3-R19 | T3-R20,T3-A08 | T3-A09 | T3-A35 | T3-A37 | T3-A45 | T3-A46 | T3-A47
FP-1266,T3,PFCP Session Deletion Response,PFCP Session Deletion Response.Usage Report.Usage Report Trigger.MACAR,DIRECT,T3-R04 | T3-R05 | T3-R13 | T3-R18 | T3-R19 | T3-R20,T3-A08 | T3-A09 | T3-A35 | T3-A37 | T3-A45 | T3-A46 | T3-A47
FP-1267,T3,PFCP Session Deletion Response,PFCP Session Deletion Response.Usage Report.Usage Report Trigger.EVETH,DIRECT,T3-R04 | T3-R05 | T3-R13 | T3-R18 | T3-R19 | T3-R20,T3-A08 | T3-A09 | T3-A35 | T3-A37 | T3-A45 | T3-A46 | T3-A47
FP-1268,T3,PFCP Session Deletion Response,PFCP Session Deletion Response.Usage Report.Usage Report Trigger.EVEQU,DIRECT,T3-R04 | T3-R05 | T3-R13 | T3-R18 | T3-R19 | T3-R20,T3-A08 | T3-A09 | T3-A35 | T3-A37 | T3-A45 | T3-A46 | T3-A47
FP-1269,T3,PFCP Session Deletion Response,PFCP Session Deletion Response.Usage Report.Usage Report Trigger.TEBUR,DIRECT,T3-R04 | T3-R05 | T3-R13 | T3-R18 | T3-R19 | T3-R20,T3-A08 | T3-A09 | T3-A35 | T3-A36 | T3-A37 | T3-A45 | T3-A46 | T3-A47
FP-1270,T3,PFCP Session Deletion Response,PFCP Session Deletion Response.Usage Report.Usage Report Trigger.IPMJL,DIRECT,T3-R04 | T3-R05 | T3-R13 | T3-R18 | T3-R19 | T3-R20,T3-A08 | T3-A09 | T3-A35 | T3-A37 | T3-A45 | T3-A46 | T3-A47
FP-1271,T3,PFCP Session Deletion Response,PFCP Session Deletion Response.Usage Report.Usage Report Trigger.QUVTI,DIRECT,T3-R04 | T3-R05 | T3-R13 | T3-R18 | T3-R19 | T3-R20,T3-A08 | T3-A09 | T3-A35 | T3-A37 | T3-A45 | T3-A46 | T3-A47
FP-1272,T3,PFCP Session Deletion Response,PFCP Session Deletion Response.Usage Report.Usage Report Trigger.EMRRE,DIRECT,T3-R04 | T3-R05 | T3-R13 | T3-R18 | T3-R19 | T3-R20,T3-A08 | T3-A09 | T3-A35 | T3-A37 | T3-A45 | T3-A46 | T3-A47
FP-1273,T3,PFCP Session Deletion Response,PFCP Session Deletion Response.Usage Report.Usage Report Trigger.UPINT,DIRECT,T3-R04 | T3-R05 | T3-R13 | T3-R18 | T3-R19 | T3-R20,T3-A08 | T3-A09 | T3-A35 | T3-A37 | T3-A45 | T3-A46 | T3-A47
FP-1274,T3,PFCP Session Deletion Response,PFCP Session Deletion Response.Usage Report.Start Time.ntpSeconds,DIRECT,T3-R04 | T3-R05 | T3-R12 | T3-R17 | T3-R18 | T3-R19 | T3-R20,T3-A08 | T3-A09 | T3-A31 | T3-A32 | T3-A33 | T3-A45 | T3-A46 | T3-A47
FP-1275,T3,PFCP Session Deletion Response,PFCP Session Deletion Response.Usage Report.End Time.ntpSeconds,DIRECT,T3-R04 | T3-R05 | T3-R12 | T3-R17 | T3-R18 | T3-R19 | T3-R20,T3-A08 | T3-A09 | T3-A31 | T3-A32 | T3-A33 | T3-A45 | T3-A46 | T3-A47
FP-1276,T3,PFCP Session Deletion Response,PFCP Session Deletion Response.Usage Report.Volume Measurement.TOVOL,DIRECT,T3-R02 | T3-R04 | T3-R05 | T3-R08 | T3-R10 | T3-R11 | T3-R18 | T3-R19 | T3-R20,T3-A03 | T3-A08 | T3-A09 | T3-A18 | T3-A26 | T3-A27 | T3-A28 | T3-A45 | T3-A46 | T3-A47
FP-1277,T3,PFCP Session Deletion Response,PFCP Session Deletion Response.Usage Report.Volume Measurement.ULVOL,DIRECT,T3-R02 | T3-R04 | T3-R05 | T3-R08 | T3-R10 | T3-R11 | T3-R18 | T3-R19 | T3-R20,T3-A03 | T3-A08 | T3-A09 | T3-A18 | T3-A19 | T3-A20 | T3-A26 | T3-A27 | T3-A28 | T3-A45 | T3-A46 | T3-A47
FP-1278,T3,PFCP Session Deletion Response,PFCP Session Deletion Response.Usage Report.Volume Measurement.DLVOL,DIRECT,T3-R02 | T3-R04 | T3-R05 | T3-R08 | T3-R10 | T3-R11 | T3-R18 | T3-R19 | T3-R20,T3-A03 | T3-A08 | T3-A09 | T3-A18 | T3-A19 | T3-A20 | T3-A26 | T3-A27 | T3-A28 | T3-A45 | T3-A46 | T3-A47
FP-1279,T3,PFCP Session Deletion Response,PFCP Session Deletion Response.Usage Report.Volume Measurement.TONOP,DIRECT,T3-R02 | T3-R04 | T3-R05 | T3-R08 | T3-R10 | T3-R11 | T3-R18 | T3-R19 | T3-R20,T3-A03 | T3-A08 | T3-A09 | T3-A22 | T3-A26 | T3-A27 | T3-A28 | T3-A45 | T3-A46 | T3-A47
FP-1280,T3,PFCP Session Deletion Response,PFCP Session Deletion Response.Usage Report.Volume Measurement.ULNOP,DIRECT,T3-R02 | T3-R04 | T3-R05 | T3-R08 | T3-R10 | T3-R11 | T3-R18 | T3-R19 | T3-R20,T3-A03 | T3-A08 | T3-A09 | T3-A22 | T3-A26 | T3-A27 | T3-A28 | T3-A45 | T3-A46 | T3-A47
FP-1281,T3,PFCP Session Deletion Response,PFCP Session Deletion Response.Usage Report.Volume Measurement.DLNOP,DIRECT,T3-R02 | T3-R04 | T3-R05 | T3-R08 | T3-R10 | T3-R11 | T3-R18 | T3-R19 | T3-R20,T3-A03 | T3-A08 | T3-A09 | T3-A22 | T3-A26 | T3-A27 | T3-A28 | T3-A45 | T3-A46 | T3-A47
FP-1282,T3,PFCP Session Deletion Response,PFCP Session Deletion Response.Usage Report.Volume Measurement.totalVolume,DIRECT,T3-R02 | T3-R04 | T3-R05 | T3-R08 | T3-R10 | T3-R11 | T3-R12 | T3-R18 | T3-R19 | T3-R20,T3-A03 | T3-A08 | T3-A09 | T3-A17 | T3-A18 | T3-A23 | T3-A25 | T3-A26 | T3-A28 | T3-A45 | T3-A46 | T3-A47
FP-1283,T3,PFCP Session Deletion Response,PFCP Session Deletion Response.Usage Report.Volume Measurement.uplinkVolume,DIRECT,T3-R02 | T3-R04 | T3-R05 | T3-R08 | T3-R10 | T3-R11 | T3-R12 | T3-R18 | T3-R19 | T3-R20,T3-A03 | T3-A08 | T3-A09 | T3-A17 | T3-A19 | T3-A20 | T3-A21 | T3-A23 | T3-A25 | T3-A26 | T3-A28 | T3-A45 | T3-A46 | T3-A47
FP-1284,T3,PFCP Session Deletion Response,PFCP Session Deletion Response.Usage Report.Volume Measurement.downlinkVolume,DIRECT,T3-R02 | T3-R04 | T3-R05 | T3-R08 | T3-R10 | T3-R11 | T3-R12 | T3-R18 | T3-R19 | T3-R20,T3-A03 | T3-A08 | T3-A09 | T3-A17 | T3-A19 | T3-A20 | T3-A21 | T3-A23 | T3-A25 | T3-A26 | T3-A28 | T3-A45 | T3-A46 | T3-A47
FP-1285,T3,PFCP Session Deletion Response,PFCP Session Deletion Response.Usage Report.Volume Measurement.totalNumberOfPackets,DIRECT,T3-R02 | T3-R04 | T3-R05 | T3-R08 | T3-R10 | T3-R11 | T3-R12 | T3-R18 | T3-R19 | T3-R20,T3-A03 | T3-A08 | T3-A09 | T3-A22 | T3-A24 | T3-A25 | T3-A26 | T3-A28 | T3-A45 | T3-A46 | T3-A47
FP-1286,T3,PFCP Session Deletion Response,PFCP Session Deletion Response.Usage Report.Volume Measurement.uplinkNumberOfPackets,DIRECT,T3-R02 | T3-R04 | T3-R05 | T3-R08 | T3-R10 | T3-R11 | T3-R12 | T3-R18 | T3-R19 | T3-R20,T3-A03 | T3-A08 | T3-A09 | T3-A22 | T3-A24 | T3-A25 | T3-A26 | T3-A28 | T3-A45 | T3-A46 | T3-A47
FP-1287,T3,PFCP Session Deletion Response,PFCP Session Deletion Response.Usage Report.Volume Measurement.downlinkNumberOfPackets,DIRECT,T3-R02 | T3-R04 | T3-R05 | T3-R08 | T3-R10 | T3-R11 | T3-R12 | T3-R18 | T3-R19 | T3-R20,T3-A03 | T3-A08 | T3-A09 | T3-A22 | T3-A24 | T3-A25 | T3-A26 | T3-A28 | T3-A45 | T3-A46 | T3-A47
FP-1288,T3,PFCP Session Deletion Response,PFCP Session Deletion Response.Usage Report.Duration Measurement.durationValue,DIRECT,T3-R02 | T3-R04 | T3-R05 | T3-R08 | T3-R11 | T3-R12 | T3-R18 | T3-R19 | T3-R20,T3-A03 | T3-A08 | T3-A25 | T3-A29 | T3-A30 | T3-A45 | T3-A46 | T3-A47
FP-1289,T3,PFCP Session Deletion Response,PFCP Session Deletion Response.Usage Report.Time of First Packet.ntpSeconds,DIRECT,T3-R04 | T3-R05 | T3-R12 | T3-R18 | T3-R19,T3-A08 | T3-A32 | T3-A33 | T3-A34 | T3-A45 | T3-A46 | T3-A47
FP-1290,T3,PFCP Session Deletion Response,PFCP Session Deletion Response.Usage Report.Time of Last Packet.ntpSeconds,DIRECT,T3-R04 | T3-R05 | T3-R12 | T3-R18 | T3-R19,T3-A08 | T3-A32 | T3-A33 | T3-A34 | T3-A45 | T3-A46 | T3-A47
FP-1291,T3,PFCP Session Deletion Response,PFCP Session Deletion Response.Usage Report.Usage Information.BEF,DIRECT,T3-R04 | T3-R05 | T3-R14 | T3-R17 | T3-R18 | T3-R19,T3-A08 | T3-A38 | T3-A45 | T3-A46 | T3-A47
FP-1292,T3,PFCP Session Deletion Response,PFCP Session Deletion Response.Usage Report.Usage Information.AFT,DIRECT,T3-R04 | T3-R05 | T3-R14 | T3-R17 | T3-R18 | T3-R19,T3-A08 | T3-A38 | T3-A45 | T3-A46 | T3-A47
FP-1293,T3,PFCP Session Deletion Response,PFCP Session Deletion Response.Usage Report.Usage Information.UAE,DIRECT,T3-R04 | T3-R05 | T3-R14 | T3-R18 | T3-R19,T3-A08 | T3-A39 | T3-A45 | T3-A46 | T3-A47
FP-1294,T3,PFCP Session Deletion Response,PFCP Session Deletion Response.Usage Report.Usage Information.UBE,DIRECT,T3-R04 | T3-R05 | T3-R14 | T3-R18 | T3-R19,T3-A08 | T3-A39 | T3-A45 | T3-A46 | T3-A47
FP-1295,T3,PFCP Session Deletion Response,PFCP Session Deletion Response.Usage Report.Ethernet Traffic Information.MAC Addresses Detected,DIRECT,T3-R04 | T3-R05 | T3-R18 | T3-R19,T3-A08 | T3-A45 | T3-A46 | T3-A47
FP-1296,T3,PFCP Session Deletion Response,PFCP Session Deletion Response.Usage Report.Ethernet Traffic Information.MAC Addresses Removed,DIRECT,T3-R04 | T3-R05 | T3-R18 | T3-R19,T3-A08 | T3-A45 | T3-A46 | T3-A47
FP-1297,T3,PFCP Session Deletion Response,PFCP Session Deletion Response.Additional Usage Reports Information.AURI,DIRECT,T3-R06,T3-A10 | T3-A11
FP-1298,T3,PFCP Session Deletion Response,PFCP Session Deletion Response.Additional Usage Reports Information.numberOfAdditionalUsageReports,DIRECT,T3-R06,T3-A10
FP-1308,T3,PFCP Session Deletion Response,PFCP Session Deletion Response.PFCPSDRsp- Flags,RELATIONAL,T3-R02 | T3-R19,T3-A51
FP-1311,T3,PFCP Session Report Request,PFCP Session Report Request.PFCP Header.FO,RELATIONAL,T3-R02 | T3-R06,T3-A49
FP-1315,T3,PFCP Session Report Request,PFCP Session Report Request.PFCP Header.messageLength,DIRECT,T3-R10 | T3-R20,T3-A26
FP-1316,T3,PFCP Session Report Request,PFCP Session Report Request.PFCP Header.seid,DIRECT,T3-R01,T3-A01
FP-1317,T3,PFCP Session Report Request,PFCP Session Report Request.PFCP Header.sequenceNumber,DIRECT,T3-R02 | T3-R08 | T3-R20,T3-A02 | T3-A03
FP-1320,T3,PFCP Session Report Request,PFCP Session Report Request.Report Type.DLDR,RELATIONAL,T3-R03,T3-A06
FP-1321,T3,PFCP Session Report Request,PFCP Session Report Request.Report Type.USAR,DIRECT,T3-R03,T3-A05 | T3-A06
FP-1322,T3,PFCP Session Report Request,PFCP Session Report Request.Report Type.ERIR,DIRECT,T3-R03,T3-A05 | T3-A06
FP-1323,T3,PFCP Session Report Request,PFCP Session Report Request.Report Type.UPIR,RELATIONAL,T3-R03,T3-A06
FP-1324,T3,PFCP Session Report Request,PFCP Session Report Request.Report Type.TMIR,RELATIONAL,T3-R03,T3-A06
FP-1325,T3,PFCP Session Report Request,PFCP Session Report Request.Report Type.SESR,RELATIONAL,T3-R03,T3-A06
FP-1326,T3,PFCP Session Report Request,PFCP Session Report Request.Report Type.UISR,RELATIONAL,T3-R03,T3-A06
FP-1330,T3,PFCP Session Report Request,PFCP Session Report Request.Usage Report.URR ID.urrId,DIRECT,T3-R02 | T3-R05 | T3-R07 | T3-R08 | T3-R18 | T3-R20,T3-A02 | T3-A08 | T3-A09 | T3-A12 | T3-A13 | T3-A14 | T3-A45
FP-1331,T3,PFCP Session Report Request,PFCP Session Report Request.Usage Report.UR-SEQN.urSeqn,DIRECT,T3-R02 | T3-R05 | T3-R08 | T3-R18 | T3-R20,T3-A02 | T3-A03 | T3-A08 | T3-A09 | T3-A15 | T3-A45
FP-1332,T3,PFCP Session Report Request,PFCP Session Report Request.Usage Report.Usage Report Trigger.PERIO,DIRECT,T3-R05 | T3-R13 | T3-R18 | T3-R20,T3-A08 | T3-A09 | T3-A35 | T3-A37 | T3-A45
FP-1333,T3,PFCP Session Report Request,PFCP Session Report Request.Usage Report.Usage Report Trigger.VOLTH,DIRECT,T3-R05 | T3-R13 | T3-R18 | T3-R20,T3-A08 | T3-A09 | T3-A35 | T3-A37 | T3-A45
FP-1334,T3,PFCP Session Report Request,PFCP Session Report Request.Usage Report.Usage Report Trigger.TIMTH,DIRECT,T3-R05 | T3-R13 | T3-R18 | T3-R20,T3-A08 | T3-A09 | T3-A35 | T3-A37 | T3-A45
FP-1335,T3,PFCP Session Report Request,PFCP Session Report Request.Usage Report.Usage Report Trigger.QUHTI,DIRECT,T3-R05 | T3-R13 | T3-R18 | T3-R20,T3-A08 | T3-A09 | T3-A35 | T3-A37 | T3-A45
FP-1336,T3,PFCP Session Report Request,PFCP Session Report Request.Usage Report.Usage Report Trigger.START,DIRECT,T3-R05 | T3-R13 | T3-R18 | T3-R20,T3-A08 | T3-A09 | T3-A35 | T3-A37 | T3-A45
FP-1337,T3,PFCP Session Report Request,PFCP Session Report Request.Usage Report.Usage Report Trigger.STOPT,DIRECT,T3-R05 | T3-R13 | T3-R18 | T3-R20,T3-A08 | T3-A09 | T3-A35 | T3-A37 | T3-A45
FP-1338,T3,PFCP Session Report Request,PFCP Session Report Request.Usage Report.Usage Report Trigger.DROTH,DIRECT,T3-R05 | T3-R13 | T3-R18 | T3-R20,T3-A08 | T3-A09 | T3-A35 | T3-A37 | T3-A45
FP-1339,T3,PFCP Session Report Request,PFCP Session Report Request.Usage Report.Usage Report Trigger.IMMER,DIRECT,T3-R05 | T3-R13 | T3-R18 | T3-R20,T3-A08 | T3-A09 | T3-A35 | T3-A37 | T3-A45
FP-1340,T3,PFCP Session Report Request,PFCP Session Report Request.Usage Report.Usage Report Trigger.VOLQU,DIRECT,T3-R05 | T3-R13 | T3-R18 | T3-R20,T3-A08 | T3-A09 | T3-A35 | T3-A37 | T3-A45
FP-1341,T3,PFCP Session Report Request,PFCP Session Report Request.Usage Report.Usage Report Trigger.TIMQU,DIRECT,T3-R05 | T3-R13 | T3-R18 | T3-R20,T3-A08 | T3-A09 | T3-A35 | T3-A37 | T3-A45
FP-1342,T3,PFCP Session Report Request,PFCP Session Report Request.Usage Report.Usage Report Trigger.LIUSA,DIRECT,T3-R05 | T3-R13 | T3-R18 | T3-R20,T3-A08 | T3-A09 | T3-A35 | T3-A37 | T3-A45
FP-1343,T3,PFCP Session Report Request,PFCP Session Report Request.Usage Report.Usage Report Trigger.TERMR,DIRECT,T3-R05 | T3-R13 | T3-R18 | T3-R19 | T3-R20,T3-A08 | T3-A09 | T3-A35 | T3-A36 | T3-A37 | T3-A45
FP-1344,T3,PFCP Session Report Request,PFCP Session Report Request.Usage Report.Usage Report Trigger.MONIT,DIRECT,T3-R05 | T3-R13 | T3-R18 | T3-R20,T3-A08 | T3-A09 | T3-A35 | T3-A37 | T3-A45
FP-1345,T3,PFCP Session Report Request,PFCP Session Report Request.Usage Report.Usage Report Trigger.ENVCL,DIRECT,T3-R05 | T3-R13 | T3-R18 | T3-R20,T3-A08 | T3-A09 | T3-A35 | T3-A37 | T3-A45
FP-1346,T3,PFCP Session Report Request,PFCP Session Report Request.Usage Report.Usage Report Trigger.MACAR,DIRECT,T3-R05 | T3-R13 | T3-R18 | T3-R20,T3-A08 | T3-A09 | T3-A35 | T3-A37 | T3-A45
FP-1347,T3,PFCP Session Report Request,PFCP Session Report Request.Usage Report.Usage Report Trigger.EVETH,DIRECT,T3-R05 | T3-R13 | T3-R18 | T3-R20,T3-A08 | T3-A09 | T3-A35 | T3-A37 | T3-A45
FP-1348,T3,PFCP Session Report Request,PFCP Session Report Request.Usage Report.Usage Report Trigger.EVEQU,DIRECT,T3-R05 | T3-R13 | T3-R18 | T3-R20,T3-A08 | T3-A09 | T3-A35 | T3-A37 | T3-A45
FP-1349,T3,PFCP Session Report Request,PFCP Session Report Request.Usage Report.Usage Report Trigger.TEBUR,DIRECT,T3-R05 | T3-R13 | T3-R18 | T3-R19 | T3-R20,T3-A08 | T3-A09 | T3-A35 | T3-A36 | T3-A37 | T3-A45
FP-1350,T3,PFCP Session Report Request,PFCP Session Report Request.Usage Report.Usage Report Trigger.IPMJL,DIRECT,T3-R05 | T3-R13 | T3-R18 | T3-R20,T3-A08 | T3-A09 | T3-A35 | T3-A37 | T3-A45
FP-1351,T3,PFCP Session Report Request,PFCP Session Report Request.Usage Report.Usage Report Trigger.QUVTI,DIRECT,T3-R05 | T3-R13 | T3-R18 | T3-R20,T3-A08 | T3-A09 | T3-A35 | T3-A37 | T3-A45
FP-1352,T3,PFCP Session Report Request,PFCP Session Report Request.Usage Report.Usage Report Trigger.EMRRE,DIRECT,T3-R05 | T3-R13 | T3-R18 | T3-R20,T3-A08 | T3-A09 | T3-A35 | T3-A37 | T3-A45
FP-1353,T3,PFCP Session Report Request,PFCP Session Report Request.Usage Report.Usage Report Trigger.UPINT,DIRECT,T3-R05 | T3-R13 | T3-R18 | T3-R20,T3-A08 | T3-A09 | T3-A35 | T3-A37 | T3-A45
FP-1354,T3,PFCP Session Report Request,PFCP Session Report Request.Usage Report.Start Time.ntpSeconds,DIRECT,T3-R05 | T3-R12 | T3-R17 | T3-R18 | T3-R20,T3-A08 | T3-A09 | T3-A31 | T3-A32 | T3-A33 | T3-A45
FP-1355,T3,PFCP Session Report Request,PFCP Session Report Request.Usage Report.End Time.ntpSeconds,DIRECT,T3-R05 | T3-R12 | T3-R17 | T3-R18 | T3-R20,T3-A08 | T3-A09 | T3-A31 | T3-A32 | T3-A33 | T3-A45
FP-1356,T3,PFCP Session Report Request,PFCP Session Report Request.Usage Report.Volume Measurement.TOVOL,DIRECT,T3-R02 | T3-R05 | T3-R08 | T3-R10 | T3-R11 | T3-R18 | T3-R20,T3-A03 | T3-A08 | T3-A09 | T3-A18 | T3-A26 | T3-A27 | T3-A28 | T3-A45
FP-1357,T3,PFCP Session Report Request,PFCP Session Report Request.Usage Report.Volume Measurement.ULVOL,DIRECT,T3-R02 | T3-R05 | T3-R08 | T3-R10 | T3-R11 | T3-R18 | T3-R20,T3-A03 | T3-A08 | T3-A09 | T3-A18 | T3-A19 | T3-A20 | T3-A26 | T3-A27 | T3-A28 | T3-A45
FP-1358,T3,PFCP Session Report Request,PFCP Session Report Request.Usage Report.Volume Measurement.DLVOL,DIRECT,T3-R02 | T3-R05 | T3-R08 | T3-R10 | T3-R11 | T3-R18 | T3-R20,T3-A03 | T3-A08 | T3-A09 | T3-A18 | T3-A19 | T3-A20 | T3-A26 | T3-A27 | T3-A28 | T3-A45
FP-1359,T3,PFCP Session Report Request,PFCP Session Report Request.Usage Report.Volume Measurement.TONOP,DIRECT,T3-R02 | T3-R05 | T3-R08 | T3-R10 | T3-R11 | T3-R18 | T3-R20,T3-A03 | T3-A08 | T3-A09 | T3-A22 | T3-A26 | T3-A27 | T3-A28 | T3-A45
FP-1360,T3,PFCP Session Report Request,PFCP Session Report Request.Usage Report.Volume Measurement.ULNOP,DIRECT,T3-R02 | T3-R05 | T3-R08 | T3-R10 | T3-R11 | T3-R18 | T3-R20,T3-A03 | T3-A08 | T3-A09 | T3-A22 | T3-A26 | T3-A27 | T3-A28 | T3-A45
FP-1361,T3,PFCP Session Report Request,PFCP Session Report Request.Usage Report.Volume Measurement.DLNOP,DIRECT,T3-R02 | T3-R05 | T3-R08 | T3-R10 | T3-R11 | T3-R18 | T3-R20,T3-A03 | T3-A08 | T3-A09 | T3-A22 | T3-A26 | T3-A27 | T3-A28 | T3-A45
FP-1362,T3,PFCP Session Report Request,PFCP Session Report Request.Usage Report.Volume Measurement.totalVolume,DIRECT,T3-R02 | T3-R05 | T3-R08 | T3-R10 | T3-R11 | T3-R12 | T3-R18 | T3-R20,T3-A03 | T3-A08 | T3-A09 | T3-A17 | T3-A18 | T3-A23 | T3-A25 | T3-A26 | T3-A28 | T3-A45
FP-1363,T3,PFCP Session Report Request,PFCP Session Report Request.Usage Report.Volume Measurement.uplinkVolume,DIRECT,T3-R02 | T3-R05 | T3-R08 | T3-R10 | T3-R11 | T3-R12 | T3-R18 | T3-R20,T3-A03 | T3-A08 | T3-A09 | T3-A17 | T3-A19 | T3-A20 | T3-A21 | T3-A23 | T3-A25 | T3-A26 | T3-A28 | T3-A45
FP-1364,T3,PFCP Session Report Request,PFCP Session Report Request.Usage Report.Volume Measurement.downlinkVolume,DIRECT,T3-R02 | T3-R05 | T3-R08 | T3-R10 | T3-R11 | T3-R12 | T3-R18 | T3-R20,T3-A03 | T3-A08 | T3-A09 | T3-A17 | T3-A19 | T3-A20 | T3-A21 | T3-A23 | T3-A25 | T3-A26 | T3-A28 | T3-A45
FP-1365,T3,PFCP Session Report Request,PFCP Session Report Request.Usage Report.Volume Measurement.totalNumberOfPackets,DIRECT,T3-R02 | T3-R05 | T3-R08 | T3-R10 | T3-R11 | T3-R12 | T3-R18 | T3-R20,T3-A03 | T3-A08 | T3-A09 | T3-A22 | T3-A24 | T3-A25 | T3-A26 | T3-A28 | T3-A45
FP-1366,T3,PFCP Session Report Request,PFCP Session Report Request.Usage Report.Volume Measurement.uplinkNumberOfPackets,DIRECT,T3-R02 | T3-R05 | T3-R08 | T3-R10 | T3-R11 | T3-R12 | T3-R18 | T3-R20,T3-A03 | T3-A08 | T3-A09 | T3-A22 | T3-A24 | T3-A25 | T3-A26 | T3-A28 | T3-A45
FP-1367,T3,PFCP Session Report Request,PFCP Session Report Request.Usage Report.Volume Measurement.downlinkNumberOfPackets,DIRECT,T3-R02 | T3-R05 | T3-R08 | T3-R10 | T3-R11 | T3-R12 | T3-R18 | T3-R20,T3-A03 | T3-A08 | T3-A09 | T3-A22 | T3-A24 | T3-A25 | T3-A26 | T3-A28 | T3-A45
FP-1368,T3,PFCP Session Report Request,PFCP Session Report Request.Usage Report.Duration Measurement.durationValue,DIRECT,T3-R02 | T3-R05 | T3-R08 | T3-R11 | T3-R12 | T3-R18 | T3-R20,T3-A03 | T3-A08 | T3-A25 | T3-A29 | T3-A30 | T3-A45
FP-1369,T3,PFCP Session Report Request,PFCP Session Report Request.Usage Report.Application Detection Information.Application ID,DIRECT,T3-R05 | T3-R15 | T3-R18,T3-A08 | T3-A40 | T3-A45
FP-1370,T3,PFCP Session Report Request,PFCP Session Report Request.Usage Report.Application Detection Information.Application Instance ID,DIRECT,T3-R05 | T3-R15 | T3-R18,T3-A08 | T3-A40 | T3-A45
FP-1371,T3,PFCP Session Report Request,PFCP Session Report Request.Usage Report.Application Detection Information.Flow Information,DIRECT,T3-R05 | T3-R15 | T3-R18,T3-A08 | T3-A40 | T3-A45
FP-1372,T3,PFCP Session Report Request,PFCP Session Report Request.Usage Report.Application Detection Information.PDR ID.pdrId,DIRECT,T3-R05 | T3-R15 | T3-R18,T3-A08 | T3-A40 | T3-A45
FP-1373,T3,PFCP Session Report Request,PFCP Session Report Request.Usage Report.UE IP address.CHV6,DIRECT,T3-R05 | T3-R16 | T3-R18,T3-A08 | T3-A41 | T3-A45
FP-1374,T3,PFCP Session Report Request,PFCP Session Report Request.Usage Report.UE IP address.IPV6D,DIRECT,T3-R05 | T3-R16 | T3-R18,T3-A08 | T3-A41 | T3-A45
FP-1375,T3,PFCP Session Report Request,PFCP Session Report Request.Usage Report.UE IP address.SD,DIRECT,T3-R05 | T3-R16 | T3-R18,T3-A08 | T3-A41 | T3-A45
FP-1376,T3,PFCP Session Report Request,PFCP Session Report Request.Usage Report.UE IP address.V4,DIRECT,T3-R05 | T3-R16 | T3-R18,T3-A08 | T3-A41 | T3-A45
FP-1377,T3,PFCP Session Report Request,PFCP Session Report Request.Usage Report.UE IP address.V6,DIRECT,T3-R05 | T3-R16 | T3-R18,T3-A08 | T3-A41 | T3-A45
FP-1378,T3,PFCP Session Report Request,PFCP Session Report Request.Usage Report.UE IP address.ipv4Address,DIRECT,T3-R05 | T3-R16 | T3-R18,T3-A08 | T3-A41 | T3-A45
FP-1379,T3,PFCP Session Report Request,PFCP Session Report Request.Usage Report.UE IP address.ipv6Address,DIRECT,T3-R05 | T3-R16 | T3-R18,T3-A08 | T3-A41 | T3-A45
FP-1380,T3,PFCP Session Report Request,PFCP Session Report Request.Usage Report.UE IP address.ipv6PrefixDelegationBits,DIRECT,T3-R05 | T3-R16 | T3-R18,T3-A08 | T3-A41 | T3-A45
FP-1381,T3,PFCP Session Report Request,PFCP Session Report Request.Usage Report.UE IP address.ipv6PrefixLength,DIRECT,T3-R05 | T3-R16 | T3-R18,T3-A08 | T3-A41 | T3-A45
FP-1382,T3,PFCP Session Report Request,PFCP Session Report Request.Usage Report.Network Instance.length,DIRECT,T3-R05 | T3-R16 | T3-R18,T3-A08 | T3-A41 | T3-A45
FP-1383,T3,PFCP Session Report Request,PFCP Session Report Request.Usage Report.Network Instance.apnOrDnn,DIRECT,T3-R05 | T3-R16 | T3-R18,T3-A08 | T3-A41 | T3-A45
FP-1384,T3,PFCP Session Report Request,PFCP Session Report Request.Usage Report.Time of First Packet.ntpSeconds,DIRECT,T3-R05 | T3-R12 | T3-R18,T3-A08 | T3-A32 | T3-A33 | T3-A34 | T3-A45
FP-1385,T3,PFCP Session Report Request,PFCP Session Report Request.Usage Report.Time of Last Packet.ntpSeconds,DIRECT,T3-R05 | T3-R12 | T3-R18,T3-A08 | T3-A32 | T3-A33 | T3-A34 | T3-A45
FP-1386,T3,PFCP Session Report Request,PFCP Session Report Request.Usage Report.Usage Information.BEF,DIRECT,T3-R05 | T3-R14 | T3-R17 | T3-R18,T3-A08 | T3-A38 | T3-A45
FP-1387,T3,PFCP Session Report Request,PFCP Session Report Request.Usage Report.Usage Information.AFT,DIRECT,T3-R05 | T3-R14 | T3-R17 | T3-R18,T3-A08 | T3-A38 | T3-A45
FP-1388,T3,PFCP Session Report Request,PFCP Session Report Request.Usage Report.Usage Information.UAE,DIRECT,T3-R05 | T3-R14 | T3-R18,T3-A08 | T3-A39 | T3-A45
FP-1389,T3,PFCP Session Report Request,PFCP Session Report Request.Usage Report.Usage Information.UBE,DIRECT,T3-R05 | T3-R14 | T3-R18,T3-A08 | T3-A39 | T3-A45
FP-1390,T3,PFCP Session Report Request,PFCP Session Report Request.Usage Report.Query URR Reference.queryUrrReference,DIRECT,T3-R05 | T3-R09 | T3-R18,T3-A08 | T3-A16 | T3-A45
FP-1391,T3,PFCP Session Report Request,PFCP Session Report Request.Usage Report.Event Time Stamp.ntpTimestamp,DIRECT,T3-R05 | T3-R17 | T3-R18,T3-A08 | T3-A42 | T3-A45
FP-1392,T3,PFCP Session Report Request,PFCP Session Report Request.Usage Report.Ethernet Traffic Information.MAC Addresses Detected,DIRECT,T3-R05 | T3-R18,T3-A08 | T3-A45
FP-1393,T3,PFCP Session Report Request,PFCP Session Report Request.Usage Report.Ethernet Traffic Information.MAC Addresses Removed,DIRECT,T3-R05 | T3-R18,T3-A08 | T3-A45
FP-1394,T3,PFCP Session Report Request,PFCP Session Report Request.Usage Report.Join IP Multicast Information.IP Multicast Address,DIRECT,T3-R05 | T3-R13 | T3-R17 | T3-R18,T3-A08 | T3-A43 | T3-A45
FP-1395,T3,PFCP Session Report Request,PFCP Session Report Request.Usage Report.Join IP Multicast Information.Source IP Address,DIRECT,T3-R05 | T3-R13 | T3-R17 | T3-R18,T3-A08 | T3-A43 | T3-A45
FP-1396,T3,PFCP Session Report Request,PFCP Session Report Request.Usage Report.Leave IP Multicast Information.IP Multicast Address,DIRECT,T3-R05 | T3-R13 | T3-R17 | T3-R18,T3-A08 | T3-A43 | T3-A45
FP-1397,T3,PFCP Session Report Request,PFCP Session Report Request.Usage Report.Leave IP Multicast Information.Source IP Address,DIRECT,T3-R05 | T3-R13 | T3-R17 | T3-R18,T3-A08 | T3-A43 | T3-A45
FP-1398,T3,PFCP Session Report Request,PFCP Session Report Request.Usage Report.Predefined Rules Name,DIRECT,T3-R05 | T3-R15 | T3-R18,T3-A08 | T3-A44 | T3-A45
FP-1409,T3,PFCP Session Report Request,PFCP Session Report Request.Additional Usage Reports Information.AURI,DIRECT,T3-R06,T3-A10 | T3-A11
FP-1410,T3,PFCP Session Report Request,PFCP Session Report Request.Additional Usage Reports Information.numberOfAdditionalUsageReports,DIRECT,T3-R06,T3-A10
FP-1411,T3,PFCP Session Report Request,PFCP Session Report Request.PFCPSRReq- Flags.PSDBU,DIRECT,T3-R19,T3-A48
FP-1412,T3,PFCP Session Report Request,PFCP Session Report Request.Old CP F-SEID.V4,DEPLOYMENT,T3-R01,T3-A04
FP-1413,T3,PFCP Session Report Request,PFCP Session Report Request.Old CP F-SEID.V6,DEPLOYMENT,T3-R01,T3-A04
FP-1414,T3,PFCP Session Report Request,PFCP Session Report Request.Old CP F-SEID.SEID,DEPLOYMENT,T3-R01,T3-A04
FP-1415,T3,PFCP Session Report Request,PFCP Session Report Request.Old CP F-SEID.ipv4Address,DEPLOYMENT,T3-R01,T3-A04
FP-1416,T3,PFCP Session Report Request,PFCP Session Report Request.Old CP F-SEID.ipv6Address,DEPLOYMENT,T3-R01,T3-A04
FP-1428,T3,PFCP Session Report Request,PFCP Session Report Request.Cause,RELATIONAL,T3-R18,T3-A45
FP-1429,T4-Nchf,Nchf ChargingDataRequest,ChargingDataRequest (LBO/PDU-session applicability projection).subscriberIdentifier,DIRECT,T4N-R01 | T4N-R15,T4N-A01
FP-1430,T4-Nchf,Nchf ChargingDataRequest,ChargingDataRequest (LBO/PDU-session applicability projection).nfConsumerIdentification.nFName,DIRECT,T4N-R04,T4N-A11
FP-1431,T4-Nchf,Nchf ChargingDataRequest,ChargingDataRequest (LBO/PDU-session applicability projection).nfConsumerIdentification.nFIPv4Address,DIRECT,T4N-R04,T4N-A11
FP-1432,T4-Nchf,Nchf ChargingDataRequest,ChargingDataRequest (LBO/PDU-session applicability projection).nfConsumerIdentification.nFIPv6Address,DIRECT,T4N-R04,T4N-A11
FP-1433,T4-Nchf,Nchf ChargingDataRequest,ChargingDataRequest (LBO/PDU-session applicability projection).nfConsumerIdentification.nFPLMNID.mcc,DIRECT,T4N-R04,T4N-A11
FP-1434,T4-Nchf,Nchf ChargingDataRequest,ChargingDataRequest (LBO/PDU-session applicability projection).nfConsumerIdentification.nFPLMNID.mnc,DIRECT,T4N-R04,T4N-A11
FP-1435,T4-Nchf,Nchf ChargingDataRequest,ChargingDataRequest (LBO/PDU-session applicability projection).nfConsumerIdentification.nodeFunctionality,DIRECT,T4N-R04,T4N-A11
FP-1436,T4-Nchf,Nchf ChargingDataRequest,ChargingDataRequest (LBO/PDU-session applicability projection).nfConsumerIdentification.nFFqdn,DIRECT,T4N-R04,T4N-A11
FP-1437,T4-Nchf,Nchf ChargingDataRequest,ChargingDataRequest (LBO/PDU-session applicability projection).chargingId,DIRECT,T4N-R01 | T4N-R24,T4N-A02 | T4N-A03
FP-1438,T4-Nchf,Nchf ChargingDataRequest,ChargingDataRequest (LBO/PDU-session applicability projection).invocationTimeStamp,DIRECT,T4N-R02 | T4N-R05 | T4N-R08 | T4N-R13,T4N-A05 | T4N-A07
FP-1439,T4-Nchf,Nchf ChargingDataRequest,ChargingDataRequest (LBO/PDU-session applicability projection).invocationSequenceNumber,DIRECT,T4N-R02 | T4N-R05 | T4N-R08,T4N-A04 | T4N-A05
FP-1440,T4-Nchf,Nchf ChargingDataRequest,ChargingDataRequest (LBO/PDU-session applicability projection).retransmissionIndicator,DIRECT,T4N-R02 | T4N-R05 | T4N-R08,T4N-A05 | T4N-A06
FP-1441,T4-Nchf,Nchf ChargingDataRequest,ChargingDataRequest (LBO/PDU-session applicability projection).oneTimeEvent,DIRECT,T4N-R03,T4N-A08 | T4N-A09
FP-1442,T4-Nchf,Nchf ChargingDataRequest,ChargingDataRequest (LBO/PDU-session applicability projection).oneTimeEventType,DIRECT,T4N-R03,T4N-A08 | T4N-A09
FP-1443,T4-Nchf,Nchf ChargingDataRequest,ChargingDataRequest (LBO/PDU-session applicability projection).notifyUri,DEPLOYMENT,T4N-R03,T4N-A10
FP-1444,T4-Nchf,Nchf ChargingDataRequest,ChargingDataRequest (LBO/PDU-session applicability projection).supportedFeatures,RELATIONAL,T4N-R22,T4N-A68
FP-1445,T4-Nchf,Nchf ChargingDataRequest,ChargingDataRequest (LBO/PDU-session applicability projection).serviceSpecificationInfo,DEPLOYMENT,T4N-R03 | T4N-R22,T4N-A69
FP-1446,T4-Nchf,Nchf ChargingDataRequest,ChargingDataRequest (LBO/PDU-session applicability projection).triggers.triggerType,DIRECT,T4N-R09,T4N-A29
FP-1447,T4-Nchf,Nchf ChargingDataRequest,ChargingDataRequest (LBO/PDU-session applicability projection).triggers.triggerCategory,DIRECT,T4N-R09,T4N-A29
FP-1448,T4-Nchf,Nchf ChargingDataRequest,ChargingDataRequest (LBO/PDU-session applicability projection).triggers.timeLimit,DIRECT,T4N-R09,T4N-A30
FP-1449,T4-Nchf,Nchf ChargingDataRequest,ChargingDataRequest (LBO/PDU-session applicability projection).triggers.volumeLimit,DIRECT,T4N-R09 | T4N-R21,T4N-A30 | T4N-A31
FP-1450,T4-Nchf,Nchf ChargingDataRequest,ChargingDataRequest (LBO/PDU-session applicability projection).triggers.volumeLimit64,DIRECT,T4N-R09 | T4N-R21,T4N-A30 | T4N-A31
FP-1451,T4-Nchf,Nchf ChargingDataRequest,ChargingDataRequest (LBO/PDU-session applicability projection).triggers.eventLimit,DIRECT,T4N-R09,T4N-A30
FP-1452,T4-Nchf,Nchf ChargingDataRequest,ChargingDataRequest (LBO/PDU-session applicability projection).triggers.maxNumberOfccc,DIRECT,T4N-R09,T4N-A30
FP-1453,T4-Nchf,Nchf ChargingDataRequest,ChargingDataRequest (LBO/PDU-session applicability projection).triggers.tariffTimeChange,DEPLOYMENT,T4N-R09 | T4N-R13,T4N-A32
FP-1454,T4-Nchf,Nchf ChargingDataRequest,ChargingDataRequest (LBO/PDU-session applicability projection).pDUSessionChargingInformation.chargingId,RELATIONAL,T4N-R24,T4N-A03
FP-1455,T4-Nchf,Nchf ChargingDataRequest,ChargingDataRequest (LBO/PDU-session applicability projection).pDUSessionChargingInformation.sMFchargingId,RELATIONAL,T4N-R24,T4N-A03
FP-1456,T4-Nchf,Nchf ChargingDataRequest,ChargingDataRequest (LBO/PDU-session applicability projection).pDUSessionChargingInformation.homeProvidedChargingId,RELATIONAL,T4N-R24,T4N-A03
FP-1457,T4-Nchf,Nchf ChargingDataRequest,ChargingDataRequest (LBO/PDU-session applicability projection).pDUSessionChargingInformation.sMFHomeProvidedChargingId,RELATIONAL,T4N-R24,T4N-A03
FP-1458,T4-Nchf,Nchf ChargingDataRequest,ChargingDataRequest (LBO/PDU-session applicability projection).pDUSessionChargingInformation.userInformation.servedGPSI,DIRECT,T4N-R15,T4N-A53
FP-1459,T4-Nchf,Nchf ChargingDataRequest,ChargingDataRequest (LBO/PDU-session applicability projection).pDUSessionChargingInformation.userInformation.servedPEI,DIRECT,T4N-R15,T4N-A53
FP-1460,T4-Nchf,Nchf ChargingDataRequest,ChargingDataRequest (LBO/PDU-session applicability projection).pDUSessionChargingInformation.userInformation.unauthenticatedFlag,DEPLOYMENT,T4N-R15,T4N-A54
FP-1461,T4-Nchf,Nchf ChargingDataRequest,ChargingDataRequest (LBO/PDU-session applicability projection).pDUSessionChargingInformation.userInformation.roamerInOut,DEPLOYMENT,T4N-R15,T4N-A54
FP-1462,T4-Nchf,Nchf ChargingDataRequest,ChargingDataRequest (LBO/PDU-session applicability projection).pDUSessionChargingInformation.userLocationinfo.eutraLocation.tai.plmnId.mcc,DEPLOYMENT,T4N-R16 | T4N-R21,T4N-A55 | T4N-A70
FP-1463,T4-Nchf,Nchf ChargingDataRequest,ChargingDataRequest (LBO/PDU-session applicability projection).pDUSessionChargingInformation.userLocationinfo.eutraLocation.tai.plmnId.mnc,DEPLOYMENT,T4N-R16 | T4N-R21,T4N-A55 | T4N-A70
FP-1464,T4-Nchf,Nchf ChargingDataRequest,ChargingDataRequest (LBO/PDU-session applicability projection).pDUSessionChargingInformation.userLocationinfo.eutraLocation.tai.tac,DEPLOYMENT,T4N-R16 | T4N-R21,T4N-A55 | T4N-A70
FP-1465,T4-Nchf,Nchf ChargingDataRequest,ChargingDataRequest (LBO/PDU-session applicability projection).pDUSessionChargingInformation.userLocationinfo.eutraLocation.tai.nid,DEPLOYMENT,T4N-R16 | T4N-R21,T4N-A55 | T4N-A70
FP-1466,T4-Nchf,Nchf ChargingDataRequest,ChargingDataRequest (LBO/PDU-session applicability projection).pDUSessionChargingInformation.userLocationinfo.eutraLocation.ignoreTai,DEPLOYMENT,T4N-R16 | T4N-R21,T4N-A55 | T4N-A70
FP-1467,T4-Nchf,Nchf ChargingDataRequest,ChargingDataRequest (LBO/PDU-session applicability projection).pDUSessionChargingInformation.userLocationinfo.eutraLocation.ecgi.plmnId.mcc,DEPLOYMENT,T4N-R16 | T4N-R21,T4N-A55 | T4N-A70
FP-1468,T4-Nchf,Nchf ChargingDataRequest,ChargingDataRequest (LBO/PDU-session applicability projection).pDUSessionChargingInformation.userLocationinfo.eutraLocation.ecgi.plmnId.mnc,DEPLOYMENT,T4N-R16 | T4N-R21,T4N-A55 | T4N-A70
FP-1469,T4-Nchf,Nchf ChargingDataRequest,ChargingDataRequest (LBO/PDU-session applicability projection).pDUSessionChargingInformation.userLocationinfo.eutraLocation.ecgi.eutraCellId,DEPLOYMENT,T4N-R16 | T4N-R21,T4N-A55 | T4N-A70
FP-1470,T4-Nchf,Nchf ChargingDataRequest,ChargingDataRequest (LBO/PDU-session applicability projection).pDUSessionChargingInformation.userLocationinfo.eutraLocation.ecgi.nid,DEPLOYMENT,T4N-R16 | T4N-R21,T4N-A55 | T4N-A70
FP-1471,T4-Nchf,Nchf ChargingDataRequest,ChargingDataRequest (LBO/PDU-session applicability projection).pDUSessionChargingInformation.userLocationinfo.eutraLocation.ignoreEcgi,DEPLOYMENT,T4N-R16 | T4N-R21,T4N-A55 | T4N-A70
FP-1472,T4-Nchf,Nchf ChargingDataRequest,ChargingDataRequest (LBO/PDU-session applicability projection).pDUSessionChargingInformation.userLocationinfo.eutraLocation.ageOfLocationInformation,DEPLOYMENT,T4N-R16 | T4N-R21,T4N-A55 | T4N-A56 | T4N-A70
FP-1473,T4-Nchf,Nchf ChargingDataRequest,ChargingDataRequest (LBO/PDU-session applicability projection).pDUSessionChargingInformation.userLocationinfo.eutraLocation.ueLocationTimestamp,DEPLOYMENT,T4N-R16 | T4N-R21,T4N-A55 | T4N-A56 | T4N-A70
FP-1474,T4-Nchf,Nchf ChargingDataRequest,ChargingDataRequest (LBO/PDU-session applicability projection).pDUSessionChargingInformation.userLocationinfo.eutraLocation.geographicalInformation,DEPLOYMENT,T4N-R16 | T4N-R21,T4N-A55 | T4N-A70
FP-1475,T4-Nchf,Nchf ChargingDataRequest,ChargingDataRequest (LBO/PDU-session applicability projection).pDUSessionChargingInformation.userLocationinfo.eutraLocation.geodeticInformation,DEPLOYMENT,T4N-R16 | T4N-R21,T4N-A55 | T4N-A70
FP-1476,T4-Nchf,Nchf ChargingDataRequest,ChargingDataRequest (LBO/PDU-session applicability projection).pDUSessionChargingInformation.userLocationinfo.eutraLocation.globalNgenbId.plmnId.mcc,DEPLOYMENT,T4N-R16 | T4N-R21,T4N-A55 | T4N-A70
FP-1477,T4-Nchf,Nchf ChargingDataRequest,ChargingDataRequest (LBO/PDU-session applicability projection).pDUSessionChargingInformation.userLocationinfo.eutraLocation.globalNgenbId.plmnId.mnc,DEPLOYMENT,T4N-R16 | T4N-R21,T4N-A55 | T4N-A70
FP-1478,T4-Nchf,Nchf ChargingDataRequest,ChargingDataRequest (LBO/PDU-session applicability projection).pDUSessionChargingInformation.userLocationinfo.eutraLocation.globalNgenbId.n3IwfId,DEPLOYMENT,T4N-R16 | T4N-R21,T4N-A55 | T4N-A70
FP-1479,T4-Nchf,Nchf ChargingDataRequest,ChargingDataRequest (LBO/PDU-session applicability projection).pDUSessionChargingInformation.userLocationinfo.eutraLocation.globalNgenbId.gNbId.bitLength,DEPLOYMENT,T4N-R16 | T4N-R21,T4N-A55 | T4N-A70
FP-1480,T4-Nchf,Nchf ChargingDataRequest,ChargingDataRequest (LBO/PDU-session applicability projection).pDUSessionChargingInformation.userLocationinfo.eutraLocation.globalNgenbId.gNbId.gNBValue,DEPLOYMENT,T4N-R16 | T4N-R21,T4N-A55 | T4N-A70
FP-1481,T4-Nchf,Nchf ChargingDataRequest,ChargingDataRequest (LBO/PDU-session applicability projection).pDUSessionChargingInformation.userLocationinfo.eutraLocation.globalNgenbId.ngeNbId,DEPLOYMENT,T4N-R16 | T4N-R21,T4N-A55 | T4N-A70
FP-1482,T4-Nchf,Nchf ChargingDataRequest,ChargingDataRequest (LBO/PDU-session applicability projection).pDUSessionChargingInformation.userLocationinfo.eutraLocation.globalNgenbId.wagfId,DEPLOYMENT,T4N-R16 | T4N-R21,T4N-A55 | T4N-A70
FP-1483,T4-Nchf,Nchf ChargingDataRequest,ChargingDataRequest (LBO/PDU-session applicability projection).pDUSessionChargingInformation.userLocationinfo.eutraLocation.globalNgenbId.tngfId,DEPLOYMENT,T4N-R16 | T4N-R21,T4N-A55 | T4N-A70
FP-1484,T4-Nchf,Nchf ChargingDataRequest,ChargingDataRequest (LBO/PDU-session applicability projection).pDUSessionChargingInformation.userLocationinfo.eutraLocation.globalNgenbId.nid,DEPLOYMENT,T4N-R16 | T4N-R21,T4N-A55 | T4N-A70
FP-1485,T4-Nchf,Nchf ChargingDataRequest,ChargingDataRequest (LBO/PDU-session applicability projection).pDUSessionChargingInformation.userLocationinfo.eutraLocation.globalNgenbId.eNbId,DEPLOYMENT,T4N-R16 | T4N-R21,T4N-A55 | T4N-A70
FP-1486,T4-Nchf,Nchf ChargingDataRequest,ChargingDataRequest (LBO/PDU-session applicability projection).pDUSessionChargingInformation.userLocationinfo.eutraLocation.globalENbId.plmnId.mcc,DEPLOYMENT,T4N-R16 | T4N-R21,T4N-A55 | T4N-A70
FP-1487,T4-Nchf,Nchf ChargingDataRequest,ChargingDataRequest (LBO/PDU-session applicability projection).pDUSessionChargingInformation.userLocationinfo.eutraLocation.globalENbId.plmnId.mnc,DEPLOYMENT,T4N-R16 | T4N-R21,T4N-A55 | T4N-A70
FP-1488,T4-Nchf,Nchf ChargingDataRequest,ChargingDataRequest (LBO/PDU-session applicability projection).pDUSessionChargingInformation.userLocationinfo.eutraLocation.globalENbId.n3IwfId,DEPLOYMENT,T4N-R16 | T4N-R21,T4N-A55 | T4N-A70
FP-1489,T4-Nchf,Nchf ChargingDataRequest,ChargingDataRequest (LBO/PDU-session applicability projection).pDUSessionChargingInformation.userLocationinfo.eutraLocation.globalENbId.gNbId.bitLength,DEPLOYMENT,T4N-R16 | T4N-R21,T4N-A55 | T4N-A70
FP-1490,T4-Nchf,Nchf ChargingDataRequest,ChargingDataRequest (LBO/PDU-session applicability projection).pDUSessionChargingInformation.userLocationinfo.eutraLocation.globalENbId.gNbId.gNBValue,DEPLOYMENT,T4N-R16 | T4N-R21,T4N-A55 | T4N-A70
FP-1491,T4-Nchf,Nchf ChargingDataRequest,ChargingDataRequest (LBO/PDU-session applicability projection).pDUSessionChargingInformation.userLocationinfo.eutraLocation.globalENbId.ngeNbId,DEPLOYMENT,T4N-R16 | T4N-R21,T4N-A55 | T4N-A70
FP-1492,T4-Nchf,Nchf ChargingDataRequest,ChargingDataRequest (LBO/PDU-session applicability projection).pDUSessionChargingInformation.userLocationinfo.eutraLocation.globalENbId.wagfId,DEPLOYMENT,T4N-R16 | T4N-R21,T4N-A55 | T4N-A70
FP-1493,T4-Nchf,Nchf ChargingDataRequest,ChargingDataRequest (LBO/PDU-session applicability projection).pDUSessionChargingInformation.userLocationinfo.eutraLocation.globalENbId.tngfId,DEPLOYMENT,T4N-R16 | T4N-R21,T4N-A55 | T4N-A70
FP-1494,T4-Nchf,Nchf ChargingDataRequest,ChargingDataRequest (LBO/PDU-session applicability projection).pDUSessionChargingInformation.userLocationinfo.eutraLocation.globalENbId.nid,DEPLOYMENT,T4N-R16 | T4N-R21,T4N-A55 | T4N-A70
FP-1495,T4-Nchf,Nchf ChargingDataRequest,ChargingDataRequest (LBO/PDU-session applicability projection).pDUSessionChargingInformation.userLocationinfo.eutraLocation.globalENbId.eNbId,DEPLOYMENT,T4N-R16 | T4N-R21,T4N-A55 | T4N-A70
FP-1496,T4-Nchf,Nchf ChargingDataRequest,ChargingDataRequest (LBO/PDU-session applicability projection).pDUSessionChargingInformation.userLocationinfo.nrLocation.tai.plmnId.mcc,DEPLOYMENT,T4N-R16 | T4N-R21,T4N-A55 | T4N-A70
FP-1497,T4-Nchf,Nchf ChargingDataRequest,ChargingDataRequest (LBO/PDU-session applicability projection).pDUSessionChargingInformation.userLocationinfo.nrLocation.tai.plmnId.mnc,DEPLOYMENT,T4N-R16 | T4N-R21,T4N-A55 | T4N-A70
FP-1498,T4-Nchf,Nchf ChargingDataRequest,ChargingDataRequest (LBO/PDU-session applicability projection).pDUSessionChargingInformation.userLocationinfo.nrLocation.tai.tac,DEPLOYMENT,T4N-R16 | T4N-R21,T4N-A55 | T4N-A70
FP-1499,T4-Nchf,Nchf ChargingDataRequest,ChargingDataRequest (LBO/PDU-session applicability projection).pDUSessionChargingInformation.userLocationinfo.nrLocation.tai.nid,DEPLOYMENT,T4N-R16 | T4N-R21,T4N-A55 | T4N-A70
FP-1500,T4-Nchf,Nchf ChargingDataRequest,ChargingDataRequest (LBO/PDU-session applicability projection).pDUSessionChargingInformation.userLocationinfo.nrLocation.ncgi.plmnId.mcc,DEPLOYMENT,T4N-R16 | T4N-R21,T4N-A55 | T4N-A70
FP-1501,T4-Nchf,Nchf ChargingDataRequest,ChargingDataRequest (LBO/PDU-session applicability projection).pDUSessionChargingInformation.userLocationinfo.nrLocation.ncgi.plmnId.mnc,DEPLOYMENT,T4N-R16 | T4N-R21,T4N-A55 | T4N-A70
FP-1502,T4-Nchf,Nchf ChargingDataRequest,ChargingDataRequest (LBO/PDU-session applicability projection).pDUSessionChargingInformation.userLocationinfo.nrLocation.ncgi.nrCellId,DEPLOYMENT,T4N-R16 | T4N-R21,T4N-A55 | T4N-A70
FP-1503,T4-Nchf,Nchf ChargingDataRequest,ChargingDataRequest (LBO/PDU-session applicability projection).pDUSessionChargingInformation.userLocationinfo.nrLocation.ncgi.nid,DEPLOYMENT,T4N-R16 | T4N-R21,T4N-A55 | T4N-A70
FP-1504,T4-Nchf,Nchf ChargingDataRequest,ChargingDataRequest (LBO/PDU-session applicability projection).pDUSessionChargingInformation.userLocationinfo.nrLocation.ignoreNcgi,DEPLOYMENT,T4N-R16 | T4N-R21,T4N-A55 | T4N-A70
FP-1505,T4-Nchf,Nchf ChargingDataRequest,ChargingDataRequest (LBO/PDU-session applicability projection).pDUSessionChargingInformation.userLocationinfo.nrLocation.ageOfLocationInformation,DEPLOYMENT,T4N-R16 | T4N-R21,T4N-A55 | T4N-A56 | T4N-A70
FP-1506,T4-Nchf,Nchf ChargingDataRequest,ChargingDataRequest (LBO/PDU-session applicability projection).pDUSessionChargingInformation.userLocationinfo.nrLocation.ueLocationTimestamp,DEPLOYMENT,T4N-R16 | T4N-R21,T4N-A55 | T4N-A56 | T4N-A70
FP-1507,T4-Nchf,Nchf ChargingDataRequest,ChargingDataRequest (LBO/PDU-session applicability projection).pDUSessionChargingInformation.userLocationinfo.nrLocation.geographicalInformation,DEPLOYMENT,T4N-R16 | T4N-R21,T4N-A55 | T4N-A70
FP-1508,T4-Nchf,Nchf ChargingDataRequest,ChargingDataRequest (LBO/PDU-session applicability projection).pDUSessionChargingInformation.userLocationinfo.nrLocation.geodeticInformation,DEPLOYMENT,T4N-R16 | T4N-R21,T4N-A55 | T4N-A70
FP-1509,T4-Nchf,Nchf ChargingDataRequest,ChargingDataRequest (LBO/PDU-session applicability projection).pDUSessionChargingInformation.userLocationinfo.nrLocation.globalGnbId.plmnId.mcc,DEPLOYMENT,T4N-R16 | T4N-R21,T4N-A55 | T4N-A70
FP-1510,T4-Nchf,Nchf ChargingDataRequest,ChargingDataRequest (LBO/PDU-session applicability projection).pDUSessionChargingInformation.userLocationinfo.nrLocation.globalGnbId.plmnId.mnc,DEPLOYMENT,T4N-R16 | T4N-R21,T4N-A55 | T4N-A70
FP-1511,T4-Nchf,Nchf ChargingDataRequest,ChargingDataRequest (LBO/PDU-session applicability projection).pDUSessionChargingInformation.userLocationinfo.nrLocation.globalGnbId.n3IwfId,DEPLOYMENT,T4N-R16 | T4N-R21,T4N-A55 | T4N-A70
FP-1512,T4-Nchf,Nchf ChargingDataRequest,ChargingDataRequest (LBO/PDU-session applicability projection).pDUSessionChargingInformation.userLocationinfo.nrLocation.globalGnbId.gNbId.bitLength,DEPLOYMENT,T4N-R16 | T4N-R21,T4N-A55 | T4N-A70
FP-1513,T4-Nchf,Nchf ChargingDataRequest,ChargingDataRequest (LBO/PDU-session applicability projection).pDUSessionChargingInformation.userLocationinfo.nrLocation.globalGnbId.gNbId.gNBValue,DEPLOYMENT,T4N-R16 | T4N-R21,T4N-A55 | T4N-A70
FP-1514,T4-Nchf,Nchf ChargingDataRequest,ChargingDataRequest (LBO/PDU-session applicability projection).pDUSessionChargingInformation.userLocationinfo.nrLocation.globalGnbId.ngeNbId,DEPLOYMENT,T4N-R16 | T4N-R21,T4N-A55 | T4N-A70
FP-1515,T4-Nchf,Nchf ChargingDataRequest,ChargingDataRequest (LBO/PDU-session applicability projection).pDUSessionChargingInformation.userLocationinfo.nrLocation.globalGnbId.wagfId,DEPLOYMENT,T4N-R16 | T4N-R21,T4N-A55 | T4N-A70
FP-1516,T4-Nchf,Nchf ChargingDataRequest,ChargingDataRequest (LBO/PDU-session applicability projection).pDUSessionChargingInformation.userLocationinfo.nrLocation.globalGnbId.tngfId,DEPLOYMENT,T4N-R16 | T4N-R21,T4N-A55 | T4N-A70
FP-1517,T4-Nchf,Nchf ChargingDataRequest,ChargingDataRequest (LBO/PDU-session applicability projection).pDUSessionChargingInformation.userLocationinfo.nrLocation.globalGnbId.nid,DEPLOYMENT,T4N-R16 | T4N-R21,T4N-A55 | T4N-A70
FP-1518,T4-Nchf,Nchf ChargingDataRequest,ChargingDataRequest (LBO/PDU-session applicability projection).pDUSessionChargingInformation.userLocationinfo.nrLocation.globalGnbId.eNbId,DEPLOYMENT,T4N-R16 | T4N-R21,T4N-A55 | T4N-A70
FP-1519,T4-Nchf,Nchf ChargingDataRequest,ChargingDataRequest (LBO/PDU-session applicability projection).pDUSessionChargingInformation.userLocationinfo.n3gaLocation.n3gppTai.plmnId.mcc,DEPLOYMENT,T4N-R16 | T4N-R21,T4N-A55 | T4N-A70
FP-1520,T4-Nchf,Nchf ChargingDataRequest,ChargingDataRequest (LBO/PDU-session applicability projection).pDUSessionChargingInformation.userLocationinfo.n3gaLocation.n3gppTai.plmnId.mnc,DEPLOYMENT,T4N-R16 | T4N-R21,T4N-A55 | T4N-A70
FP-1521,T4-Nchf,Nchf ChargingDataRequest,ChargingDataRequest (LBO/PDU-session applicability projection).pDUSessionChargingInformation.userLocationinfo.n3gaLocation.n3gppTai.tac,DEPLOYMENT,T4N-R16 | T4N-R21,T4N-A55 | T4N-A70
FP-1522,T4-Nchf,Nchf ChargingDataRequest,ChargingDataRequest (LBO/PDU-session applicability projection).pDUSessionChargingInformation.userLocationinfo.n3gaLocation.n3gppTai.nid,DEPLOYMENT,T4N-R16 | T4N-R21,T4N-A55 | T4N-A70
FP-1523,T4-Nchf,Nchf ChargingDataRequest,ChargingDataRequest (LBO/PDU-session applicability projection).pDUSessionChargingInformation.userLocationinfo.n3gaLocation.n3IwfId,DEPLOYMENT,T4N-R16 | T4N-R21,T4N-A55 | T4N-A70
FP-1524,T4-Nchf,Nchf ChargingDataRequest,ChargingDataRequest (LBO/PDU-session applicability projection).pDUSessionChargingInformation.userLocationinfo.n3gaLocation.ueIpv4Addr,DEPLOYMENT,T4N-R16 | T4N-R21,T4N-A55 | T4N-A70
FP-1525,T4-Nchf,Nchf ChargingDataRequest,ChargingDataRequest (LBO/PDU-session applicability projection).pDUSessionChargingInformation.userLocationinfo.n3gaLocation.ueIpv6Addr,DEPLOYMENT,T4N-R16 | T4N-R21,T4N-A55 | T4N-A70
FP-1526,T4-Nchf,Nchf ChargingDataRequest,ChargingDataRequest (LBO/PDU-session applicability projection).pDUSessionChargingInformation.userLocationinfo.n3gaLocation.portNumber,DEPLOYMENT,T4N-R16 | T4N-R21,T4N-A55 | T4N-A70
FP-1527,T4-Nchf,Nchf ChargingDataRequest,ChargingDataRequest (LBO/PDU-session applicability projection).pDUSessionChargingInformation.userLocationinfo.n3gaLocation.protocol,DEPLOYMENT,T4N-R16 | T4N-R21,T4N-A55 | T4N-A70
FP-1528,T4-Nchf,Nchf ChargingDataRequest,ChargingDataRequest (LBO/PDU-session applicability projection).pDUSessionChargingInformation.userLocationinfo.n3gaLocation.tnapId.ssId,DEPLOYMENT,T4N-R16 | T4N-R21,T4N-A55 | T4N-A70
FP-1529,T4-Nchf,Nchf ChargingDataRequest,ChargingDataRequest (LBO/PDU-session applicability projection).pDUSessionChargingInformation.userLocationinfo.n3gaLocation.tnapId.bssId,DEPLOYMENT,T4N-R16 | T4N-R21,T4N-A55 | T4N-A70
FP-1530,T4-Nchf,Nchf ChargingDataRequest,ChargingDataRequest (LBO/PDU-session applicability projection).pDUSessionChargingInformation.userLocationinfo.n3gaLocation.tnapId.civicAddress,DEPLOYMENT,T4N-R16 | T4N-R21,T4N-A55 | T4N-A70
FP-1531,T4-Nchf,Nchf ChargingDataRequest,ChargingDataRequest (LBO/PDU-session applicability projection).pDUSessionChargingInformation.userLocationinfo.n3gaLocation.twapId.ssId,DEPLOYMENT,T4N-R16 | T4N-R21,T4N-A55 | T4N-A70
FP-1532,T4-Nchf,Nchf ChargingDataRequest,ChargingDataRequest (LBO/PDU-session applicability projection).pDUSessionChargingInformation.userLocationinfo.n3gaLocation.twapId.bssId,DEPLOYMENT,T4N-R16 | T4N-R21,T4N-A55 | T4N-A70
FP-1533,T4-Nchf,Nchf ChargingDataRequest,ChargingDataRequest (LBO/PDU-session applicability projection).pDUSessionChargingInformation.userLocationinfo.n3gaLocation.twapId.civicAddress,DEPLOYMENT,T4N-R16 | T4N-R21,T4N-A55 | T4N-A70
FP-1534,T4-Nchf,Nchf ChargingDataRequest,ChargingDataRequest (LBO/PDU-session applicability projection).pDUSessionChargingInformation.userLocationinfo.n3gaLocation.hfcNodeId.hfcNId,DEPLOYMENT,T4N-R16 | T4N-R21,T4N-A55 | T4N-A70
FP-1535,T4-Nchf,Nchf ChargingDataRequest,ChargingDataRequest (LBO/PDU-session applicability projection).pDUSessionChargingInformation.userLocationinfo.n3gaLocation.gli,DEPLOYMENT,T4N-R16 | T4N-R21,T4N-A55 | T4N-A70
FP-1536,T4-Nchf,Nchf ChargingDataRequest,ChargingDataRequest (LBO/PDU-session applicability projection).pDUSessionChargingInformation.userLocationinfo.n3gaLocation.w5gbanLineType,DEPLOYMENT,T4N-R16 | T4N-R21,T4N-A55 | T4N-A70
FP-1537,T4-Nchf,Nchf ChargingDataRequest,ChargingDataRequest (LBO/PDU-session applicability projection).pDUSessionChargingInformation.userLocationinfo.n3gaLocation.gci,DEPLOYMENT,T4N-R16 | T4N-R21,T4N-A55 | T4N-A70
FP-1538,T4-Nchf,Nchf ChargingDataRequest,ChargingDataRequest (LBO/PDU-session applicability projection).pDUSessionChargingInformation.userLocationinfo.utraLocation.cgi.plmnId.mcc,DEPLOYMENT,T4N-R16 | T4N-R21,T4N-A55 | T4N-A70
FP-1539,T4-Nchf,Nchf ChargingDataRequest,ChargingDataRequest (LBO/PDU-session applicability projection).pDUSessionChargingInformation.userLocationinfo.utraLocation.cgi.plmnId.mnc,DEPLOYMENT,T4N-R16 | T4N-R21,T4N-A55 | T4N-A70
FP-1540,T4-Nchf,Nchf ChargingDataRequest,ChargingDataRequest (LBO/PDU-session applicability projection).pDUSessionChargingInformation.userLocationinfo.utraLocation.cgi.lac,DEPLOYMENT,T4N-R16 | T4N-R21,T4N-A55 | T4N-A70
FP-1541,T4-Nchf,Nchf ChargingDataRequest,ChargingDataRequest (LBO/PDU-session applicability projection).pDUSessionChargingInformation.userLocationinfo.utraLocation.cgi.cellId,DEPLOYMENT,T4N-R16 | T4N-R21,T4N-A55 | T4N-A70
FP-1542,T4-Nchf,Nchf ChargingDataRequest,ChargingDataRequest (LBO/PDU-session applicability projection).pDUSessionChargingInformation.userLocationinfo.utraLocation.sai.plmnId.mcc,DEPLOYMENT,T4N-R16 | T4N-R21,T4N-A55 | T4N-A70
FP-1543,T4-Nchf,Nchf ChargingDataRequest,ChargingDataRequest (LBO/PDU-session applicability projection).pDUSessionChargingInformation.userLocationinfo.utraLocation.sai.plmnId.mnc,DEPLOYMENT,T4N-R16 | T4N-R21,T4N-A55 | T4N-A70
FP-1544,T4-Nchf,Nchf ChargingDataRequest,ChargingDataRequest (LBO/PDU-session applicability projection).pDUSessionChargingInformation.userLocationinfo.utraLocation.sai.lac,DEPLOYMENT,T4N-R16 | T4N-R21,T4N-A55 | T4N-A70
FP-1545,T4-Nchf,Nchf ChargingDataRequest,ChargingDataRequest (LBO/PDU-session applicability projection).pDUSessionChargingInformation.userLocationinfo.utraLocation.sai.sac,DEPLOYMENT,T4N-R16 | T4N-R21,T4N-A55 | T4N-A70
FP-1546,T4-Nchf,Nchf ChargingDataRequest,ChargingDataRequest (LBO/PDU-session applicability projection).pDUSessionChargingInformation.userLocationinfo.utraLocation.lai.plmnId.mcc,DEPLOYMENT,T4N-R16 | T4N-R21,T4N-A55 | T4N-A70
FP-1547,T4-Nchf,Nchf ChargingDataRequest,ChargingDataRequest (LBO/PDU-session applicability projection).pDUSessionChargingInformation.userLocationinfo.utraLocation.lai.plmnId.mnc,DEPLOYMENT,T4N-R16 | T4N-R21,T4N-A55 | T4N-A70
FP-1548,T4-Nchf,Nchf ChargingDataRequest,ChargingDataRequest (LBO/PDU-session applicability projection).pDUSessionChargingInformation.userLocationinfo.utraLocation.lai.lac,DEPLOYMENT,T4N-R16 | T4N-R21,T4N-A55 | T4N-A70
FP-1549,T4-Nchf,Nchf ChargingDataRequest,ChargingDataRequest (LBO/PDU-session applicability projection).pDUSessionChargingInformation.userLocationinfo.utraLocation.rai.plmnId.mcc,DEPLOYMENT,T4N-R16 | T4N-R21,T4N-A55 | T4N-A70
FP-1550,T4-Nchf,Nchf ChargingDataRequest,ChargingDataRequest (LBO/PDU-session applicability projection).pDUSessionChargingInformation.userLocationinfo.utraLocation.rai.plmnId.mnc,DEPLOYMENT,T4N-R16 | T4N-R21,T4N-A55 | T4N-A70
FP-1551,T4-Nchf,Nchf ChargingDataRequest,ChargingDataRequest (LBO/PDU-session applicability projection).pDUSessionChargingInformation.userLocationinfo.utraLocation.rai.lac,DEPLOYMENT,T4N-R16 | T4N-R21,T4N-A55 | T4N-A70
FP-1552,T4-Nchf,Nchf ChargingDataRequest,ChargingDataRequest (LBO/PDU-session applicability projection).pDUSessionChargingInformation.userLocationinfo.utraLocation.rai.rac,DEPLOYMENT,T4N-R16 | T4N-R21,T4N-A55 | T4N-A70
FP-1553,T4-Nchf,Nchf ChargingDataRequest,ChargingDataRequest (LBO/PDU-session applicability projection).pDUSessionChargingInformation.userLocationinfo.utraLocation.ageOfLocationInformation,DEPLOYMENT,T4N-R16 | T4N-R21,T4N-A55 | T4N-A56 | T4N-A70
FP-1554,T4-Nchf,Nchf ChargingDataRequest,ChargingDataRequest (LBO/PDU-session applicability projection).pDUSessionChargingInformation.userLocationinfo.utraLocation.ueLocationTimestamp,DEPLOYMENT,T4N-R16 | T4N-R21,T4N-A55 | T4N-A56 | T4N-A70
FP-1555,T4-Nchf,Nchf ChargingDataRequest,ChargingDataRequest (LBO/PDU-session applicability projection).pDUSessionChargingInformation.userLocationinfo.utraLocation.geographicalInformation,DEPLOYMENT,T4N-R16 | T4N-R21,T4N-A55 | T4N-A70
FP-1556,T4-Nchf,Nchf ChargingDataRequest,ChargingDataRequest (LBO/PDU-session applicability projection).pDUSessionChargingInformation.userLocationinfo.utraLocation.geodeticInformation,DEPLOYMENT,T4N-R16 | T4N-R21,T4N-A55 | T4N-A70
FP-1557,T4-Nchf,Nchf ChargingDataRequest,ChargingDataRequest (LBO/PDU-session applicability projection).pDUSessionChargingInformation.userLocationinfo.geraLocation.locationNumber,DEPLOYMENT,T4N-R16 | T4N-R21,T4N-A55 | T4N-A70
FP-1558,T4-Nchf,Nchf ChargingDataRequest,ChargingDataRequest (LBO/PDU-session applicability projection).pDUSessionChargingInformation.userLocationinfo.geraLocation.cgi.plmnId.mcc,DEPLOYMENT,T4N-R16 | T4N-R21,T4N-A55 | T4N-A70
FP-1559,T4-Nchf,Nchf ChargingDataRequest,ChargingDataRequest (LBO/PDU-session applicability projection).pDUSessionChargingInformation.userLocationinfo.geraLocation.cgi.plmnId.mnc,DEPLOYMENT,T4N-R16 | T4N-R21,T4N-A55 | T4N-A70
FP-1560,T4-Nchf,Nchf ChargingDataRequest,ChargingDataRequest (LBO/PDU-session applicability projection).pDUSessionChargingInformation.userLocationinfo.geraLocation.cgi.lac,DEPLOYMENT,T4N-R16 | T4N-R21,T4N-A55 | T4N-A70
FP-1561,T4-Nchf,Nchf ChargingDataRequest,ChargingDataRequest (LBO/PDU-session applicability projection).pDUSessionChargingInformation.userLocationinfo.geraLocation.cgi.cellId,DEPLOYMENT,T4N-R16 | T4N-R21,T4N-A55 | T4N-A70
FP-1562,T4-Nchf,Nchf ChargingDataRequest,ChargingDataRequest (LBO/PDU-session applicability projection).pDUSessionChargingInformation.userLocationinfo.geraLocation.sai.plmnId.mcc,DEPLOYMENT,T4N-R16 | T4N-R21,T4N-A55 | T4N-A70
FP-1563,T4-Nchf,Nchf ChargingDataRequest,ChargingDataRequest (LBO/PDU-session applicability projection).pDUSessionChargingInformation.userLocationinfo.geraLocation.sai.plmnId.mnc,DEPLOYMENT,T4N-R16 | T4N-R21,T4N-A55 | T4N-A70
FP-1564,T4-Nchf,Nchf ChargingDataRequest,ChargingDataRequest (LBO/PDU-session applicability projection).pDUSessionChargingInformation.userLocationinfo.geraLocation.sai.lac,DEPLOYMENT,T4N-R16 | T4N-R21,T4N-A55 | T4N-A70
FP-1565,T4-Nchf,Nchf ChargingDataRequest,ChargingDataRequest (LBO/PDU-session applicability projection).pDUSessionChargingInformation.userLocationinfo.geraLocation.sai.sac,DEPLOYMENT,T4N-R16 | T4N-R21,T4N-A55 | T4N-A70
FP-1566,T4-Nchf,Nchf ChargingDataRequest,ChargingDataRequest (LBO/PDU-session applicability projection).pDUSessionChargingInformation.userLocationinfo.geraLocation.lai.plmnId.mcc,DEPLOYMENT,T4N-R16 | T4N-R21,T4N-A55 | T4N-A70
FP-1567,T4-Nchf,Nchf ChargingDataRequest,ChargingDataRequest (LBO/PDU-session applicability projection).pDUSessionChargingInformation.userLocationinfo.geraLocation.lai.plmnId.mnc,DEPLOYMENT,T4N-R16 | T4N-R21,T4N-A55 | T4N-A70
FP-1568,T4-Nchf,Nchf ChargingDataRequest,ChargingDataRequest (LBO/PDU-session applicability projection).pDUSessionChargingInformation.userLocationinfo.geraLocation.lai.lac,DEPLOYMENT,T4N-R16 | T4N-R21,T4N-A55 | T4N-A70
FP-1569,T4-Nchf,Nchf ChargingDataRequest,ChargingDataRequest (LBO/PDU-session applicability projection).pDUSessionChargingInformation.userLocationinfo.geraLocation.rai.plmnId.mcc,DEPLOYMENT,T4N-R16 | T4N-R21,T4N-A55 | T4N-A70
FP-1570,T4-Nchf,Nchf ChargingDataRequest,ChargingDataRequest (LBO/PDU-session applicability projection).pDUSessionChargingInformation.userLocationinfo.geraLocation.rai.plmnId.mnc,DEPLOYMENT,T4N-R16 | T4N-R21,T4N-A55 | T4N-A70
FP-1571,T4-Nchf,Nchf ChargingDataRequest,ChargingDataRequest (LBO/PDU-session applicability projection).pDUSessionChargingInformation.userLocationinfo.geraLocation.rai.lac,DEPLOYMENT,T4N-R16 | T4N-R21,T4N-A55 | T4N-A70
FP-1572,T4-Nchf,Nchf ChargingDataRequest,ChargingDataRequest (LBO/PDU-session applicability projection).pDUSessionChargingInformation.userLocationinfo.geraLocation.rai.rac,DEPLOYMENT,T4N-R16 | T4N-R21,T4N-A55 | T4N-A70
FP-1573,T4-Nchf,Nchf ChargingDataRequest,ChargingDataRequest (LBO/PDU-session applicability projection).pDUSessionChargingInformation.userLocationinfo.geraLocation.vlrNumber,DEPLOYMENT,T4N-R16 | T4N-R21,T4N-A55 | T4N-A70
FP-1574,T4-Nchf,Nchf ChargingDataRequest,ChargingDataRequest (LBO/PDU-session applicability projection).pDUSessionChargingInformation.userLocationinfo.geraLocation.mscNumber,DEPLOYMENT,T4N-R16 | T4N-R21,T4N-A55 | T4N-A70
FP-1575,T4-Nchf,Nchf ChargingDataRequest,ChargingDataRequest (LBO/PDU-session applicability projection).pDUSessionChargingInformation.userLocationinfo.geraLocation.ageOfLocationInformation,DEPLOYMENT,T4N-R16 | T4N-R21,T4N-A55 | T4N-A56 | T4N-A70
FP-1576,T4-Nchf,Nchf ChargingDataRequest,ChargingDataRequest (LBO/PDU-session applicability projection).pDUSessionChargingInformation.userLocationinfo.geraLocation.ueLocationTimestamp,DEPLOYMENT,T4N-R16 | T4N-R21,T4N-A55 | T4N-A56 | T4N-A70
FP-1577,T4-Nchf,Nchf ChargingDataRequest,ChargingDataRequest (LBO/PDU-session applicability projection).pDUSessionChargingInformation.userLocationinfo.geraLocation.geographicalInformation,DEPLOYMENT,T4N-R16 | T4N-R21,T4N-A55 | T4N-A70
FP-1578,T4-Nchf,Nchf ChargingDataRequest,ChargingDataRequest (LBO/PDU-session applicability projection).pDUSessionChargingInformation.userLocationinfo.geraLocation.geodeticInformation,DEPLOYMENT,T4N-R16 | T4N-R21,T4N-A55 | T4N-A70
FP-1579,T4-Nchf,Nchf ChargingDataRequest,ChargingDataRequest (LBO/PDU-session applicability projection).pDUSessionChargingInformation.mAPDUNon3GPPUserLocationInfo.eutraLocation.tai.plmnId.mcc,DEPLOYMENT,T4N-R16 | T4N-R21,T4N-A55 | T4N-A70
FP-1580,T4-Nchf,Nchf ChargingDataRequest,ChargingDataRequest (LBO/PDU-session applicability projection).pDUSessionChargingInformation.mAPDUNon3GPPUserLocationInfo.eutraLocation.tai.plmnId.mnc,DEPLOYMENT,T4N-R16 | T4N-R21,T4N-A55 | T4N-A70
FP-1581,T4-Nchf,Nchf ChargingDataRequest,ChargingDataRequest (LBO/PDU-session applicability projection).pDUSessionChargingInformation.mAPDUNon3GPPUserLocationInfo.eutraLocation.tai.tac,DEPLOYMENT,T4N-R16 | T4N-R21,T4N-A55 | T4N-A70
FP-1582,T4-Nchf,Nchf ChargingDataRequest,ChargingDataRequest (LBO/PDU-session applicability projection).pDUSessionChargingInformation.mAPDUNon3GPPUserLocationInfo.eutraLocation.tai.nid,DEPLOYMENT,T4N-R16 | T4N-R21,T4N-A55 | T4N-A70
FP-1583,T4-Nchf,Nchf ChargingDataRequest,ChargingDataRequest (LBO/PDU-session applicability projection).pDUSessionChargingInformation.mAPDUNon3GPPUserLocationInfo.eutraLocation.ignoreTai,DEPLOYMENT,T4N-R16 | T4N-R21,T4N-A55 | T4N-A70
FP-1584,T4-Nchf,Nchf ChargingDataRequest,ChargingDataRequest (LBO/PDU-session applicability projection).pDUSessionChargingInformation.mAPDUNon3GPPUserLocationInfo.eutraLocation.ecgi.plmnId.mcc,DEPLOYMENT,T4N-R16 | T4N-R21,T4N-A55 | T4N-A70
FP-1585,T4-Nchf,Nchf ChargingDataRequest,ChargingDataRequest (LBO/PDU-session applicability projection).pDUSessionChargingInformation.mAPDUNon3GPPUserLocationInfo.eutraLocation.ecgi.plmnId.mnc,DEPLOYMENT,T4N-R16 | T4N-R21,T4N-A55 | T4N-A70
FP-1586,T4-Nchf,Nchf ChargingDataRequest,ChargingDataRequest (LBO/PDU-session applicability projection).pDUSessionChargingInformation.mAPDUNon3GPPUserLocationInfo.eutraLocation.ecgi.eutraCellId,DEPLOYMENT,T4N-R16 | T4N-R21,T4N-A55 | T4N-A70
FP-1587,T4-Nchf,Nchf ChargingDataRequest,ChargingDataRequest (LBO/PDU-session applicability projection).pDUSessionChargingInformation.mAPDUNon3GPPUserLocationInfo.eutraLocation.ecgi.nid,DEPLOYMENT,T4N-R16 | T4N-R21,T4N-A55 | T4N-A70
FP-1588,T4-Nchf,Nchf ChargingDataRequest,ChargingDataRequest (LBO/PDU-session applicability projection).pDUSessionChargingInformation.mAPDUNon3GPPUserLocationInfo.eutraLocation.ignoreEcgi,DEPLOYMENT,T4N-R16 | T4N-R21,T4N-A55 | T4N-A70
FP-1589,T4-Nchf,Nchf ChargingDataRequest,ChargingDataRequest (LBO/PDU-session applicability projection).pDUSessionChargingInformation.mAPDUNon3GPPUserLocationInfo.eutraLocation.ageOfLocationInformation,DEPLOYMENT,T4N-R16 | T4N-R21,T4N-A55 | T4N-A56 | T4N-A70
FP-1590,T4-Nchf,Nchf ChargingDataRequest,ChargingDataRequest (LBO/PDU-session applicability projection).pDUSessionChargingInformation.mAPDUNon3GPPUserLocationInfo.eutraLocation.ueLocationTimestamp,DEPLOYMENT,T4N-R16 | T4N-R21,T4N-A55 | T4N-A56 | T4N-A70
FP-1591,T4-Nchf,Nchf ChargingDataRequest,ChargingDataRequest (LBO/PDU-session applicability projection).pDUSessionChargingInformation.mAPDUNon3GPPUserLocationInfo.eutraLocation.geographicalInformation,DEPLOYMENT,T4N-R16 | T4N-R21,T4N-A55 | T4N-A70
FP-1592,T4-Nchf,Nchf ChargingDataRequest,ChargingDataRequest (LBO/PDU-session applicability projection).pDUSessionChargingInformation.mAPDUNon3GPPUserLocationInfo.eutraLocation.geodeticInformation,DEPLOYMENT,T4N-R16 | T4N-R21,T4N-A55 | T4N-A70
FP-1593,T4-Nchf,Nchf ChargingDataRequest,ChargingDataRequest (LBO/PDU-session applicability projection).pDUSessionChargingInformation.mAPDUNon3GPPUserLocationInfo.eutraLocation.globalNgenbId.plmnId.mcc,DEPLOYMENT,T4N-R16 | T4N-R21,T4N-A55 | T4N-A70
FP-1594,T4-Nchf,Nchf ChargingDataRequest,ChargingDataRequest (LBO/PDU-session applicability projection).pDUSessionChargingInformation.mAPDUNon3GPPUserLocationInfo.eutraLocation.globalNgenbId.plmnId.mnc,DEPLOYMENT,T4N-R16 | T4N-R21,T4N-A55 | T4N-A70
FP-1595,T4-Nchf,Nchf ChargingDataRequest,ChargingDataRequest (LBO/PDU-session applicability projection).pDUSessionChargingInformation.mAPDUNon3GPPUserLocationInfo.eutraLocation.globalNgenbId.n3IwfId,DEPLOYMENT,T4N-R16 | T4N-R21,T4N-A55 | T4N-A70
FP-1596,T4-Nchf,Nchf ChargingDataRequest,ChargingDataRequest (LBO/PDU-session applicability projection).pDUSessionChargingInformation.mAPDUNon3GPPUserLocationInfo.eutraLocation.globalNgenbId.gNbId.bitLength,DEPLOYMENT,T4N-R16 | T4N-R21,T4N-A55 | T4N-A70
FP-1597,T4-Nchf,Nchf ChargingDataRequest,ChargingDataRequest (LBO/PDU-session applicability projection).pDUSessionChargingInformation.mAPDUNon3GPPUserLocationInfo.eutraLocation.globalNgenbId.gNbId.gNBValue,DEPLOYMENT,T4N-R16 | T4N-R21,T4N-A55 | T4N-A70
FP-1598,T4-Nchf,Nchf ChargingDataRequest,ChargingDataRequest (LBO/PDU-session applicability projection).pDUSessionChargingInformation.mAPDUNon3GPPUserLocationInfo.eutraLocation.globalNgenbId.ngeNbId,DEPLOYMENT,T4N-R16 | T4N-R21,T4N-A55 | T4N-A70
FP-1599,T4-Nchf,Nchf ChargingDataRequest,ChargingDataRequest (LBO/PDU-session applicability projection).pDUSessionChargingInformation.mAPDUNon3GPPUserLocationInfo.eutraLocation.globalNgenbId.wagfId,DEPLOYMENT,T4N-R16 | T4N-R21,T4N-A55 | T4N-A70
FP-1600,T4-Nchf,Nchf ChargingDataRequest,ChargingDataRequest (LBO/PDU-session applicability projection).pDUSessionChargingInformation.mAPDUNon3GPPUserLocationInfo.eutraLocation.globalNgenbId.tngfId,DEPLOYMENT,T4N-R16 | T4N-R21,T4N-A55 | T4N-A70
FP-1601,T4-Nchf,Nchf ChargingDataRequest,ChargingDataRequest (LBO/PDU-session applicability projection).pDUSessionChargingInformation.mAPDUNon3GPPUserLocationInfo.eutraLocation.globalNgenbId.nid,DEPLOYMENT,T4N-R16 | T4N-R21,T4N-A55 | T4N-A70
FP-1602,T4-Nchf,Nchf ChargingDataRequest,ChargingDataRequest (LBO/PDU-session applicability projection).pDUSessionChargingInformation.mAPDUNon3GPPUserLocationInfo.eutraLocation.globalNgenbId.eNbId,DEPLOYMENT,T4N-R16 | T4N-R21,T4N-A55 | T4N-A70
FP-1603,T4-Nchf,Nchf ChargingDataRequest,ChargingDataRequest (LBO/PDU-session applicability projection).pDUSessionChargingInformation.mAPDUNon3GPPUserLocationInfo.eutraLocation.globalENbId.plmnId.mcc,DEPLOYMENT,T4N-R16 | T4N-R21,T4N-A55 | T4N-A70
FP-1604,T4-Nchf,Nchf ChargingDataRequest,ChargingDataRequest (LBO/PDU-session applicability projection).pDUSessionChargingInformation.mAPDUNon3GPPUserLocationInfo.eutraLocation.globalENbId.plmnId.mnc,DEPLOYMENT,T4N-R16 | T4N-R21,T4N-A55 | T4N-A70
FP-1605,T4-Nchf,Nchf ChargingDataRequest,ChargingDataRequest (LBO/PDU-session applicability projection).pDUSessionChargingInformation.mAPDUNon3GPPUserLocationInfo.eutraLocation.globalENbId.n3IwfId,DEPLOYMENT,T4N-R16 | T4N-R21,T4N-A55 | T4N-A70
FP-1606,T4-Nchf,Nchf ChargingDataRequest,ChargingDataRequest (LBO/PDU-session applicability projection).pDUSessionChargingInformation.mAPDUNon3GPPUserLocationInfo.eutraLocation.globalENbId.gNbId.bitLength,DEPLOYMENT,T4N-R16 | T4N-R21,T4N-A55 | T4N-A70
FP-1607,T4-Nchf,Nchf ChargingDataRequest,ChargingDataRequest (LBO/PDU-session applicability projection).pDUSessionChargingInformation.mAPDUNon3GPPUserLocationInfo.eutraLocation.globalENbId.gNbId.gNBValue,DEPLOYMENT,T4N-R16 | T4N-R21,T4N-A55 | T4N-A70
FP-1608,T4-Nchf,Nchf ChargingDataRequest,ChargingDataRequest (LBO/PDU-session applicability projection).pDUSessionChargingInformation.mAPDUNon3GPPUserLocationInfo.eutraLocation.globalENbId.ngeNbId,DEPLOYMENT,T4N-R16 | T4N-R21,T4N-A55 | T4N-A70
FP-1609,T4-Nchf,Nchf ChargingDataRequest,ChargingDataRequest (LBO/PDU-session applicability projection).pDUSessionChargingInformation.mAPDUNon3GPPUserLocationInfo.eutraLocation.globalENbId.wagfId,DEPLOYMENT,T4N-R16 | T4N-R21,T4N-A55 | T4N-A70
FP-1610,T4-Nchf,Nchf ChargingDataRequest,ChargingDataRequest (LBO/PDU-session applicability projection).pDUSessionChargingInformation.mAPDUNon3GPPUserLocationInfo.eutraLocation.globalENbId.tngfId,DEPLOYMENT,T4N-R16 | T4N-R21,T4N-A55 | T4N-A70
FP-1611,T4-Nchf,Nchf ChargingDataRequest,ChargingDataRequest (LBO/PDU-session applicability projection).pDUSessionChargingInformation.mAPDUNon3GPPUserLocationInfo.eutraLocation.globalENbId.nid,DEPLOYMENT,T4N-R16 | T4N-R21,T4N-A55 | T4N-A70
FP-1612,T4-Nchf,Nchf ChargingDataRequest,ChargingDataRequest (LBO/PDU-session applicability projection).pDUSessionChargingInformation.mAPDUNon3GPPUserLocationInfo.eutraLocation.globalENbId.eNbId,DEPLOYMENT,T4N-R16 | T4N-R21,T4N-A55 | T4N-A70
FP-1613,T4-Nchf,Nchf ChargingDataRequest,ChargingDataRequest (LBO/PDU-session applicability projection).pDUSessionChargingInformation.mAPDUNon3GPPUserLocationInfo.nrLocation.tai.plmnId.mcc,DEPLOYMENT,T4N-R16 | T4N-R21,T4N-A55 | T4N-A70
FP-1614,T4-Nchf,Nchf ChargingDataRequest,ChargingDataRequest (LBO/PDU-session applicability projection).pDUSessionChargingInformation.mAPDUNon3GPPUserLocationInfo.nrLocation.tai.plmnId.mnc,DEPLOYMENT,T4N-R16 | T4N-R21,T4N-A55 | T4N-A70
FP-1615,T4-Nchf,Nchf ChargingDataRequest,ChargingDataRequest (LBO/PDU-session applicability projection).pDUSessionChargingInformation.mAPDUNon3GPPUserLocationInfo.nrLocation.tai.tac,DEPLOYMENT,T4N-R16 | T4N-R21,T4N-A55 | T4N-A70
FP-1616,T4-Nchf,Nchf ChargingDataRequest,ChargingDataRequest (LBO/PDU-session applicability projection).pDUSessionChargingInformation.mAPDUNon3GPPUserLocationInfo.nrLocation.tai.nid,DEPLOYMENT,T4N-R16 | T4N-R21,T4N-A55 | T4N-A70
FP-1617,T4-Nchf,Nchf ChargingDataRequest,ChargingDataRequest (LBO/PDU-session applicability projection).pDUSessionChargingInformation.mAPDUNon3GPPUserLocationInfo.nrLocation.ncgi.plmnId.mcc,DEPLOYMENT,T4N-R16 | T4N-R21,T4N-A55 | T4N-A70
FP-1618,T4-Nchf,Nchf ChargingDataRequest,ChargingDataRequest (LBO/PDU-session applicability projection).pDUSessionChargingInformation.mAPDUNon3GPPUserLocationInfo.nrLocation.ncgi.plmnId.mnc,DEPLOYMENT,T4N-R16 | T4N-R21,T4N-A55 | T4N-A70
FP-1619,T4-Nchf,Nchf ChargingDataRequest,ChargingDataRequest (LBO/PDU-session applicability projection).pDUSessionChargingInformation.mAPDUNon3GPPUserLocationInfo.nrLocation.ncgi.nrCellId,DEPLOYMENT,T4N-R16 | T4N-R21,T4N-A55 | T4N-A70
FP-1620,T4-Nchf,Nchf ChargingDataRequest,ChargingDataRequest (LBO/PDU-session applicability projection).pDUSessionChargingInformation.mAPDUNon3GPPUserLocationInfo.nrLocation.ncgi.nid,DEPLOYMENT,T4N-R16 | T4N-R21,T4N-A55 | T4N-A70
FP-1621,T4-Nchf,Nchf ChargingDataRequest,ChargingDataRequest (LBO/PDU-session applicability projection).pDUSessionChargingInformation.mAPDUNon3GPPUserLocationInfo.nrLocation.ignoreNcgi,DEPLOYMENT,T4N-R16 | T4N-R21,T4N-A55 | T4N-A70
FP-1622,T4-Nchf,Nchf ChargingDataRequest,ChargingDataRequest (LBO/PDU-session applicability projection).pDUSessionChargingInformation.mAPDUNon3GPPUserLocationInfo.nrLocation.ageOfLocationInformation,DEPLOYMENT,T4N-R16 | T4N-R21,T4N-A55 | T4N-A56 | T4N-A70
FP-1623,T4-Nchf,Nchf ChargingDataRequest,ChargingDataRequest (LBO/PDU-session applicability projection).pDUSessionChargingInformation.mAPDUNon3GPPUserLocationInfo.nrLocation.ueLocationTimestamp,DEPLOYMENT,T4N-R16 | T4N-R21,T4N-A55 | T4N-A56 | T4N-A70
FP-1624,T4-Nchf,Nchf ChargingDataRequest,ChargingDataRequest (LBO/PDU-session applicability projection).pDUSessionChargingInformation.mAPDUNon3GPPUserLocationInfo.nrLocation.geographicalInformation,DEPLOYMENT,T4N-R16 | T4N-R21,T4N-A55 | T4N-A70
FP-1625,T4-Nchf,Nchf ChargingDataRequest,ChargingDataRequest (LBO/PDU-session applicability projection).pDUSessionChargingInformation.mAPDUNon3GPPUserLocationInfo.nrLocation.geodeticInformation,DEPLOYMENT,T4N-R16 | T4N-R21,T4N-A55 | T4N-A70
FP-1626,T4-Nchf,Nchf ChargingDataRequest,ChargingDataRequest (LBO/PDU-session applicability projection).pDUSessionChargingInformation.mAPDUNon3GPPUserLocationInfo.nrLocation.globalGnbId.plmnId.mcc,DEPLOYMENT,T4N-R16 | T4N-R21,T4N-A55 | T4N-A70
FP-1627,T4-Nchf,Nchf ChargingDataRequest,ChargingDataRequest (LBO/PDU-session applicability projection).pDUSessionChargingInformation.mAPDUNon3GPPUserLocationInfo.nrLocation.globalGnbId.plmnId.mnc,DEPLOYMENT,T4N-R16 | T4N-R21,T4N-A55 | T4N-A70
FP-1628,T4-Nchf,Nchf ChargingDataRequest,ChargingDataRequest (LBO/PDU-session applicability projection).pDUSessionChargingInformation.mAPDUNon3GPPUserLocationInfo.nrLocation.globalGnbId.n3IwfId,DEPLOYMENT,T4N-R16 | T4N-R21,T4N-A55 | T4N-A70
FP-1629,T4-Nchf,Nchf ChargingDataRequest,ChargingDataRequest (LBO/PDU-session applicability projection).pDUSessionChargingInformation.mAPDUNon3GPPUserLocationInfo.nrLocation.globalGnbId.gNbId.bitLength,DEPLOYMENT,T4N-R16 | T4N-R21,T4N-A55 | T4N-A70
FP-1630,T4-Nchf,Nchf ChargingDataRequest,ChargingDataRequest (LBO/PDU-session applicability projection).pDUSessionChargingInformation.mAPDUNon3GPPUserLocationInfo.nrLocation.globalGnbId.gNbId.gNBValue,DEPLOYMENT,T4N-R16 | T4N-R21,T4N-A55 | T4N-A70
FP-1631,T4-Nchf,Nchf ChargingDataRequest,ChargingDataRequest (LBO/PDU-session applicability projection).pDUSessionChargingInformation.mAPDUNon3GPPUserLocationInfo.nrLocation.globalGnbId.ngeNbId,DEPLOYMENT,T4N-R16 | T4N-R21,T4N-A55 | T4N-A70
FP-1632,T4-Nchf,Nchf ChargingDataRequest,ChargingDataRequest (LBO/PDU-session applicability projection).pDUSessionChargingInformation.mAPDUNon3GPPUserLocationInfo.nrLocation.globalGnbId.wagfId,DEPLOYMENT,T4N-R16 | T4N-R21,T4N-A55 | T4N-A70
FP-1633,T4-Nchf,Nchf ChargingDataRequest,ChargingDataRequest (LBO/PDU-session applicability projection).pDUSessionChargingInformation.mAPDUNon3GPPUserLocationInfo.nrLocation.globalGnbId.tngfId,DEPLOYMENT,T4N-R16 | T4N-R21,T4N-A55 | T4N-A70
FP-1634,T4-Nchf,Nchf ChargingDataRequest,ChargingDataRequest (LBO/PDU-session applicability projection).pDUSessionChargingInformation.mAPDUNon3GPPUserLocationInfo.nrLocation.globalGnbId.nid,DEPLOYMENT,T4N-R16 | T4N-R21,T4N-A55 | T4N-A70
FP-1635,T4-Nchf,Nchf ChargingDataRequest,ChargingDataRequest (LBO/PDU-session applicability projection).pDUSessionChargingInformation.mAPDUNon3GPPUserLocationInfo.nrLocation.globalGnbId.eNbId,DEPLOYMENT,T4N-R16 | T4N-R21,T4N-A55 | T4N-A70
FP-1636,T4-Nchf,Nchf ChargingDataRequest,ChargingDataRequest (LBO/PDU-session applicability projection).pDUSessionChargingInformation.mAPDUNon3GPPUserLocationInfo.n3gaLocation.n3gppTai.plmnId.mcc,DEPLOYMENT,T4N-R16 | T4N-R21,T4N-A55 | T4N-A70
FP-1637,T4-Nchf,Nchf ChargingDataRequest,ChargingDataRequest (LBO/PDU-session applicability projection).pDUSessionChargingInformation.mAPDUNon3GPPUserLocationInfo.n3gaLocation.n3gppTai.plmnId.mnc,DEPLOYMENT,T4N-R16 | T4N-R21,T4N-A55 | T4N-A70
FP-1638,T4-Nchf,Nchf ChargingDataRequest,ChargingDataRequest (LBO/PDU-session applicability projection).pDUSessionChargingInformation.mAPDUNon3GPPUserLocationInfo.n3gaLocation.n3gppTai.tac,DEPLOYMENT,T4N-R16 | T4N-R21,T4N-A55 | T4N-A70
FP-1639,T4-Nchf,Nchf ChargingDataRequest,ChargingDataRequest (LBO/PDU-session applicability projection).pDUSessionChargingInformation.mAPDUNon3GPPUserLocationInfo.n3gaLocation.n3gppTai.nid,DEPLOYMENT,T4N-R16 | T4N-R21,T4N-A55 | T4N-A70
FP-1640,T4-Nchf,Nchf ChargingDataRequest,ChargingDataRequest (LBO/PDU-session applicability projection).pDUSessionChargingInformation.mAPDUNon3GPPUserLocationInfo.n3gaLocation.n3IwfId,DEPLOYMENT,T4N-R16 | T4N-R21,T4N-A55 | T4N-A70
FP-1641,T4-Nchf,Nchf ChargingDataRequest,ChargingDataRequest (LBO/PDU-session applicability projection).pDUSessionChargingInformation.mAPDUNon3GPPUserLocationInfo.n3gaLocation.ueIpv4Addr,DEPLOYMENT,T4N-R16 | T4N-R21,T4N-A55 | T4N-A70
FP-1642,T4-Nchf,Nchf ChargingDataRequest,ChargingDataRequest (LBO/PDU-session applicability projection).pDUSessionChargingInformation.mAPDUNon3GPPUserLocationInfo.n3gaLocation.ueIpv6Addr,DEPLOYMENT,T4N-R16 | T4N-R21,T4N-A55 | T4N-A70
FP-1643,T4-Nchf,Nchf ChargingDataRequest,ChargingDataRequest (LBO/PDU-session applicability projection).pDUSessionChargingInformation.mAPDUNon3GPPUserLocationInfo.n3gaLocation.portNumber,DEPLOYMENT,T4N-R16 | T4N-R21,T4N-A55 | T4N-A70
FP-1644,T4-Nchf,Nchf ChargingDataRequest,ChargingDataRequest (LBO/PDU-session applicability projection).pDUSessionChargingInformation.mAPDUNon3GPPUserLocationInfo.n3gaLocation.protocol,DEPLOYMENT,T4N-R16 | T4N-R21,T4N-A55 | T4N-A70
FP-1645,T4-Nchf,Nchf ChargingDataRequest,ChargingDataRequest (LBO/PDU-session applicability projection).pDUSessionChargingInformation.mAPDUNon3GPPUserLocationInfo.n3gaLocation.tnapId.ssId,DEPLOYMENT,T4N-R16 | T4N-R21,T4N-A55 | T4N-A70
FP-1646,T4-Nchf,Nchf ChargingDataRequest,ChargingDataRequest (LBO/PDU-session applicability projection).pDUSessionChargingInformation.mAPDUNon3GPPUserLocationInfo.n3gaLocation.tnapId.bssId,DEPLOYMENT,T4N-R16 | T4N-R21,T4N-A55 | T4N-A70
FP-1647,T4-Nchf,Nchf ChargingDataRequest,ChargingDataRequest (LBO/PDU-session applicability projection).pDUSessionChargingInformation.mAPDUNon3GPPUserLocationInfo.n3gaLocation.tnapId.civicAddress,DEPLOYMENT,T4N-R16 | T4N-R21,T4N-A55 | T4N-A70
FP-1648,T4-Nchf,Nchf ChargingDataRequest,ChargingDataRequest (LBO/PDU-session applicability projection).pDUSessionChargingInformation.mAPDUNon3GPPUserLocationInfo.n3gaLocation.twapId.ssId,DEPLOYMENT,T4N-R16 | T4N-R21,T4N-A55 | T4N-A70
FP-1649,T4-Nchf,Nchf ChargingDataRequest,ChargingDataRequest (LBO/PDU-session applicability projection).pDUSessionChargingInformation.mAPDUNon3GPPUserLocationInfo.n3gaLocation.twapId.bssId,DEPLOYMENT,T4N-R16 | T4N-R21,T4N-A55 | T4N-A70
FP-1650,T4-Nchf,Nchf ChargingDataRequest,ChargingDataRequest (LBO/PDU-session applicability projection).pDUSessionChargingInformation.mAPDUNon3GPPUserLocationInfo.n3gaLocation.twapId.civicAddress,DEPLOYMENT,T4N-R16 | T4N-R21,T4N-A55 | T4N-A70
FP-1651,T4-Nchf,Nchf ChargingDataRequest,ChargingDataRequest (LBO/PDU-session applicability projection).pDUSessionChargingInformation.mAPDUNon3GPPUserLocationInfo.n3gaLocation.hfcNodeId.hfcNId,DEPLOYMENT,T4N-R16 | T4N-R21,T4N-A55 | T4N-A70
FP-1652,T4-Nchf,Nchf ChargingDataRequest,ChargingDataRequest (LBO/PDU-session applicability projection).pDUSessionChargingInformation.mAPDUNon3GPPUserLocationInfo.n3gaLocation.gli,DEPLOYMENT,T4N-R16 | T4N-R21,T4N-A55 | T4N-A70
FP-1653,T4-Nchf,Nchf ChargingDataRequest,ChargingDataRequest (LBO/PDU-session applicability projection).pDUSessionChargingInformation.mAPDUNon3GPPUserLocationInfo.n3gaLocation.w5gbanLineType,DEPLOYMENT,T4N-R16 | T4N-R21,T4N-A55 | T4N-A70
FP-1654,T4-Nchf,Nchf ChargingDataRequest,ChargingDataRequest (LBO/PDU-session applicability projection).pDUSessionChargingInformation.mAPDUNon3GPPUserLocationInfo.n3gaLocation.gci,DEPLOYMENT,T4N-R16 | T4N-R21,T4N-A55 | T4N-A70
FP-1655,T4-Nchf,Nchf ChargingDataRequest,ChargingDataRequest (LBO/PDU-session applicability projection).pDUSessionChargingInformation.mAPDUNon3GPPUserLocationInfo.utraLocation.cgi.plmnId.mcc,DEPLOYMENT,T4N-R16 | T4N-R21,T4N-A55 | T4N-A70
FP-1656,T4-Nchf,Nchf ChargingDataRequest,ChargingDataRequest (LBO/PDU-session applicability projection).pDUSessionChargingInformation.mAPDUNon3GPPUserLocationInfo.utraLocation.cgi.plmnId.mnc,DEPLOYMENT,T4N-R16 | T4N-R21,T4N-A55 | T4N-A70
FP-1657,T4-Nchf,Nchf ChargingDataRequest,ChargingDataRequest (LBO/PDU-session applicability projection).pDUSessionChargingInformation.mAPDUNon3GPPUserLocationInfo.utraLocation.cgi.lac,DEPLOYMENT,T4N-R16 | T4N-R21,T4N-A55 | T4N-A70
FP-1658,T4-Nchf,Nchf ChargingDataRequest,ChargingDataRequest (LBO/PDU-session applicability projection).pDUSessionChargingInformation.mAPDUNon3GPPUserLocationInfo.utraLocation.cgi.cellId,DEPLOYMENT,T4N-R16 | T4N-R21,T4N-A55 | T4N-A70
FP-1659,T4-Nchf,Nchf ChargingDataRequest,ChargingDataRequest (LBO/PDU-session applicability projection).pDUSessionChargingInformation.mAPDUNon3GPPUserLocationInfo.utraLocation.sai.plmnId.mcc,DEPLOYMENT,T4N-R16 | T4N-R21,T4N-A55 | T4N-A70
FP-1660,T4-Nchf,Nchf ChargingDataRequest,ChargingDataRequest (LBO/PDU-session applicability projection).pDUSessionChargingInformation.mAPDUNon3GPPUserLocationInfo.utraLocation.sai.plmnId.mnc,DEPLOYMENT,T4N-R16 | T4N-R21,T4N-A55 | T4N-A70
FP-1661,T4-Nchf,Nchf ChargingDataRequest,ChargingDataRequest (LBO/PDU-session applicability projection).pDUSessionChargingInformation.mAPDUNon3GPPUserLocationInfo.utraLocation.sai.lac,DEPLOYMENT,T4N-R16 | T4N-R21,T4N-A55 | T4N-A70
FP-1662,T4-Nchf,Nchf ChargingDataRequest,ChargingDataRequest (LBO/PDU-session applicability projection).pDUSessionChargingInformation.mAPDUNon3GPPUserLocationInfo.utraLocation.sai.sac,DEPLOYMENT,T4N-R16 | T4N-R21,T4N-A55 | T4N-A70
FP-1663,T4-Nchf,Nchf ChargingDataRequest,ChargingDataRequest (LBO/PDU-session applicability projection).pDUSessionChargingInformation.mAPDUNon3GPPUserLocationInfo.utraLocation.lai.plmnId.mcc,DEPLOYMENT,T4N-R16 | T4N-R21,T4N-A55 | T4N-A70
FP-1664,T4-Nchf,Nchf ChargingDataRequest,ChargingDataRequest (LBO/PDU-session applicability projection).pDUSessionChargingInformation.mAPDUNon3GPPUserLocationInfo.utraLocation.lai.plmnId.mnc,DEPLOYMENT,T4N-R16 | T4N-R21,T4N-A55 | T4N-A70
FP-1665,T4-Nchf,Nchf ChargingDataRequest,ChargingDataRequest (LBO/PDU-session applicability projection).pDUSessionChargingInformation.mAPDUNon3GPPUserLocationInfo.utraLocation.lai.lac,DEPLOYMENT,T4N-R16 | T4N-R21,T4N-A55 | T4N-A70
FP-1666,T4-Nchf,Nchf ChargingDataRequest,ChargingDataRequest (LBO/PDU-session applicability projection).pDUSessionChargingInformation.mAPDUNon3GPPUserLocationInfo.utraLocation.rai.plmnId.mcc,DEPLOYMENT,T4N-R16 | T4N-R21,T4N-A55 | T4N-A70
FP-1667,T4-Nchf,Nchf ChargingDataRequest,ChargingDataRequest (LBO/PDU-session applicability projection).pDUSessionChargingInformation.mAPDUNon3GPPUserLocationInfo.utraLocation.rai.plmnId.mnc,DEPLOYMENT,T4N-R16 | T4N-R21,T4N-A55 | T4N-A70
FP-1668,T4-Nchf,Nchf ChargingDataRequest,ChargingDataRequest (LBO/PDU-session applicability projection).pDUSessionChargingInformation.mAPDUNon3GPPUserLocationInfo.utraLocation.rai.lac,DEPLOYMENT,T4N-R16 | T4N-R21,T4N-A55 | T4N-A70
FP-1669,T4-Nchf,Nchf ChargingDataRequest,ChargingDataRequest (LBO/PDU-session applicability projection).pDUSessionChargingInformation.mAPDUNon3GPPUserLocationInfo.utraLocation.rai.rac,DEPLOYMENT,T4N-R16 | T4N-R21,T4N-A55 | T4N-A70
FP-1670,T4-Nchf,Nchf ChargingDataRequest,ChargingDataRequest (LBO/PDU-session applicability projection).pDUSessionChargingInformation.mAPDUNon3GPPUserLocationInfo.utraLocation.ageOfLocationInformation,DEPLOYMENT,T4N-R16 | T4N-R21,T4N-A55 | T4N-A56 | T4N-A70
FP-1671,T4-Nchf,Nchf ChargingDataRequest,ChargingDataRequest (LBO/PDU-session applicability projection).pDUSessionChargingInformation.mAPDUNon3GPPUserLocationInfo.utraLocation.ueLocationTimestamp,DEPLOYMENT,T4N-R16 | T4N-R21,T4N-A55 | T4N-A56 | T4N-A70
FP-1672,T4-Nchf,Nchf ChargingDataRequest,ChargingDataRequest (LBO/PDU-session applicability projection).pDUSessionChargingInformation.mAPDUNon3GPPUserLocationInfo.utraLocation.geographicalInformation,DEPLOYMENT,T4N-R16 | T4N-R21,T4N-A55 | T4N-A70
FP-1673,T4-Nchf,Nchf ChargingDataRequest,ChargingDataRequest (LBO/PDU-session applicability projection).pDUSessionChargingInformation.mAPDUNon3GPPUserLocationInfo.utraLocation.geodeticInformation,DEPLOYMENT,T4N-R16 | T4N-R21,T4N-A55 | T4N-A70
FP-1674,T4-Nchf,Nchf ChargingDataRequest,ChargingDataRequest (LBO/PDU-session applicability projection).pDUSessionChargingInformation.mAPDUNon3GPPUserLocationInfo.geraLocation.locationNumber,DEPLOYMENT,T4N-R16 | T4N-R21,T4N-A55 | T4N-A70
FP-1675,T4-Nchf,Nchf ChargingDataRequest,ChargingDataRequest (LBO/PDU-session applicability projection).pDUSessionChargingInformation.mAPDUNon3GPPUserLocationInfo.geraLocation.cgi.plmnId.mcc,DEPLOYMENT,T4N-R16 | T4N-R21,T4N-A55 | T4N-A70
FP-1676,T4-Nchf,Nchf ChargingDataRequest,ChargingDataRequest (LBO/PDU-session applicability projection).pDUSessionChargingInformation.mAPDUNon3GPPUserLocationInfo.geraLocation.cgi.plmnId.mnc,DEPLOYMENT,T4N-R16 | T4N-R21,T4N-A55 | T4N-A70
FP-1677,T4-Nchf,Nchf ChargingDataRequest,ChargingDataRequest (LBO/PDU-session applicability projection).pDUSessionChargingInformation.mAPDUNon3GPPUserLocationInfo.geraLocation.cgi.lac,DEPLOYMENT,T4N-R16 | T4N-R21,T4N-A55 | T4N-A70
FP-1678,T4-Nchf,Nchf ChargingDataRequest,ChargingDataRequest (LBO/PDU-session applicability projection).pDUSessionChargingInformation.mAPDUNon3GPPUserLocationInfo.geraLocation.cgi.cellId,DEPLOYMENT,T4N-R16 | T4N-R21,T4N-A55 | T4N-A70
FP-1679,T4-Nchf,Nchf ChargingDataRequest,ChargingDataRequest (LBO/PDU-session applicability projection).pDUSessionChargingInformation.mAPDUNon3GPPUserLocationInfo.geraLocation.sai.plmnId.mcc,DEPLOYMENT,T4N-R16 | T4N-R21,T4N-A55 | T4N-A70
FP-1680,T4-Nchf,Nchf ChargingDataRequest,ChargingDataRequest (LBO/PDU-session applicability projection).pDUSessionChargingInformation.mAPDUNon3GPPUserLocationInfo.geraLocation.sai.plmnId.mnc,DEPLOYMENT,T4N-R16 | T4N-R21,T4N-A55 | T4N-A70
FP-1681,T4-Nchf,Nchf ChargingDataRequest,ChargingDataRequest (LBO/PDU-session applicability projection).pDUSessionChargingInformation.mAPDUNon3GPPUserLocationInfo.geraLocation.sai.lac,DEPLOYMENT,T4N-R16 | T4N-R21,T4N-A55 | T4N-A70
FP-1682,T4-Nchf,Nchf ChargingDataRequest,ChargingDataRequest (LBO/PDU-session applicability projection).pDUSessionChargingInformation.mAPDUNon3GPPUserLocationInfo.geraLocation.sai.sac,DEPLOYMENT,T4N-R16 | T4N-R21,T4N-A55 | T4N-A70
FP-1683,T4-Nchf,Nchf ChargingDataRequest,ChargingDataRequest (LBO/PDU-session applicability projection).pDUSessionChargingInformation.mAPDUNon3GPPUserLocationInfo.geraLocation.lai.plmnId.mcc,DEPLOYMENT,T4N-R16 | T4N-R21,T4N-A55 | T4N-A70
FP-1684,T4-Nchf,Nchf ChargingDataRequest,ChargingDataRequest (LBO/PDU-session applicability projection).pDUSessionChargingInformation.mAPDUNon3GPPUserLocationInfo.geraLocation.lai.plmnId.mnc,DEPLOYMENT,T4N-R16 | T4N-R21,T4N-A55 | T4N-A70
FP-1685,T4-Nchf,Nchf ChargingDataRequest,ChargingDataRequest (LBO/PDU-session applicability projection).pDUSessionChargingInformation.mAPDUNon3GPPUserLocationInfo.geraLocation.lai.lac,DEPLOYMENT,T4N-R16 | T4N-R21,T4N-A55 | T4N-A70
FP-1686,T4-Nchf,Nchf ChargingDataRequest,ChargingDataRequest (LBO/PDU-session applicability projection).pDUSessionChargingInformation.mAPDUNon3GPPUserLocationInfo.geraLocation.rai.plmnId.mcc,DEPLOYMENT,T4N-R16 | T4N-R21,T4N-A55 | T4N-A70
FP-1687,T4-Nchf,Nchf ChargingDataRequest,ChargingDataRequest (LBO/PDU-session applicability projection).pDUSessionChargingInformation.mAPDUNon3GPPUserLocationInfo.geraLocation.rai.plmnId.mnc,DEPLOYMENT,T4N-R16 | T4N-R21,T4N-A55 | T4N-A70
FP-1688,T4-Nchf,Nchf ChargingDataRequest,ChargingDataRequest (LBO/PDU-session applicability projection).pDUSessionChargingInformation.mAPDUNon3GPPUserLocationInfo.geraLocation.rai.lac,DEPLOYMENT,T4N-R16 | T4N-R21,T4N-A55 | T4N-A70
FP-1689,T4-Nchf,Nchf ChargingDataRequest,ChargingDataRequest (LBO/PDU-session applicability projection).pDUSessionChargingInformation.mAPDUNon3GPPUserLocationInfo.geraLocation.rai.rac,DEPLOYMENT,T4N-R16 | T4N-R21,T4N-A55 | T4N-A70
FP-1690,T4-Nchf,Nchf ChargingDataRequest,ChargingDataRequest (LBO/PDU-session applicability projection).pDUSessionChargingInformation.mAPDUNon3GPPUserLocationInfo.geraLocation.vlrNumber,DEPLOYMENT,T4N-R16 | T4N-R21,T4N-A55 | T4N-A70
FP-1691,T4-Nchf,Nchf ChargingDataRequest,ChargingDataRequest (LBO/PDU-session applicability projection).pDUSessionChargingInformation.mAPDUNon3GPPUserLocationInfo.geraLocation.mscNumber,DEPLOYMENT,T4N-R16 | T4N-R21,T4N-A55 | T4N-A70
FP-1692,T4-Nchf,Nchf ChargingDataRequest,ChargingDataRequest (LBO/PDU-session applicability projection).pDUSessionChargingInformation.mAPDUNon3GPPUserLocationInfo.geraLocation.ageOfLocationInformation,DEPLOYMENT,T4N-R16 | T4N-R21,T4N-A55 | T4N-A56 | T4N-A70
FP-1693,T4-Nchf,Nchf ChargingDataRequest,ChargingDataRequest (LBO/PDU-session applicability projection).pDUSessionChargingInformation.mAPDUNon3GPPUserLocationInfo.geraLocation.ueLocationTimestamp,DEPLOYMENT,T4N-R16 | T4N-R21,T4N-A55 | T4N-A56 | T4N-A70
FP-1694,T4-Nchf,Nchf ChargingDataRequest,ChargingDataRequest (LBO/PDU-session applicability projection).pDUSessionChargingInformation.mAPDUNon3GPPUserLocationInfo.geraLocation.geographicalInformation,DEPLOYMENT,T4N-R16 | T4N-R21,T4N-A55 | T4N-A70
FP-1695,T4-Nchf,Nchf ChargingDataRequest,ChargingDataRequest (LBO/PDU-session applicability projection).pDUSessionChargingInformation.mAPDUNon3GPPUserLocationInfo.geraLocation.geodeticInformation,DEPLOYMENT,T4N-R16 | T4N-R21,T4N-A55 | T4N-A70
FP-1696,T4-Nchf,Nchf ChargingDataRequest,ChargingDataRequest (LBO/PDU-session applicability projection).pDUSessionChargingInformation.non3GPPUserLocationTime,DEPLOYMENT,T4N-R16,T4N-A56
FP-1697,T4-Nchf,Nchf ChargingDataRequest,ChargingDataRequest (LBO/PDU-session applicability projection).pDUSessionChargingInformation.mAPDUNon3GPPUserLocationTime,DEPLOYMENT,T4N-R16,T4N-A56
FP-1698,T4-Nchf,Nchf ChargingDataRequest,ChargingDataRequest (LBO/PDU-session applicability projection).pDUSessionChargingInformation.presenceReportingAreaInformation.praId,DEPLOYMENT,T4N-R16,T4N-A57
FP-1699,T4-Nchf,Nchf ChargingDataRequest,ChargingDataRequest (LBO/PDU-session applicability projection).pDUSessionChargingInformation.presenceReportingAreaInformation.additionalPraId,DEPLOYMENT,T4N-R16,T4N-A57
FP-1700,T4-Nchf,Nchf ChargingDataRequest,ChargingDataRequest (LBO/PDU-session applicability projection).pDUSessionChargingInformation.presenceReportingAreaInformation.presenceState,DEPLOYMENT,T4N-R16,T4N-A57
FP-1701,T4-Nchf,Nchf ChargingDataRequest,ChargingDataRequest (LBO/PDU-session applicability projection).pDUSessionChargingInformation.presenceReportingAreaInformation.trackingAreaList.plmnId.mcc,DEPLOYMENT,T4N-R16,T4N-A57
FP-1702,T4-Nchf,Nchf ChargingDataRequest,ChargingDataRequest (LBO/PDU-session applicability projection).pDUSessionChargingInformation.presenceReportingAreaInformation.trackingAreaList.plmnId.mnc,DEPLOYMENT,T4N-R16,T4N-A57
FP-1703,T4-Nchf,Nchf ChargingDataRequest,ChargingDataRequest (LBO/PDU-session applicability projection).pDUSessionChargingInformation.presenceReportingAreaInformation.trackingAreaList.tac,DEPLOYMENT,T4N-R16,T4N-A57
FP-1704,T4-Nchf,Nchf ChargingDataRequest,ChargingDataRequest (LBO/PDU-session applicability projection).pDUSessionChargingInformation.presenceReportingAreaInformation.trackingAreaList.nid,DEPLOYMENT,T4N-R16,T4N-A57
FP-1705,T4-Nchf,Nchf ChargingDataRequest,ChargingDataRequest (LBO/PDU-session applicability projection).pDUSessionChargingInformation.presenceReportingAreaInformation.ecgiList.plmnId.mcc,DEPLOYMENT,T4N-R16,T4N-A57
FP-1706,T4-Nchf,Nchf ChargingDataRequest,ChargingDataRequest (LBO/PDU-session applicability projection).pDUSessionChargingInformation.presenceReportingAreaInformation.ecgiList.plmnId.mnc,DEPLOYMENT,T4N-R16,T4N-A57
FP-1707,T4-Nchf,Nchf ChargingDataRequest,ChargingDataRequest (LBO/PDU-session applicability projection).pDUSessionChargingInformation.presenceReportingAreaInformation.ecgiList.eutraCellId,DEPLOYMENT,T4N-R16,T4N-A57
FP-1708,T4-Nchf,Nchf ChargingDataRequest,ChargingDataRequest (LBO/PDU-session applicability projection).pDUSessionChargingInformation.presenceReportingAreaInformation.ecgiList.nid,DEPLOYMENT,T4N-R16,T4N-A57
FP-1709,T4-Nchf,Nchf ChargingDataRequest,ChargingDataRequest (LBO/PDU-session applicability projection).pDUSessionChargingInformation.presenceReportingAreaInformation.ncgiList.plmnId.mcc,DEPLOYMENT,T4N-R16,T4N-A57
FP-1710,T4-Nchf,Nchf ChargingDataRequest,ChargingDataRequest (LBO/PDU-session applicability projection).pDUSessionChargingInformation.presenceReportingAreaInformation.ncgiList.plmnId.mnc,DEPLOYMENT,T4N-R16,T4N-A57
FP-1711,T4-Nchf,Nchf ChargingDataRequest,ChargingDataRequest (LBO/PDU-session applicability projection).pDUSessionChargingInformation.presenceReportingAreaInformation.ncgiList.nrCellId,DEPLOYMENT,T4N-R16,T4N-A57
FP-1712,T4-Nchf,Nchf ChargingDataRequest,ChargingDataRequest (LBO/PDU-session applicability projection).pDUSessionChargingInformation.presenceReportingAreaInformation.ncgiList.nid,DEPLOYMENT,T4N-R16,T4N-A57
FP-1713,T4-Nchf,Nchf ChargingDataRequest,ChargingDataRequest (LBO/PDU-session applicability projection).pDUSessionChargingInformation.presenceReportingAreaInformation.globalRanNodeIdList.plmnId.mcc,DEPLOYMENT,T4N-R16,T4N-A57
FP-1714,T4-Nchf,Nchf ChargingDataRequest,ChargingDataRequest (LBO/PDU-session applicability projection).pDUSessionChargingInformation.presenceReportingAreaInformation.globalRanNodeIdList.plmnId.mnc,DEPLOYMENT,T4N-R16,T4N-A57
FP-1715,T4-Nchf,Nchf ChargingDataRequest,ChargingDataRequest (LBO/PDU-session applicability projection).pDUSessionChargingInformation.presenceReportingAreaInformation.globalRanNodeIdList.n3IwfId,DEPLOYMENT,T4N-R16,T4N-A57
FP-1716,T4-Nchf,Nchf ChargingDataRequest,ChargingDataRequest (LBO/PDU-session applicability projection).pDUSessionChargingInformation.presenceReportingAreaInformation.globalRanNodeIdList.gNbId.bitLength,DEPLOYMENT,T4N-R16,T4N-A57
FP-1717,T4-Nchf,Nchf ChargingDataRequest,ChargingDataRequest (LBO/PDU-session applicability projection).pDUSessionChargingInformation.presenceReportingAreaInformation.globalRanNodeIdList.gNbId.gNBValue,DEPLOYMENT,T4N-R16,T4N-A57
FP-1718,T4-Nchf,Nchf ChargingDataRequest,ChargingDataRequest (LBO/PDU-session applicability projection).pDUSessionChargingInformation.presenceReportingAreaInformation.globalRanNodeIdList.ngeNbId,DEPLOYMENT,T4N-R16,T4N-A57
FP-1719,T4-Nchf,Nchf ChargingDataRequest,ChargingDataRequest (LBO/PDU-session applicability projection).pDUSessionChargingInformation.presenceReportingAreaInformation.globalRanNodeIdList.wagfId,DEPLOYMENT,T4N-R16,T4N-A57
FP-1720,T4-Nchf,Nchf ChargingDataRequest,ChargingDataRequest (LBO/PDU-session applicability projection).pDUSessionChargingInformation.presenceReportingAreaInformation.globalRanNodeIdList.tngfId,DEPLOYMENT,T4N-R16,T4N-A57
FP-1721,T4-Nchf,Nchf ChargingDataRequest,ChargingDataRequest (LBO/PDU-session applicability projection).pDUSessionChargingInformation.presenceReportingAreaInformation.globalRanNodeIdList.nid,DEPLOYMENT,T4N-R16,T4N-A57
FP-1722,T4-Nchf,Nchf ChargingDataRequest,ChargingDataRequest (LBO/PDU-session applicability projection).pDUSessionChargingInformation.presenceReportingAreaInformation.globalRanNodeIdList.eNbId,DEPLOYMENT,T4N-R16,T4N-A57
FP-1723,T4-Nchf,Nchf ChargingDataRequest,ChargingDataRequest (LBO/PDU-session applicability projection).pDUSessionChargingInformation.presenceReportingAreaInformation.globaleNbIdList.plmnId.mcc,DEPLOYMENT,T4N-R16,T4N-A57
FP-1724,T4-Nchf,Nchf ChargingDataRequest,ChargingDataRequest (LBO/PDU-session applicability projection).pDUSessionChargingInformation.presenceReportingAreaInformation.globaleNbIdList.plmnId.mnc,DEPLOYMENT,T4N-R16,T4N-A57
FP-1725,T4-Nchf,Nchf ChargingDataRequest,ChargingDataRequest (LBO/PDU-session applicability projection).pDUSessionChargingInformation.presenceReportingAreaInformation.globaleNbIdList.n3IwfId,DEPLOYMENT,T4N-R16,T4N-A57
FP-1726,T4-Nchf,Nchf ChargingDataRequest,ChargingDataRequest (LBO/PDU-session applicability projection).pDUSessionChargingInformation.presenceReportingAreaInformation.globaleNbIdList.gNbId.bitLength,DEPLOYMENT,T4N-R16,T4N-A57
FP-1727,T4-Nchf,Nchf ChargingDataRequest,ChargingDataRequest (LBO/PDU-session applicability projection).pDUSessionChargingInformation.presenceReportingAreaInformation.globaleNbIdList.gNbId.gNBValue,DEPLOYMENT,T4N-R16,T4N-A57
FP-1728,T4-Nchf,Nchf ChargingDataRequest,ChargingDataRequest (LBO/PDU-session applicability projection).pDUSessionChargingInformation.presenceReportingAreaInformation.globaleNbIdList.ngeNbId,DEPLOYMENT,T4N-R16,T4N-A57
FP-1729,T4-Nchf,Nchf ChargingDataRequest,ChargingDataRequest (LBO/PDU-session applicability projection).pDUSessionChargingInformation.presenceReportingAreaInformation.globaleNbIdList.wagfId,DEPLOYMENT,T4N-R16,T4N-A57
FP-1730,T4-Nchf,Nchf ChargingDataRequest,ChargingDataRequest (LBO/PDU-session applicability projection).pDUSessionChargingInformation.presenceReportingAreaInformation.globaleNbIdList.tngfId,DEPLOYMENT,T4N-R16,T4N-A57
FP-1731,T4-Nchf,Nchf ChargingDataRequest,ChargingDataRequest (LBO/PDU-session applicability projection).pDUSessionChargingInformation.presenceReportingAreaInformation.globaleNbIdList.nid,DEPLOYMENT,T4N-R16,T4N-A57
FP-1732,T4-Nchf,Nchf ChargingDataRequest,ChargingDataRequest (LBO/PDU-session applicability projection).pDUSessionChargingInformation.presenceReportingAreaInformation.globaleNbIdList.eNbId,DEPLOYMENT,T4N-R16,T4N-A57
FP-1733,T4-Nchf,Nchf ChargingDataRequest,ChargingDataRequest (LBO/PDU-session applicability projection).pDUSessionChargingInformation.uetimeZone,DEPLOYMENT,T4N-R13 | T4N-R16,T4N-A72
FP-1734,T4-Nchf,Nchf ChargingDataRequest,ChargingDataRequest (LBO/PDU-session applicability projection).pDUSessionChargingInformation.pduSessionInformation.networkSlicingInfo.sNSSAI.sst,DEPLOYMENT,T4N-R14,T4N-A49
FP-1735,T4-Nchf,Nchf ChargingDataRequest,ChargingDataRequest (LBO/PDU-session applicability projection).pDUSessionChargingInformation.pduSessionInformation.networkSlicingInfo.sNSSAI.sd,DEPLOYMENT,T4N-R14,T4N-A49
FP-1736,T4-Nchf,Nchf ChargingDataRequest,ChargingDataRequest (LBO/PDU-session applicability projection).pDUSessionChargingInformation.pduSessionInformation.pduSessionID,DIRECT,T4N-R01 | T4N-R14,T4N-A48
FP-1737,T4-Nchf,Nchf ChargingDataRequest,ChargingDataRequest (LBO/PDU-session applicability projection).pDUSessionChargingInformation.pduSessionInformation.pduType,DEPLOYMENT,T4N-R14 | T4N-R19,T4N-A50
FP-1738,T4-Nchf,Nchf ChargingDataRequest,ChargingDataRequest (LBO/PDU-session applicability projection).pDUSessionChargingInformation.pduSessionInformation.sscMode,DEPLOYMENT,T4N-R14 | T4N-R19,T4N-A50
FP-1739,T4-Nchf,Nchf ChargingDataRequest,ChargingDataRequest (LBO/PDU-session applicability projection).pDUSessionChargingInformation.pduSessionInformation.hPlmnId.mcc,DEPLOYMENT,T4N-R14,T4N-A49
FP-1740,T4-Nchf,Nchf ChargingDataRequest,ChargingDataRequest (LBO/PDU-session applicability projection).pDUSessionChargingInformation.pduSessionInformation.hPlmnId.mnc,DEPLOYMENT,T4N-R14,T4N-A49
FP-1741,T4-Nchf,Nchf ChargingDataRequest,ChargingDataRequest (LBO/PDU-session applicability projection).pDUSessionChargingInformation.pduSessionInformation.servingNetworkFunctionID.servingNetworkFunctionInformation.nFName,DEPLOYMENT,T4N-R04 | T4N-R14,T4N-A52
FP-1742,T4-Nchf,Nchf ChargingDataRequest,ChargingDataRequest (LBO/PDU-session applicability projection).pDUSessionChargingInformation.pduSessionInformation.servingNetworkFunctionID.servingNetworkFunctionInformation.nFIPv4Address,DEPLOYMENT,T4N-R04 | T4N-R14,T4N-A52
FP-1743,T4-Nchf,Nchf ChargingDataRequest,ChargingDataRequest (LBO/PDU-session applicability projection).pDUSessionChargingInformation.pduSessionInformation.servingNetworkFunctionID.servingNetworkFunctionInformation.nFIPv6Address,DEPLOYMENT,T4N-R04 | T4N-R14,T4N-A52
FP-1744,T4-Nchf,Nchf ChargingDataRequest,ChargingDataRequest (LBO/PDU-session applicability projection).pDUSessionChargingInformation.pduSessionInformation.servingNetworkFunctionID.servingNetworkFunctionInformation.nFPLMNID.mcc,DEPLOYMENT,T4N-R04 | T4N-R14,T4N-A52
FP-1745,T4-Nchf,Nchf ChargingDataRequest,ChargingDataRequest (LBO/PDU-session applicability projection).pDUSessionChargingInformation.pduSessionInformation.servingNetworkFunctionID.servingNetworkFunctionInformation.nFPLMNID.mnc,DEPLOYMENT,T4N-R04 | T4N-R14,T4N-A52
FP-1746,T4-Nchf,Nchf ChargingDataRequest,ChargingDataRequest (LBO/PDU-session applicability projection).pDUSessionChargingInformation.pduSessionInformation.servingNetworkFunctionID.servingNetworkFunctionInformation.nodeFunctionality,DEPLOYMENT,T4N-R04 | T4N-R14,T4N-A52
FP-1747,T4-Nchf,Nchf ChargingDataRequest,ChargingDataRequest (LBO/PDU-session applicability projection).pDUSessionChargingInformation.pduSessionInformation.servingNetworkFunctionID.servingNetworkFunctionInformation.nFFqdn,DEPLOYMENT,T4N-R04 | T4N-R14,T4N-A52
FP-1748,T4-Nchf,Nchf ChargingDataRequest,ChargingDataRequest (LBO/PDU-session applicability projection).pDUSessionChargingInformation.pduSessionInformation.servingNetworkFunctionID.aMFId,DEPLOYMENT,T4N-R04 | T4N-R14,T4N-A52
FP-1749,T4-Nchf,Nchf ChargingDataRequest,ChargingDataRequest (LBO/PDU-session applicability projection).pDUSessionChargingInformation.pduSessionInformation.ratType,DEPLOYMENT,T4N-R04 | T4N-R14,T4N-A52
FP-1750,T4-Nchf,Nchf ChargingDataRequest,ChargingDataRequest (LBO/PDU-session applicability projection).pDUSessionChargingInformation.pduSessionInformation.mAPDUNon3GPPRATType,DEPLOYMENT,T4N-R04 | T4N-R14,T4N-A52
FP-1751,T4-Nchf,Nchf ChargingDataRequest,ChargingDataRequest (LBO/PDU-session applicability projection).pDUSessionChargingInformation.pduSessionInformation.dnnId,DEPLOYMENT,T4N-R14,T4N-A49
FP-1752,T4-Nchf,Nchf ChargingDataRequest,ChargingDataRequest (LBO/PDU-session applicability projection).pDUSessionChargingInformation.pduSessionInformation.dnnSelectionMode,DEPLOYMENT,T4N-R14,T4N-A49
FP-1753,T4-Nchf,Nchf ChargingDataRequest,ChargingDataRequest (LBO/PDU-session applicability projection).pDUSessionChargingInformation.pduSessionInformation.chargingCharacteristics,DIRECT,T4N-R14,T4N-A51
FP-1754,T4-Nchf,Nchf ChargingDataRequest,ChargingDataRequest (LBO/PDU-session applicability projection).pDUSessionChargingInformation.pduSessionInformation.chargingCharacteristicsSelectionMode,DIRECT,T4N-R14,T4N-A51
FP-1755,T4-Nchf,Nchf ChargingDataRequest,ChargingDataRequest (LBO/PDU-session applicability projection).pDUSessionChargingInformation.pduSessionInformation.startTime,DIRECT,T4N-R23,T4N-A58
FP-1756,T4-Nchf,Nchf ChargingDataRequest,ChargingDataRequest (LBO/PDU-session applicability projection).pDUSessionChargingInformation.pduSessionInformation.stopTime,DIRECT,T4N-R23,T4N-A58
FP-1757,T4-Nchf,Nchf ChargingDataRequest,ChargingDataRequest (LBO/PDU-session applicability projection).pDUSessionChargingInformation.pduSessionInformation.3gppPSDataOffStatus,DEPLOYMENT,T4N-R14,T4N-A63
FP-1758,T4-Nchf,Nchf ChargingDataRequest,ChargingDataRequest (LBO/PDU-session applicability projection).pDUSessionChargingInformation.pduSessionInformation.sessionStopIndicator,DIRECT,T4N-R23,T4N-A58
FP-1759,T4-Nchf,Nchf ChargingDataRequest,ChargingDataRequest (LBO/PDU-session applicability projection).pDUSessionChargingInformation.pduSessionInformation.pduAddress.pduIPv4Address,DEPLOYMENT,T4N-R14 | T4N-R19,T4N-A50
FP-1760,T4-Nchf,Nchf ChargingDataRequest,ChargingDataRequest (LBO/PDU-session applicability projection).pDUSessionChargingInformation.pduSessionInformation.pduAddress.pduIPv6AddresswithPrefix,DEPLOYMENT,T4N-R14 | T4N-R19,T4N-A50
FP-1761,T4-Nchf,Nchf ChargingDataRequest,ChargingDataRequest (LBO/PDU-session applicability projection).pDUSessionChargingInformation.pduSessionInformation.pduAddress.pduAddressprefixlength,DEPLOYMENT,T4N-R14 | T4N-R19,T4N-A50
FP-1762,T4-Nchf,Nchf ChargingDataRequest,ChargingDataRequest (LBO/PDU-session applicability projection).pDUSessionChargingInformation.pduSessionInformation.pduAddress.iPv4dynamicAddressFlag,DEPLOYMENT,T4N-R14 | T4N-R19,T4N-A50
FP-1763,T4-Nchf,Nchf ChargingDataRequest,ChargingDataRequest (LBO/PDU-session applicability projection).pDUSessionChargingInformation.pduSessionInformation.pduAddress.iPv6dynamicPrefixFlag,DEPLOYMENT,T4N-R14 | T4N-R19,T4N-A50
FP-1764,T4-Nchf,Nchf ChargingDataRequest,ChargingDataRequest (LBO/PDU-session applicability projection).pDUSessionChargingInformation.pduSessionInformation.pduAddress.addIpv6AddrPrefixes,DEPLOYMENT,T4N-R14 | T4N-R19,T4N-A50
FP-1765,T4-Nchf,Nchf ChargingDataRequest,ChargingDataRequest (LBO/PDU-session applicability projection).pDUSessionChargingInformation.pduSessionInformation.pduAddress.addIpv6AddrPrefixList,DEPLOYMENT,T4N-R14 | T4N-R19,T4N-A50
FP-1767,T4-Nchf,Nchf ChargingDataRequest,ChargingDataRequest (LBO/PDU-session applicability projection).pDUSessionChargingInformation.pduSessionInformation.authorizedQoSInformation.5qi,DEPLOYMENT,T4N-R17 | T4N-R21,T4N-A60 | T4N-A61
FP-1768,T4-Nchf,Nchf ChargingDataRequest,ChargingDataRequest (LBO/PDU-session applicability projection).pDUSessionChargingInformation.pduSessionInformation.authorizedQoSInformation.arp.priorityLevel,DEPLOYMENT,T4N-R17 | T4N-R21,T4N-A60 | T4N-A61
FP-1769,T4-Nchf,Nchf ChargingDataRequest,ChargingDataRequest (LBO/PDU-session applicability projection).pDUSessionChargingInformation.pduSessionInformation.authorizedQoSInformation.arp.preemptCap,DEPLOYMENT,T4N-R17 | T4N-R21,T4N-A60 | T4N-A61
FP-1770,T4-Nchf,Nchf ChargingDataRequest,ChargingDataRequest (LBO/PDU-session applicability projection).pDUSessionChargingInformation.pduSessionInformation.authorizedQoSInformation.arp.preemptVuln,DEPLOYMENT,T4N-R17 | T4N-R21,T4N-A60 | T4N-A61
FP-1771,T4-Nchf,Nchf ChargingDataRequest,ChargingDataRequest (LBO/PDU-session applicability projection).pDUSessionChargingInformation.pduSessionInformation.authorizedQoSInformation.priorityLevel,DEPLOYMENT,T4N-R17 | T4N-R21,T4N-A60 | T4N-A61
FP-1772,T4-Nchf,Nchf ChargingDataRequest,ChargingDataRequest (LBO/PDU-session applicability projection).pDUSessionChargingInformation.pduSessionInformation.authorizedQoSInformation.averWindow,DEPLOYMENT,T4N-R17 | T4N-R21,T4N-A60 | T4N-A61
FP-1773,T4-Nchf,Nchf ChargingDataRequest,ChargingDataRequest (LBO/PDU-session applicability projection).pDUSessionChargingInformation.pduSessionInformation.authorizedQoSInformation.maxDataBurstVol,DEPLOYMENT,T4N-R17 | T4N-R21,T4N-A60 | T4N-A61
FP-1774,T4-Nchf,Nchf ChargingDataRequest,ChargingDataRequest (LBO/PDU-session applicability projection).pDUSessionChargingInformation.pduSessionInformation.authorizedQoSInformation.maxbrUl,DEPLOYMENT,T4N-R17 | T4N-R21,T4N-A60 | T4N-A61
FP-1775,T4-Nchf,Nchf ChargingDataRequest,ChargingDataRequest (LBO/PDU-session applicability projection).pDUSessionChargingInformation.pduSessionInformation.authorizedQoSInformation.maxbrDl,DEPLOYMENT,T4N-R17 | T4N-R21,T4N-A60 | T4N-A61
FP-1776,T4-Nchf,Nchf ChargingDataRequest,ChargingDataRequest (LBO/PDU-session applicability projection).pDUSessionChargingInformation.pduSessionInformation.authorizedQoSInformation.gbrUl,DEPLOYMENT,T4N-R17 | T4N-R21,T4N-A60 | T4N-A61
FP-1777,T4-Nchf,Nchf ChargingDataRequest,ChargingDataRequest (LBO/PDU-session applicability projection).pDUSessionChargingInformation.pduSessionInformation.authorizedQoSInformation.gbrDl,DEPLOYMENT,T4N-R17 | T4N-R21,T4N-A60 | T4N-A61
FP-1778,T4-Nchf,Nchf ChargingDataRequest,ChargingDataRequest (LBO/PDU-session applicability projection).pDUSessionChargingInformation.pduSessionInformation.authorizedQoSInformation.extMaxDataBurstVol,DEPLOYMENT,T4N-R17 | T4N-R21,T4N-A60 | T4N-A61
FP-1779,T4-Nchf,Nchf ChargingDataRequest,ChargingDataRequest (LBO/PDU-session applicability projection).pDUSessionChargingInformation.pduSessionInformation.subscribedQoSInformation.5qi,DEPLOYMENT,T4N-R17 | T4N-R21,T4N-A60 | T4N-A61
FP-1780,T4-Nchf,Nchf ChargingDataRequest,ChargingDataRequest (LBO/PDU-session applicability projection).pDUSessionChargingInformation.pduSessionInformation.subscribedQoSInformation.arp.priorityLevel,DEPLOYMENT,T4N-R17 | T4N-R21,T4N-A60 | T4N-A61
FP-1781,T4-Nchf,Nchf ChargingDataRequest,ChargingDataRequest (LBO/PDU-session applicability projection).pDUSessionChargingInformation.pduSessionInformation.subscribedQoSInformation.arp.preemptCap,DEPLOYMENT,T4N-R17 | T4N-R21,T4N-A60 | T4N-A61
FP-1782,T4-Nchf,Nchf ChargingDataRequest,ChargingDataRequest (LBO/PDU-session applicability projection).pDUSessionChargingInformation.pduSessionInformation.subscribedQoSInformation.arp.preemptVuln,DEPLOYMENT,T4N-R17 | T4N-R21,T4N-A60 | T4N-A61
FP-1783,T4-Nchf,Nchf ChargingDataRequest,ChargingDataRequest (LBO/PDU-session applicability projection).pDUSessionChargingInformation.pduSessionInformation.subscribedQoSInformation.priorityLevel,DEPLOYMENT,T4N-R17 | T4N-R21,T4N-A60 | T4N-A61
FP-1784,T4-Nchf,Nchf ChargingDataRequest,ChargingDataRequest (LBO/PDU-session applicability projection).pDUSessionChargingInformation.pduSessionInformation.authorizedSessionAMBR.uplink,RELATIONAL,T4N-R17 | T4N-R21,T4N-A61
FP-1785,T4-Nchf,Nchf ChargingDataRequest,ChargingDataRequest (LBO/PDU-session applicability projection).pDUSessionChargingInformation.pduSessionInformation.authorizedSessionAMBR.downlink,RELATIONAL,T4N-R17 | T4N-R21,T4N-A61
FP-1786,T4-Nchf,Nchf ChargingDataRequest,ChargingDataRequest (LBO/PDU-session applicability projection).pDUSessionChargingInformation.pduSessionInformation.subscribedSessionAMBR.uplink,RELATIONAL,T4N-R17 | T4N-R21,T4N-A61
FP-1787,T4-Nchf,Nchf ChargingDataRequest,ChargingDataRequest (LBO/PDU-session applicability projection).pDUSessionChargingInformation.pduSessionInformation.subscribedSessionAMBR.downlink,RELATIONAL,T4N-R17 | T4N-R21,T4N-A61
FP-1788,T4-Nchf,Nchf ChargingDataRequest,ChargingDataRequest (LBO/PDU-session applicability projection).pDUSessionChargingInformation.pduSessionInformation.servingCNPlmnId.mcc,DEPLOYMENT,T4N-R04 | T4N-R14,T4N-A52
FP-1789,T4-Nchf,Nchf ChargingDataRequest,ChargingDataRequest (LBO/PDU-session applicability projection).pDUSessionChargingInformation.pduSessionInformation.servingCNPlmnId.mnc,DEPLOYMENT,T4N-R04 | T4N-R14,T4N-A52
FP-1790,T4-Nchf,Nchf ChargingDataRequest,ChargingDataRequest (LBO/PDU-session applicability projection).pDUSessionChargingInformation.pduSessionInformation.mAPDUSessionInformation.mAPDUSessionIndicator,DEPLOYMENT,T4N-R14 | T4N-R19,T4N-A50 | T4N-A64
FP-1791,T4-Nchf,Nchf ChargingDataRequest,ChargingDataRequest (LBO/PDU-session applicability projection).pDUSessionChargingInformation.pduSessionInformation.mAPDUSessionInformation.aTSSSCapability.atsssLL,DEPLOYMENT,T4N-R14 | T4N-R19,T4N-A50 | T4N-A64
FP-1792,T4-Nchf,Nchf ChargingDataRequest,ChargingDataRequest (LBO/PDU-session applicability projection).pDUSessionChargingInformation.pduSessionInformation.mAPDUSessionInformation.aTSSSCapability.mptcp,DEPLOYMENT,T4N-R14 | T4N-R19,T4N-A50 | T4N-A64
FP-1793,T4-Nchf,Nchf ChargingDataRequest,ChargingDataRequest (LBO/PDU-session applicability projection).pDUSessionChargingInformation.pduSessionInformation.mAPDUSessionInformation.aTSSSCapability.rttWithoutPmf,DEPLOYMENT,T4N-R14 | T4N-R19,T4N-A50 | T4N-A64
FP-1799,T4-Nchf,Nchf ChargingDataRequest,ChargingDataRequest (LBO/PDU-session applicability projection).pDUSessionChargingInformation.pduSessionInformation.redundantTransmissionType,DEPLOYMENT,T4N-R01 | T4N-R19 | T4N-R24,T4N-A73
FP-1800,T4-Nchf,Nchf ChargingDataRequest,ChargingDataRequest (LBO/PDU-session applicability projection).pDUSessionChargingInformation.pduSessionInformation.pDUSessionPairID,DEPLOYMENT,T4N-R01 | T4N-R19 | T4N-R24,T4N-A73
FP-1801,T4-Nchf,Nchf ChargingDataRequest,ChargingDataRequest (LBO/PDU-session applicability projection).pDUSessionChargingInformation.pduSessionInformation.cpCIoTOptimisationIndicator,DEPLOYMENT,T4N-R07 | T4N-R14,T4N-A75
FP-1802,T4-Nchf,Nchf ChargingDataRequest,ChargingDataRequest (LBO/PDU-session applicability projection).pDUSessionChargingInformation.pduSessionInformation.5GSControlPlaneOnlyIndicator,DEPLOYMENT,T4N-R07 | T4N-R14,T4N-A75
FP-1803,T4-Nchf,Nchf ChargingDataRequest,ChargingDataRequest (LBO/PDU-session applicability projection).pDUSessionChargingInformation.pduSessionInformation.smallDataRateControlIndicator,DEPLOYMENT,T4N-R07 | T4N-R14,T4N-A75
FP-1804,T4-Nchf,Nchf ChargingDataRequest,ChargingDataRequest (LBO/PDU-session applicability projection).pDUSessionChargingInformation.pduSessionInformation.5GLANTypeService.internalGroupIdentifier,DEPLOYMENT,T4N-R14 | T4N-R15,T4N-A74
FP-1805,T4-Nchf,Nchf ChargingDataRequest,ChargingDataRequest (LBO/PDU-session applicability projection).pDUSessionChargingInformation.unitCountInactivityTimer,DEPLOYMENT,T4N-R03 | T4N-R23,T4N-A71
FP-1806,T4-Nchf,Nchf ChargingDataRequest,ChargingDataRequest (LBO/PDU-session applicability projection).pDUSessionChargingInformation.rANSecondaryRATUsageReport.rANSecondaryRATType,DEPLOYMENT,T4N-R19,T4N-A65
FP-1807,T4-Nchf,Nchf ChargingDataRequest,ChargingDataRequest (LBO/PDU-session applicability projection).pDUSessionChargingInformation.rANSecondaryRATUsageReport.qosFlowsUsageReports.qFI,DEPLOYMENT,T4N-R19,T4N-A65
FP-1808,T4-Nchf,Nchf ChargingDataRequest,ChargingDataRequest (LBO/PDU-session applicability projection).pDUSessionChargingInformation.rANSecondaryRATUsageReport.qosFlowsUsageReports.startTimestamp,DEPLOYMENT,T4N-R19,T4N-A65
FP-1809,T4-Nchf,Nchf ChargingDataRequest,ChargingDataRequest (LBO/PDU-session applicability projection).pDUSessionChargingInformation.rANSecondaryRATUsageReport.qosFlowsUsageReports.endTimestamp,DEPLOYMENT,T4N-R19,T4N-A65
FP-1810,T4-Nchf,Nchf ChargingDataRequest,ChargingDataRequest (LBO/PDU-session applicability projection).pDUSessionChargingInformation.rANSecondaryRATUsageReport.qosFlowsUsageReports.uplinkVolume,DEPLOYMENT,T4N-R19,T4N-A65
FP-1811,T4-Nchf,Nchf ChargingDataRequest,ChargingDataRequest (LBO/PDU-session applicability projection).pDUSessionChargingInformation.rANSecondaryRATUsageReport.qosFlowsUsageReports.downlinkVolume,DEPLOYMENT,T4N-R19,T4N-A65
FP-1812,T4-Nchf,Nchf ChargingDataRequest,ChargingDataRequest (LBO/PDU-session applicability projection).roamingQBCInformation.multipleQFIcontainer.triggers.triggerType,DIRECT,T4N-R09 | T4N-R11 | T4N-R20,T4N-A29 | T4N-A37
FP-1813,T4-Nchf,Nchf ChargingDataRequest,ChargingDataRequest (LBO/PDU-session applicability projection).roamingQBCInformation.multipleQFIcontainer.triggers.triggerCategory,DIRECT,T4N-R09 | T4N-R11 | T4N-R20,T4N-A29 | T4N-A37
FP-1814,T4-Nchf,Nchf ChargingDataRequest,ChargingDataRequest (LBO/PDU-session applicability projection).roamingQBCInformation.multipleQFIcontainer.triggers.timeLimit,DIRECT,T4N-R09 | T4N-R11 | T4N-R20,T4N-A30 | T4N-A37
FP-1815,T4-Nchf,Nchf ChargingDataRequest,ChargingDataRequest (LBO/PDU-session applicability projection).roamingQBCInformation.multipleQFIcontainer.triggers.volumeLimit,DIRECT,T4N-R09 | T4N-R11 | T4N-R20 | T4N-R21,T4N-A30 | T4N-A31 | T4N-A37
FP-1816,T4-Nchf,Nchf ChargingDataRequest,ChargingDataRequest (LBO/PDU-session applicability projection).roamingQBCInformation.multipleQFIcontainer.triggers.volumeLimit64,DIRECT,T4N-R09 | T4N-R11 | T4N-R20 | T4N-R21,T4N-A30 | T4N-A31 | T4N-A37
FP-1817,T4-Nchf,Nchf ChargingDataRequest,ChargingDataRequest (LBO/PDU-session applicability projection).roamingQBCInformation.multipleQFIcontainer.triggers.eventLimit,DIRECT,T4N-R09 | T4N-R11 | T4N-R20,T4N-A30 | T4N-A37
FP-1818,T4-Nchf,Nchf ChargingDataRequest,ChargingDataRequest (LBO/PDU-session applicability projection).roamingQBCInformation.multipleQFIcontainer.triggers.maxNumberOfccc,DIRECT,T4N-R09 | T4N-R11 | T4N-R20,T4N-A30 | T4N-A37
FP-1819,T4-Nchf,Nchf ChargingDataRequest,ChargingDataRequest (LBO/PDU-session applicability projection).roamingQBCInformation.multipleQFIcontainer.triggers.tariffTimeChange,DIRECT,T4N-R09 | T4N-R11 | T4N-R13 | T4N-R20,T4N-A32 | T4N-A37
FP-1820,T4-Nchf,Nchf ChargingDataRequest,ChargingDataRequest (LBO/PDU-session applicability projection).roamingQBCInformation.multipleQFIcontainer.triggerTimestamp,DIRECT,T4N-R09 | T4N-R11 | T4N-R13 | T4N-R20,T4N-A32 | T4N-A37
FP-1821,T4-Nchf,Nchf ChargingDataRequest,ChargingDataRequest (LBO/PDU-session applicability projection).roamingQBCInformation.multipleQFIcontainer.time,DIRECT,T4N-R11 | T4N-R20,T4N-A37
FP-1822,T4-Nchf,Nchf ChargingDataRequest,ChargingDataRequest (LBO/PDU-session applicability projection).roamingQBCInformation.multipleQFIcontainer.totalVolume,DIRECT,T4N-R06 | T4N-R11 | T4N-R20,T4N-A37 | T4N-A39 | T4N-A40
FP-1823,T4-Nchf,Nchf ChargingDataRequest,ChargingDataRequest (LBO/PDU-session applicability projection).roamingQBCInformation.multipleQFIcontainer.uplinkVolume,DIRECT,T4N-R06 | T4N-R11 | T4N-R20,T4N-A37 | T4N-A39 | T4N-A40
FP-1824,T4-Nchf,Nchf ChargingDataRequest,ChargingDataRequest (LBO/PDU-session applicability projection).roamingQBCInformation.multipleQFIcontainer.downlinkVolume,DIRECT,T4N-R06 | T4N-R11 | T4N-R20,T4N-A37 | T4N-A39 | T4N-A40
FP-1825,T4-Nchf,Nchf ChargingDataRequest,ChargingDataRequest (LBO/PDU-session applicability projection).roamingQBCInformation.multipleQFIcontainer.localSequenceNumber,DIRECT,T4N-R08 | T4N-R11 | T4N-R20,T4N-A37 | T4N-A41
FP-1826,T4-Nchf,Nchf ChargingDataRequest,ChargingDataRequest (LBO/PDU-session applicability projection).roamingQBCInformation.multipleQFIcontainer.qFIContainerInformation.qFI,DIRECT,T4N-R11 | T4N-R17 | T4N-R20,T4N-A37 | T4N-A38
FP-1827,T4-Nchf,Nchf ChargingDataRequest,ChargingDataRequest (LBO/PDU-session applicability projection).roamingQBCInformation.multipleQFIcontainer.qFIContainerInformation.reportTime,DIRECT,T4N-R11 | T4N-R13 | T4N-R20 | T4N-R23,T4N-A37 | T4N-A42 | T4N-A59
FP-1828,T4-Nchf,Nchf ChargingDataRequest,ChargingDataRequest (LBO/PDU-session applicability projection).roamingQBCInformation.multipleQFIcontainer.qFIContainerInformation.timeofFirstUsage,DIRECT,T4N-R11 | T4N-R13 | T4N-R20 | T4N-R23,T4N-A37 | T4N-A42 | T4N-A59
FP-1829,T4-Nchf,Nchf ChargingDataRequest,ChargingDataRequest (LBO/PDU-session applicability projection).roamingQBCInformation.multipleQFIcontainer.qFIContainerInformation.timeofLastUsage,DIRECT,T4N-R11 | T4N-R13 | T4N-R20 | T4N-R23,T4N-A37 | T4N-A42 | T4N-A59
FP-1830,T4-Nchf,Nchf ChargingDataRequest,ChargingDataRequest (LBO/PDU-session applicability projection).roamingQBCInformation.multipleQFIcontainer.qFIContainerInformation.qoSInformation.qosId,DIRECT,T4N-R11 | T4N-R17 | T4N-R20 | T4N-R21,T4N-A37 | T4N-A43 | T4N-A44
FP-1831,T4-Nchf,Nchf ChargingDataRequest,ChargingDataRequest (LBO/PDU-session applicability projection).roamingQBCInformation.multipleQFIcontainer.qFIContainerInformation.qoSInformation.5qi,DIRECT,T4N-R11 | T4N-R17 | T4N-R20 | T4N-R21,T4N-A37 | T4N-A43 | T4N-A44
FP-1832,T4-Nchf,Nchf ChargingDataRequest,ChargingDataRequest (LBO/PDU-session applicability projection).roamingQBCInformation.multipleQFIcontainer.qFIContainerInformation.qoSInformation.maxbrUl,DIRECT,T4N-R11 | T4N-R17 | T4N-R20 | T4N-R21,T4N-A37 | T4N-A43 | T4N-A44
FP-1833,T4-Nchf,Nchf ChargingDataRequest,ChargingDataRequest (LBO/PDU-session applicability projection).roamingQBCInformation.multipleQFIcontainer.qFIContainerInformation.qoSInformation.maxbrDl,DIRECT,T4N-R11 | T4N-R17 | T4N-R20 | T4N-R21,T4N-A37 | T4N-A43 | T4N-A44
FP-1834,T4-Nchf,Nchf ChargingDataRequest,ChargingDataRequest (LBO/PDU-session applicability projection).roamingQBCInformation.multipleQFIcontainer.qFIContainerInformation.qoSInformation.gbrUl,DIRECT,T4N-R11 | T4N-R17 | T4N-R20 | T4N-R21,T4N-A37 | T4N-A43 | T4N-A44
FP-1835,T4-Nchf,Nchf ChargingDataRequest,ChargingDataRequest (LBO/PDU-session applicability projection).roamingQBCInformation.multipleQFIcontainer.qFIContainerInformation.qoSInformation.gbrDl,DIRECT,T4N-R11 | T4N-R17 | T4N-R20 | T4N-R21,T4N-A37 | T4N-A43 | T4N-A44
FP-1836,T4-Nchf,Nchf ChargingDataRequest,ChargingDataRequest (LBO/PDU-session applicability projection).roamingQBCInformation.multipleQFIcontainer.qFIContainerInformation.qoSInformation.arp.priorityLevel,DIRECT,T4N-R11 | T4N-R17 | T4N-R20 | T4N-R21,T4N-A37 | T4N-A43 | T4N-A44
FP-1837,T4-Nchf,Nchf ChargingDataRequest,ChargingDataRequest (LBO/PDU-session applicability projection).roamingQBCInformation.multipleQFIcontainer.qFIContainerInformation.qoSInformation.arp.preemptCap,DIRECT,T4N-R11 | T4N-R17 | T4N-R20 | T4N-R21,T4N-A37 | T4N-A43 | T4N-A44
FP-1838,T4-Nchf,Nchf ChargingDataRequest,ChargingDataRequest (LBO/PDU-session applicability projection).roamingQBCInformation.multipleQFIcontainer.qFIContainerInformation.qoSInformation.arp.preemptVuln,DIRECT,T4N-R11 | T4N-R17 | T4N-R20 | T4N-R21,T4N-A37 | T4N-A43 | T4N-A44
FP-1839,T4-Nchf,Nchf ChargingDataRequest,ChargingDataRequest (LBO/PDU-session applicability projection).roamingQBCInformation.multipleQFIcontainer.qFIContainerInformation.qoSInformation.qnc,DIRECT,T4N-R11 | T4N-R17 | T4N-R20 | T4N-R21,T4N-A37 | T4N-A43 | T4N-A44
FP-1840,T4-Nchf,Nchf ChargingDataRequest,ChargingDataRequest (LBO/PDU-session applicability projection).roamingQBCInformation.multipleQFIcontainer.qFIContainerInformation.qoSInformation.priorityLevel,DIRECT,T4N-R11 | T4N-R17 | T4N-R20 | T4N-R21,T4N-A37 | T4N-A43 | T4N-A44
FP-1841,T4-Nchf,Nchf ChargingDataRequest,ChargingDataRequest (LBO/PDU-session applicability projection).roamingQBCInformation.multipleQFIcontainer.qFIContainerInformation.qoSInformation.averWindow,DIRECT,T4N-R11 | T4N-R17 | T4N-R20 | T4N-R21,T4N-A37 | T4N-A43 | T4N-A44
FP-1842,T4-Nchf,Nchf ChargingDataRequest,ChargingDataRequest (LBO/PDU-session applicability projection).roamingQBCInformation.multipleQFIcontainer.qFIContainerInformation.qoSInformation.maxDataBurstVol,DIRECT,T4N-R11 | T4N-R17 | T4N-R20 | T4N-R21,T4N-A37 | T4N-A43 | T4N-A44
FP-1843,T4-Nchf,Nchf ChargingDataRequest,ChargingDataRequest (LBO/PDU-session applicability projection).roamingQBCInformation.multipleQFIcontainer.qFIContainerInformation.qoSInformation.reflectiveQos,DIRECT,T4N-R11 | T4N-R17 | T4N-R20 | T4N-R21,T4N-A37 | T4N-A43 | T4N-A44
FP-1844,T4-Nchf,Nchf ChargingDataRequest,ChargingDataRequest (LBO/PDU-session applicability projection).roamingQBCInformation.multipleQFIcontainer.qFIContainerInformation.qoSInformation.sharingKeyDl,DIRECT,T4N-R11 | T4N-R17 | T4N-R20 | T4N-R21,T4N-A37 | T4N-A43 | T4N-A44
FP-1845,T4-Nchf,Nchf ChargingDataRequest,ChargingDataRequest (LBO/PDU-session applicability projection).roamingQBCInformation.multipleQFIcontainer.qFIContainerInformation.qoSInformation.sharingKeyUl,DIRECT,T4N-R11 | T4N-R17 | T4N-R20 | T4N-R21,T4N-A37 | T4N-A43 | T4N-A44
FP-1846,T4-Nchf,Nchf ChargingDataRequest,ChargingDataRequest (LBO/PDU-session applicability projection).roamingQBCInformation.multipleQFIcontainer.qFIContainerInformation.qoSInformation.maxPacketLossRateDl,DIRECT,T4N-R11 | T4N-R17 | T4N-R20 | T4N-R21,T4N-A37 | T4N-A43 | T4N-A44
FP-1847,T4-Nchf,Nchf ChargingDataRequest,ChargingDataRequest (LBO/PDU-session applicability projection).roamingQBCInformation.multipleQFIcontainer.qFIContainerInformation.qoSInformation.maxPacketLossRateUl,DIRECT,T4N-R11 | T4N-R17 | T4N-R20 | T4N-R21,T4N-A37 | T4N-A43 | T4N-A44
FP-1848,T4-Nchf,Nchf ChargingDataRequest,ChargingDataRequest (LBO/PDU-session applicability projection).roamingQBCInformation.multipleQFIcontainer.qFIContainerInformation.qoSInformation.defQosFlowIndication,DIRECT,T4N-R11 | T4N-R17 | T4N-R20 | T4N-R21,T4N-A37 | T4N-A43 | T4N-A44
FP-1849,T4-Nchf,Nchf ChargingDataRequest,ChargingDataRequest (LBO/PDU-session applicability projection).roamingQBCInformation.multipleQFIcontainer.qFIContainerInformation.qoSInformation.extMaxDataBurstVol,DIRECT,T4N-R11 | T4N-R17 | T4N-R20 | T4N-R21,T4N-A37 | T4N-A43 | T4N-A44
FP-1850,T4-Nchf,Nchf ChargingDataRequest,ChargingDataRequest (LBO/PDU-session applicability projection).roamingQBCInformation.multipleQFIcontainer.qFIContainerInformation.qoSInformation.packetDelayBudget,DIRECT,T4N-R11 | T4N-R17 | T4N-R20 | T4N-R21,T4N-A37 | T4N-A43 | T4N-A44
FP-1851,T4-Nchf,Nchf ChargingDataRequest,ChargingDataRequest (LBO/PDU-session applicability projection).roamingQBCInformation.multipleQFIcontainer.qFIContainerInformation.qoSInformation.packetErrorRate,DIRECT,T4N-R11 | T4N-R17 | T4N-R20 | T4N-R21,T4N-A37 | T4N-A43 | T4N-A44
FP-1852,T4-Nchf,Nchf ChargingDataRequest,ChargingDataRequest (LBO/PDU-session applicability projection).roamingQBCInformation.multipleQFIcontainer.qFIContainerInformation.qoSCharacteristics.5qi,DIRECT,T4N-R11 | T4N-R17 | T4N-R20 | T4N-R21,T4N-A37 | T4N-A43 | T4N-A44
FP-1853,T4-Nchf,Nchf ChargingDataRequest,ChargingDataRequest (LBO/PDU-session applicability projection).roamingQBCInformation.multipleQFIcontainer.qFIContainerInformation.qoSCharacteristics.resourceType,DIRECT,T4N-R11 | T4N-R17 | T4N-R20 | T4N-R21,T4N-A37 | T4N-A43 | T4N-A44
FP-1854,T4-Nchf,Nchf ChargingDataRequest,ChargingDataRequest (LBO/PDU-session applicability projection).roamingQBCInformation.multipleQFIcontainer.qFIContainerInformation.qoSCharacteristics.priorityLevel,DIRECT,T4N-R11 | T4N-R17 | T4N-R20 | T4N-R21,T4N-A37 | T4N-A43 | T4N-A44
FP-1855,T4-Nchf,Nchf ChargingDataRequest,ChargingDataRequest (LBO/PDU-session applicability projection).roamingQBCInformation.multipleQFIcontainer.qFIContainerInformation.qoSCharacteristics.packetDelayBudget,DIRECT,T4N-R11 | T4N-R17 | T4N-R20 | T4N-R21,T4N-A37 | T4N-A43 | T4N-A44
FP-1856,T4-Nchf,Nchf ChargingDataRequest,ChargingDataRequest (LBO/PDU-session applicability projection).roamingQBCInformation.multipleQFIcontainer.qFIContainerInformation.qoSCharacteristics.packetErrorRate,DIRECT,T4N-R11 | T4N-R17 | T4N-R20 | T4N-R21,T4N-A37 | T4N-A43 | T4N-A44
FP-1857,T4-Nchf,Nchf ChargingDataRequest,ChargingDataRequest (LBO/PDU-session applicability projection).roamingQBCInformation.multipleQFIcontainer.qFIContainerInformation.qoSCharacteristics.averagingWindow,DIRECT,T4N-R11 | T4N-R17 | T4N-R20 | T4N-R21,T4N-A37 | T4N-A43 | T4N-A44
FP-1858,T4-Nchf,Nchf ChargingDataRequest,ChargingDataRequest (LBO/PDU-session applicability projection).roamingQBCInformation.multipleQFIcontainer.qFIContainerInformation.qoSCharacteristics.maxDataBurstVol,DIRECT,T4N-R11 | T4N-R17 | T4N-R20 | T4N-R21,T4N-A37 | T4N-A43 | T4N-A44
FP-1859,T4-Nchf,Nchf ChargingDataRequest,ChargingDataRequest (LBO/PDU-session applicability projection).roamingQBCInformation.multipleQFIcontainer.qFIContainerInformation.qoSCharacteristics.extMaxDataBurstVol,DIRECT,T4N-R11 | T4N-R17 | T4N-R20 | T4N-R21,T4N-A37 | T4N-A43 | T4N-A44
FP-1860,T4-Nchf,Nchf ChargingDataRequest,ChargingDataRequest (LBO/PDU-session applicability projection).roamingQBCInformation.multipleQFIcontainer.qFIContainerInformation.userLocationInformation.eutraLocation.tai.plmnId.mcc,DIRECT,T4N-R11 | T4N-R16 | T4N-R20 | T4N-R21,T4N-A37 | T4N-A55 | T4N-A70
FP-1861,T4-Nchf,Nchf ChargingDataRequest,ChargingDataRequest (LBO/PDU-session applicability projection).roamingQBCInformation.multipleQFIcontainer.qFIContainerInformation.userLocationInformation.eutraLocation.tai.plmnId.mnc,DIRECT,T4N-R11 | T4N-R16 | T4N-R20 | T4N-R21,T4N-A37 | T4N-A55 | T4N-A70
FP-1862,T4-Nchf,Nchf ChargingDataRequest,ChargingDataRequest (LBO/PDU-session applicability projection).roamingQBCInformation.multipleQFIcontainer.qFIContainerInformation.userLocationInformation.eutraLocation.tai.tac,DIRECT,T4N-R11 | T4N-R16 | T4N-R20 | T4N-R21,T4N-A37 | T4N-A55 | T4N-A70
FP-1863,T4-Nchf,Nchf ChargingDataRequest,ChargingDataRequest (LBO/PDU-session applicability projection).roamingQBCInformation.multipleQFIcontainer.qFIContainerInformation.userLocationInformation.eutraLocation.tai.nid,DIRECT,T4N-R11 | T4N-R16 | T4N-R20 | T4N-R21,T4N-A37 | T4N-A55 | T4N-A70
FP-1864,T4-Nchf,Nchf ChargingDataRequest,ChargingDataRequest (LBO/PDU-session applicability projection).roamingQBCInformation.multipleQFIcontainer.qFIContainerInformation.userLocationInformation.eutraLocation.ignoreTai,DIRECT,T4N-R11 | T4N-R16 | T4N-R20 | T4N-R21,T4N-A37 | T4N-A55 | T4N-A70
FP-1865,T4-Nchf,Nchf ChargingDataRequest,ChargingDataRequest (LBO/PDU-session applicability projection).roamingQBCInformation.multipleQFIcontainer.qFIContainerInformation.userLocationInformation.eutraLocation.ecgi.plmnId.mcc,DIRECT,T4N-R11 | T4N-R16 | T4N-R20 | T4N-R21,T4N-A37 | T4N-A55 | T4N-A70
FP-1866,T4-Nchf,Nchf ChargingDataRequest,ChargingDataRequest (LBO/PDU-session applicability projection).roamingQBCInformation.multipleQFIcontainer.qFIContainerInformation.userLocationInformation.eutraLocation.ecgi.plmnId.mnc,DIRECT,T4N-R11 | T4N-R16 | T4N-R20 | T4N-R21,T4N-A37 | T4N-A55 | T4N-A70
FP-1867,T4-Nchf,Nchf ChargingDataRequest,ChargingDataRequest (LBO/PDU-session applicability projection).roamingQBCInformation.multipleQFIcontainer.qFIContainerInformation.userLocationInformation.eutraLocation.ecgi.eutraCellId,DIRECT,T4N-R11 | T4N-R16 | T4N-R20 | T4N-R21,T4N-A37 | T4N-A55 | T4N-A70
FP-1868,T4-Nchf,Nchf ChargingDataRequest,ChargingDataRequest (LBO/PDU-session applicability projection).roamingQBCInformation.multipleQFIcontainer.qFIContainerInformation.userLocationInformation.eutraLocation.ecgi.nid,DIRECT,T4N-R11 | T4N-R16 | T4N-R20 | T4N-R21,T4N-A37 | T4N-A55 | T4N-A70
FP-1869,T4-Nchf,Nchf ChargingDataRequest,ChargingDataRequest (LBO/PDU-session applicability projection).roamingQBCInformation.multipleQFIcontainer.qFIContainerInformation.userLocationInformation.eutraLocation.ignoreEcgi,DIRECT,T4N-R11 | T4N-R16 | T4N-R20 | T4N-R21,T4N-A37 | T4N-A55 | T4N-A70
FP-1870,T4-Nchf,Nchf ChargingDataRequest,ChargingDataRequest (LBO/PDU-session applicability projection).roamingQBCInformation.multipleQFIcontainer.qFIContainerInformation.userLocationInformation.eutraLocation.ageOfLocationInformation,DIRECT,T4N-R11 | T4N-R16 | T4N-R20 | T4N-R21,T4N-A37 | T4N-A55 | T4N-A56 | T4N-A70
FP-1871,T4-Nchf,Nchf ChargingDataRequest,ChargingDataRequest (LBO/PDU-session applicability projection).roamingQBCInformation.multipleQFIcontainer.qFIContainerInformation.userLocationInformation.eutraLocation.ueLocationTimestamp,DIRECT,T4N-R11 | T4N-R16 | T4N-R20 | T4N-R21,T4N-A37 | T4N-A55 | T4N-A56 | T4N-A70
FP-1872,T4-Nchf,Nchf ChargingDataRequest,ChargingDataRequest (LBO/PDU-session applicability projection).roamingQBCInformation.multipleQFIcontainer.qFIContainerInformation.userLocationInformation.eutraLocation.geographicalInformation,DIRECT,T4N-R11 | T4N-R16 | T4N-R20 | T4N-R21,T4N-A37 | T4N-A55 | T4N-A70
FP-1873,T4-Nchf,Nchf ChargingDataRequest,ChargingDataRequest (LBO/PDU-session applicability projection).roamingQBCInformation.multipleQFIcontainer.qFIContainerInformation.userLocationInformation.eutraLocation.geodeticInformation,DIRECT,T4N-R11 | T4N-R16 | T4N-R20 | T4N-R21,T4N-A37 | T4N-A55 | T4N-A70
FP-1874,T4-Nchf,Nchf ChargingDataRequest,ChargingDataRequest (LBO/PDU-session applicability projection).roamingQBCInformation.multipleQFIcontainer.qFIContainerInformation.userLocationInformation.eutraLocation.globalNgenbId.plmnId.mcc,DIRECT,T4N-R11 | T4N-R16 | T4N-R20 | T4N-R21,T4N-A37 | T4N-A55 | T4N-A70
FP-1875,T4-Nchf,Nchf ChargingDataRequest,ChargingDataRequest (LBO/PDU-session applicability projection).roamingQBCInformation.multipleQFIcontainer.qFIContainerInformation.userLocationInformation.eutraLocation.globalNgenbId.plmnId.mnc,DIRECT,T4N-R11 | T4N-R16 | T4N-R20 | T4N-R21,T4N-A37 | T4N-A55 | T4N-A70
FP-1876,T4-Nchf,Nchf ChargingDataRequest,ChargingDataRequest (LBO/PDU-session applicability projection).roamingQBCInformation.multipleQFIcontainer.qFIContainerInformation.userLocationInformation.eutraLocation.globalNgenbId.n3IwfId,DIRECT,T4N-R11 | T4N-R16 | T4N-R20 | T4N-R21,T4N-A37 | T4N-A55 | T4N-A70
FP-1877,T4-Nchf,Nchf ChargingDataRequest,ChargingDataRequest (LBO/PDU-session applicability projection).roamingQBCInformation.multipleQFIcontainer.qFIContainerInformation.userLocationInformation.eutraLocation.globalNgenbId.gNbId.bitLength,DIRECT,T4N-R11 | T4N-R16 | T4N-R20 | T4N-R21,T4N-A37 | T4N-A55 | T4N-A70
FP-1878,T4-Nchf,Nchf ChargingDataRequest,ChargingDataRequest (LBO/PDU-session applicability projection).roamingQBCInformation.multipleQFIcontainer.qFIContainerInformation.userLocationInformation.eutraLocation.globalNgenbId.gNbId.gNBValue,DIRECT,T4N-R11 | T4N-R16 | T4N-R20 | T4N-R21,T4N-A37 | T4N-A55 | T4N-A70
FP-1879,T4-Nchf,Nchf ChargingDataRequest,ChargingDataRequest (LBO/PDU-session applicability projection).roamingQBCInformation.multipleQFIcontainer.qFIContainerInformation.userLocationInformation.eutraLocation.globalNgenbId.ngeNbId,DIRECT,T4N-R11 | T4N-R16 | T4N-R20 | T4N-R21,T4N-A37 | T4N-A55 | T4N-A70
FP-1880,T4-Nchf,Nchf ChargingDataRequest,ChargingDataRequest (LBO/PDU-session applicability projection).roamingQBCInformation.multipleQFIcontainer.qFIContainerInformation.userLocationInformation.eutraLocation.globalNgenbId.wagfId,DIRECT,T4N-R11 | T4N-R16 | T4N-R20 | T4N-R21,T4N-A37 | T4N-A55 | T4N-A70
FP-1881,T4-Nchf,Nchf ChargingDataRequest,ChargingDataRequest (LBO/PDU-session applicability projection).roamingQBCInformation.multipleQFIcontainer.qFIContainerInformation.userLocationInformation.eutraLocation.globalNgenbId.tngfId,DIRECT,T4N-R11 | T4N-R16 | T4N-R20 | T4N-R21,T4N-A37 | T4N-A55 | T4N-A70
FP-1882,T4-Nchf,Nchf ChargingDataRequest,ChargingDataRequest (LBO/PDU-session applicability projection).roamingQBCInformation.multipleQFIcontainer.qFIContainerInformation.userLocationInformation.eutraLocation.globalNgenbId.nid,DIRECT,T4N-R11 | T4N-R16 | T4N-R20 | T4N-R21,T4N-A37 | T4N-A55 | T4N-A70
FP-1883,T4-Nchf,Nchf ChargingDataRequest,ChargingDataRequest (LBO/PDU-session applicability projection).roamingQBCInformation.multipleQFIcontainer.qFIContainerInformation.userLocationInformation.eutraLocation.globalNgenbId.eNbId,DIRECT,T4N-R11 | T4N-R16 | T4N-R20 | T4N-R21,T4N-A37 | T4N-A55 | T4N-A70
FP-1884,T4-Nchf,Nchf ChargingDataRequest,ChargingDataRequest (LBO/PDU-session applicability projection).roamingQBCInformation.multipleQFIcontainer.qFIContainerInformation.userLocationInformation.eutraLocation.globalENbId.plmnId.mcc,DIRECT,T4N-R11 | T4N-R16 | T4N-R20 | T4N-R21,T4N-A37 | T4N-A55 | T4N-A70
FP-1885,T4-Nchf,Nchf ChargingDataRequest,ChargingDataRequest (LBO/PDU-session applicability projection).roamingQBCInformation.multipleQFIcontainer.qFIContainerInformation.userLocationInformation.eutraLocation.globalENbId.plmnId.mnc,DIRECT,T4N-R11 | T4N-R16 | T4N-R20 | T4N-R21,T4N-A37 | T4N-A55 | T4N-A70
FP-1886,T4-Nchf,Nchf ChargingDataRequest,ChargingDataRequest (LBO/PDU-session applicability projection).roamingQBCInformation.multipleQFIcontainer.qFIContainerInformation.userLocationInformation.eutraLocation.globalENbId.n3IwfId,DIRECT,T4N-R11 | T4N-R16 | T4N-R20 | T4N-R21,T4N-A37 | T4N-A55 | T4N-A70
FP-1887,T4-Nchf,Nchf ChargingDataRequest,ChargingDataRequest (LBO/PDU-session applicability projection).roamingQBCInformation.multipleQFIcontainer.qFIContainerInformation.userLocationInformation.eutraLocation.globalENbId.gNbId.bitLength,DIRECT,T4N-R11 | T4N-R16 | T4N-R20 | T4N-R21,T4N-A37 | T4N-A55 | T4N-A70
FP-1888,T4-Nchf,Nchf ChargingDataRequest,ChargingDataRequest (LBO/PDU-session applicability projection).roamingQBCInformation.multipleQFIcontainer.qFIContainerInformation.userLocationInformation.eutraLocation.globalENbId.gNbId.gNBValue,DIRECT,T4N-R11 | T4N-R16 | T4N-R20 | T4N-R21,T4N-A37 | T4N-A55 | T4N-A70
FP-1889,T4-Nchf,Nchf ChargingDataRequest,ChargingDataRequest (LBO/PDU-session applicability projection).roamingQBCInformation.multipleQFIcontainer.qFIContainerInformation.userLocationInformation.eutraLocation.globalENbId.ngeNbId,DIRECT,T4N-R11 | T4N-R16 | T4N-R20 | T4N-R21,T4N-A37 | T4N-A55 | T4N-A70
FP-1890,T4-Nchf,Nchf ChargingDataRequest,ChargingDataRequest (LBO/PDU-session applicability projection).roamingQBCInformation.multipleQFIcontainer.qFIContainerInformation.userLocationInformation.eutraLocation.globalENbId.wagfId,DIRECT,T4N-R11 | T4N-R16 | T4N-R20 | T4N-R21,T4N-A37 | T4N-A55 | T4N-A70
FP-1891,T4-Nchf,Nchf ChargingDataRequest,ChargingDataRequest (LBO/PDU-session applicability projection).roamingQBCInformation.multipleQFIcontainer.qFIContainerInformation.userLocationInformation.eutraLocation.globalENbId.tngfId,DIRECT,T4N-R11 | T4N-R16 | T4N-R20 | T4N-R21,T4N-A37 | T4N-A55 | T4N-A70
FP-1892,T4-Nchf,Nchf ChargingDataRequest,ChargingDataRequest (LBO/PDU-session applicability projection).roamingQBCInformation.multipleQFIcontainer.qFIContainerInformation.userLocationInformation.eutraLocation.globalENbId.nid,DIRECT,T4N-R11 | T4N-R16 | T4N-R20 | T4N-R21,T4N-A37 | T4N-A55 | T4N-A70
FP-1893,T4-Nchf,Nchf ChargingDataRequest,ChargingDataRequest (LBO/PDU-session applicability projection).roamingQBCInformation.multipleQFIcontainer.qFIContainerInformation.userLocationInformation.eutraLocation.globalENbId.eNbId,DIRECT,T4N-R11 | T4N-R16 | T4N-R20 | T4N-R21,T4N-A37 | T4N-A55 | T4N-A70
FP-1894,T4-Nchf,Nchf ChargingDataRequest,ChargingDataRequest (LBO/PDU-session applicability projection).roamingQBCInformation.multipleQFIcontainer.qFIContainerInformation.userLocationInformation.nrLocation.tai.plmnId.mcc,DIRECT,T4N-R11 | T4N-R16 | T4N-R20 | T4N-R21,T4N-A37 | T4N-A55 | T4N-A70
FP-1895,T4-Nchf,Nchf ChargingDataRequest,ChargingDataRequest (LBO/PDU-session applicability projection).roamingQBCInformation.multipleQFIcontainer.qFIContainerInformation.userLocationInformation.nrLocation.tai.plmnId.mnc,DIRECT,T4N-R11 | T4N-R16 | T4N-R20 | T4N-R21,T4N-A37 | T4N-A55 | T4N-A70
FP-1896,T4-Nchf,Nchf ChargingDataRequest,ChargingDataRequest (LBO/PDU-session applicability projection).roamingQBCInformation.multipleQFIcontainer.qFIContainerInformation.userLocationInformation.nrLocation.tai.tac,DIRECT,T4N-R11 | T4N-R16 | T4N-R20 | T4N-R21,T4N-A37 | T4N-A55 | T4N-A70
FP-1897,T4-Nchf,Nchf ChargingDataRequest,ChargingDataRequest (LBO/PDU-session applicability projection).roamingQBCInformation.multipleQFIcontainer.qFIContainerInformation.userLocationInformation.nrLocation.tai.nid,DIRECT,T4N-R11 | T4N-R16 | T4N-R20 | T4N-R21,T4N-A37 | T4N-A55 | T4N-A70
FP-1898,T4-Nchf,Nchf ChargingDataRequest,ChargingDataRequest (LBO/PDU-session applicability projection).roamingQBCInformation.multipleQFIcontainer.qFIContainerInformation.userLocationInformation.nrLocation.ncgi.plmnId.mcc,DIRECT,T4N-R11 | T4N-R16 | T4N-R20 | T4N-R21,T4N-A37 | T4N-A55 | T4N-A70
FP-1899,T4-Nchf,Nchf ChargingDataRequest,ChargingDataRequest (LBO/PDU-session applicability projection).roamingQBCInformation.multipleQFIcontainer.qFIContainerInformation.userLocationInformation.nrLocation.ncgi.plmnId.mnc,DIRECT,T4N-R11 | T4N-R16 | T4N-R20 | T4N-R21,T4N-A37 | T4N-A55 | T4N-A70
FP-1900,T4-Nchf,Nchf ChargingDataRequest,ChargingDataRequest (LBO/PDU-session applicability projection).roamingQBCInformation.multipleQFIcontainer.qFIContainerInformation.userLocationInformation.nrLocation.ncgi.nrCellId,DIRECT,T4N-R11 | T4N-R16 | T4N-R20 | T4N-R21,T4N-A37 | T4N-A55 | T4N-A70
FP-1901,T4-Nchf,Nchf ChargingDataRequest,ChargingDataRequest (LBO/PDU-session applicability projection).roamingQBCInformation.multipleQFIcontainer.qFIContainerInformation.userLocationInformation.nrLocation.ncgi.nid,DIRECT,T4N-R11 | T4N-R16 | T4N-R20 | T4N-R21,T4N-A37 | T4N-A55 | T4N-A70
FP-1902,T4-Nchf,Nchf ChargingDataRequest,ChargingDataRequest (LBO/PDU-session applicability projection).roamingQBCInformation.multipleQFIcontainer.qFIContainerInformation.userLocationInformation.nrLocation.ignoreNcgi,DIRECT,T4N-R11 | T4N-R16 | T4N-R20 | T4N-R21,T4N-A37 | T4N-A55 | T4N-A70
FP-1903,T4-Nchf,Nchf ChargingDataRequest,ChargingDataRequest (LBO/PDU-session applicability projection).roamingQBCInformation.multipleQFIcontainer.qFIContainerInformation.userLocationInformation.nrLocation.ageOfLocationInformation,DIRECT,T4N-R11 | T4N-R16 | T4N-R20 | T4N-R21,T4N-A37 | T4N-A55 | T4N-A56 | T4N-A70
FP-1904,T4-Nchf,Nchf ChargingDataRequest,ChargingDataRequest (LBO/PDU-session applicability projection).roamingQBCInformation.multipleQFIcontainer.qFIContainerInformation.userLocationInformation.nrLocation.ueLocationTimestamp,DIRECT,T4N-R11 | T4N-R16 | T4N-R20 | T4N-R21,T4N-A37 | T4N-A55 | T4N-A56 | T4N-A70
FP-1905,T4-Nchf,Nchf ChargingDataRequest,ChargingDataRequest (LBO/PDU-session applicability projection).roamingQBCInformation.multipleQFIcontainer.qFIContainerInformation.userLocationInformation.nrLocation.geographicalInformation,DIRECT,T4N-R11 | T4N-R16 | T4N-R20 | T4N-R21,T4N-A37 | T4N-A55 | T4N-A70
FP-1906,T4-Nchf,Nchf ChargingDataRequest,ChargingDataRequest (LBO/PDU-session applicability projection).roamingQBCInformation.multipleQFIcontainer.qFIContainerInformation.userLocationInformation.nrLocation.geodeticInformation,DIRECT,T4N-R11 | T4N-R16 | T4N-R20 | T4N-R21,T4N-A37 | T4N-A55 | T4N-A70
FP-1907,T4-Nchf,Nchf ChargingDataRequest,ChargingDataRequest (LBO/PDU-session applicability projection).roamingQBCInformation.multipleQFIcontainer.qFIContainerInformation.userLocationInformation.nrLocation.globalGnbId.plmnId.mcc,DIRECT,T4N-R11 | T4N-R16 | T4N-R20 | T4N-R21,T4N-A37 | T4N-A55 | T4N-A70
FP-1908,T4-Nchf,Nchf ChargingDataRequest,ChargingDataRequest (LBO/PDU-session applicability projection).roamingQBCInformation.multipleQFIcontainer.qFIContainerInformation.userLocationInformation.nrLocation.globalGnbId.plmnId.mnc,DIRECT,T4N-R11 | T4N-R16 | T4N-R20 | T4N-R21,T4N-A37 | T4N-A55 | T4N-A70
FP-1909,T4-Nchf,Nchf ChargingDataRequest,ChargingDataRequest (LBO/PDU-session applicability projection).roamingQBCInformation.multipleQFIcontainer.qFIContainerInformation.userLocationInformation.nrLocation.globalGnbId.n3IwfId,DIRECT,T4N-R11 | T4N-R16 | T4N-R20 | T4N-R21,T4N-A37 | T4N-A55 | T4N-A70
FP-1910,T4-Nchf,Nchf ChargingDataRequest,ChargingDataRequest (LBO/PDU-session applicability projection).roamingQBCInformation.multipleQFIcontainer.qFIContainerInformation.userLocationInformation.nrLocation.globalGnbId.gNbId.bitLength,DIRECT,T4N-R11 | T4N-R16 | T4N-R20 | T4N-R21,T4N-A37 | T4N-A55 | T4N-A70
FP-1911,T4-Nchf,Nchf ChargingDataRequest,ChargingDataRequest (LBO/PDU-session applicability projection).roamingQBCInformation.multipleQFIcontainer.qFIContainerInformation.userLocationInformation.nrLocation.globalGnbId.gNbId.gNBValue,DIRECT,T4N-R11 | T4N-R16 | T4N-R20 | T4N-R21,T4N-A37 | T4N-A55 | T4N-A70
FP-1912,T4-Nchf,Nchf ChargingDataRequest,ChargingDataRequest (LBO/PDU-session applicability projection).roamingQBCInformation.multipleQFIcontainer.qFIContainerInformation.userLocationInformation.nrLocation.globalGnbId.ngeNbId,DIRECT,T4N-R11 | T4N-R16 | T4N-R20 | T4N-R21,T4N-A37 | T4N-A55 | T4N-A70
FP-1913,T4-Nchf,Nchf ChargingDataRequest,ChargingDataRequest (LBO/PDU-session applicability projection).roamingQBCInformation.multipleQFIcontainer.qFIContainerInformation.userLocationInformation.nrLocation.globalGnbId.wagfId,DIRECT,T4N-R11 | T4N-R16 | T4N-R20 | T4N-R21,T4N-A37 | T4N-A55 | T4N-A70
FP-1914,T4-Nchf,Nchf ChargingDataRequest,ChargingDataRequest (LBO/PDU-session applicability projection).roamingQBCInformation.multipleQFIcontainer.qFIContainerInformation.userLocationInformation.nrLocation.globalGnbId.tngfId,DIRECT,T4N-R11 | T4N-R16 | T4N-R20 | T4N-R21,T4N-A37 | T4N-A55 | T4N-A70
FP-1915,T4-Nchf,Nchf ChargingDataRequest,ChargingDataRequest (LBO/PDU-session applicability projection).roamingQBCInformation.multipleQFIcontainer.qFIContainerInformation.userLocationInformation.nrLocation.globalGnbId.nid,DIRECT,T4N-R11 | T4N-R16 | T4N-R20 | T4N-R21,T4N-A37 | T4N-A55 | T4N-A70
FP-1916,T4-Nchf,Nchf ChargingDataRequest,ChargingDataRequest (LBO/PDU-session applicability projection).roamingQBCInformation.multipleQFIcontainer.qFIContainerInformation.userLocationInformation.nrLocation.globalGnbId.eNbId,DIRECT,T4N-R11 | T4N-R16 | T4N-R20 | T4N-R21,T4N-A37 | T4N-A55 | T4N-A70
FP-1917,T4-Nchf,Nchf ChargingDataRequest,ChargingDataRequest (LBO/PDU-session applicability projection).roamingQBCInformation.multipleQFIcontainer.qFIContainerInformation.userLocationInformation.n3gaLocation.n3gppTai.plmnId.mcc,DIRECT,T4N-R11 | T4N-R16 | T4N-R20 | T4N-R21,T4N-A37 | T4N-A55 | T4N-A70
FP-1918,T4-Nchf,Nchf ChargingDataRequest,ChargingDataRequest (LBO/PDU-session applicability projection).roamingQBCInformation.multipleQFIcontainer.qFIContainerInformation.userLocationInformation.n3gaLocation.n3gppTai.plmnId.mnc,DIRECT,T4N-R11 | T4N-R16 | T4N-R20 | T4N-R21,T4N-A37 | T4N-A55 | T4N-A70
FP-1919,T4-Nchf,Nchf ChargingDataRequest,ChargingDataRequest (LBO/PDU-session applicability projection).roamingQBCInformation.multipleQFIcontainer.qFIContainerInformation.userLocationInformation.n3gaLocation.n3gppTai.tac,DIRECT,T4N-R11 | T4N-R16 | T4N-R20 | T4N-R21,T4N-A37 | T4N-A55 | T4N-A70
FP-1920,T4-Nchf,Nchf ChargingDataRequest,ChargingDataRequest (LBO/PDU-session applicability projection).roamingQBCInformation.multipleQFIcontainer.qFIContainerInformation.userLocationInformation.n3gaLocation.n3gppTai.nid,DIRECT,T4N-R11 | T4N-R16 | T4N-R20 | T4N-R21,T4N-A37 | T4N-A55 | T4N-A70
FP-1921,T4-Nchf,Nchf ChargingDataRequest,ChargingDataRequest (LBO/PDU-session applicability projection).roamingQBCInformation.multipleQFIcontainer.qFIContainerInformation.userLocationInformation.n3gaLocation.n3IwfId,DIRECT,T4N-R11 | T4N-R16 | T4N-R20 | T4N-R21,T4N-A37 | T4N-A55 | T4N-A70
FP-1922,T4-Nchf,Nchf ChargingDataRequest,ChargingDataRequest (LBO/PDU-session applicability projection).roamingQBCInformation.multipleQFIcontainer.qFIContainerInformation.userLocationInformation.n3gaLocation.ueIpv4Addr,DIRECT,T4N-R11 | T4N-R16 | T4N-R20 | T4N-R21,T4N-A37 | T4N-A55 | T4N-A70
FP-1923,T4-Nchf,Nchf ChargingDataRequest,ChargingDataRequest (LBO/PDU-session applicability projection).roamingQBCInformation.multipleQFIcontainer.qFIContainerInformation.userLocationInformation.n3gaLocation.ueIpv6Addr,DIRECT,T4N-R11 | T4N-R16 | T4N-R20 | T4N-R21,T4N-A37 | T4N-A55 | T4N-A70
FP-1924,T4-Nchf,Nchf ChargingDataRequest,ChargingDataRequest (LBO/PDU-session applicability projection).roamingQBCInformation.multipleQFIcontainer.qFIContainerInformation.userLocationInformation.n3gaLocation.portNumber,DIRECT,T4N-R11 | T4N-R16 | T4N-R20 | T4N-R21,T4N-A37 | T4N-A55 | T4N-A70
FP-1925,T4-Nchf,Nchf ChargingDataRequest,ChargingDataRequest (LBO/PDU-session applicability projection).roamingQBCInformation.multipleQFIcontainer.qFIContainerInformation.userLocationInformation.n3gaLocation.protocol,DIRECT,T4N-R11 | T4N-R16 | T4N-R20 | T4N-R21,T4N-A37 | T4N-A55 | T4N-A70
FP-1926,T4-Nchf,Nchf ChargingDataRequest,ChargingDataRequest (LBO/PDU-session applicability projection).roamingQBCInformation.multipleQFIcontainer.qFIContainerInformation.userLocationInformation.n3gaLocation.tnapId.ssId,DIRECT,T4N-R11 | T4N-R16 | T4N-R20 | T4N-R21,T4N-A37 | T4N-A55 | T4N-A70
FP-1927,T4-Nchf,Nchf ChargingDataRequest,ChargingDataRequest (LBO/PDU-session applicability projection).roamingQBCInformation.multipleQFIcontainer.qFIContainerInformation.userLocationInformation.n3gaLocation.tnapId.bssId,DIRECT,T4N-R11 | T4N-R16 | T4N-R20 | T4N-R21,T4N-A37 | T4N-A55 | T4N-A70
FP-1928,T4-Nchf,Nchf ChargingDataRequest,ChargingDataRequest (LBO/PDU-session applicability projection).roamingQBCInformation.multipleQFIcontainer.qFIContainerInformation.userLocationInformation.n3gaLocation.tnapId.civicAddress,DIRECT,T4N-R11 | T4N-R16 | T4N-R20 | T4N-R21,T4N-A37 | T4N-A55 | T4N-A70
FP-1929,T4-Nchf,Nchf ChargingDataRequest,ChargingDataRequest (LBO/PDU-session applicability projection).roamingQBCInformation.multipleQFIcontainer.qFIContainerInformation.userLocationInformation.n3gaLocation.twapId.ssId,DIRECT,T4N-R11 | T4N-R16 | T4N-R20 | T4N-R21,T4N-A37 | T4N-A55 | T4N-A70
FP-1930,T4-Nchf,Nchf ChargingDataRequest,ChargingDataRequest (LBO/PDU-session applicability projection).roamingQBCInformation.multipleQFIcontainer.qFIContainerInformation.userLocationInformation.n3gaLocation.twapId.bssId,DIRECT,T4N-R11 | T4N-R16 | T4N-R20 | T4N-R21,T4N-A37 | T4N-A55 | T4N-A70
FP-1931,T4-Nchf,Nchf ChargingDataRequest,ChargingDataRequest (LBO/PDU-session applicability projection).roamingQBCInformation.multipleQFIcontainer.qFIContainerInformation.userLocationInformation.n3gaLocation.twapId.civicAddress,DIRECT,T4N-R11 | T4N-R16 | T4N-R20 | T4N-R21,T4N-A37 | T4N-A55 | T4N-A70
FP-1932,T4-Nchf,Nchf ChargingDataRequest,ChargingDataRequest (LBO/PDU-session applicability projection).roamingQBCInformation.multipleQFIcontainer.qFIContainerInformation.userLocationInformation.n3gaLocation.hfcNodeId.hfcNId,DIRECT,T4N-R11 | T4N-R16 | T4N-R20 | T4N-R21,T4N-A37 | T4N-A55 | T4N-A70
FP-1933,T4-Nchf,Nchf ChargingDataRequest,ChargingDataRequest (LBO/PDU-session applicability projection).roamingQBCInformation.multipleQFIcontainer.qFIContainerInformation.userLocationInformation.n3gaLocation.gli,DIRECT,T4N-R11 | T4N-R16 | T4N-R20 | T4N-R21,T4N-A37 | T4N-A55 | T4N-A70
FP-1934,T4-Nchf,Nchf ChargingDataRequest,ChargingDataRequest (LBO/PDU-session applicability projection).roamingQBCInformation.multipleQFIcontainer.qFIContainerInformation.userLocationInformation.n3gaLocation.w5gbanLineType,DIRECT,T4N-R11 | T4N-R16 | T4N-R20 | T4N-R21,T4N-A37 | T4N-A55 | T4N-A70
FP-1935,T4-Nchf,Nchf ChargingDataRequest,ChargingDataRequest (LBO/PDU-session applicability projection).roamingQBCInformation.multipleQFIcontainer.qFIContainerInformation.userLocationInformation.n3gaLocation.gci,DIRECT,T4N-R11 | T4N-R16 | T4N-R20 | T4N-R21,T4N-A37 | T4N-A55 | T4N-A70
FP-1936,T4-Nchf,Nchf ChargingDataRequest,ChargingDataRequest (LBO/PDU-session applicability projection).roamingQBCInformation.multipleQFIcontainer.qFIContainerInformation.userLocationInformation.utraLocation.cgi.plmnId.mcc,DIRECT,T4N-R11 | T4N-R16 | T4N-R20 | T4N-R21,T4N-A37 | T4N-A55 | T4N-A70
FP-1937,T4-Nchf,Nchf ChargingDataRequest,ChargingDataRequest (LBO/PDU-session applicability projection).roamingQBCInformation.multipleQFIcontainer.qFIContainerInformation.userLocationInformation.utraLocation.cgi.plmnId.mnc,DIRECT,T4N-R11 | T4N-R16 | T4N-R20 | T4N-R21,T4N-A37 | T4N-A55 | T4N-A70
FP-1938,T4-Nchf,Nchf ChargingDataRequest,ChargingDataRequest (LBO/PDU-session applicability projection).roamingQBCInformation.multipleQFIcontainer.qFIContainerInformation.userLocationInformation.utraLocation.cgi.lac,DIRECT,T4N-R11 | T4N-R16 | T4N-R20 | T4N-R21,T4N-A37 | T4N-A55 | T4N-A70
FP-1939,T4-Nchf,Nchf ChargingDataRequest,ChargingDataRequest (LBO/PDU-session applicability projection).roamingQBCInformation.multipleQFIcontainer.qFIContainerInformation.userLocationInformation.utraLocation.cgi.cellId,DIRECT,T4N-R11 | T4N-R16 | T4N-R20 | T4N-R21,T4N-A37 | T4N-A55 | T4N-A70
FP-1940,T4-Nchf,Nchf ChargingDataRequest,ChargingDataRequest (LBO/PDU-session applicability projection).roamingQBCInformation.multipleQFIcontainer.qFIContainerInformation.userLocationInformation.utraLocation.sai.plmnId.mcc,DIRECT,T4N-R11 | T4N-R16 | T4N-R20 | T4N-R21,T4N-A37 | T4N-A55 | T4N-A70
FP-1941,T4-Nchf,Nchf ChargingDataRequest,ChargingDataRequest (LBO/PDU-session applicability projection).roamingQBCInformation.multipleQFIcontainer.qFIContainerInformation.userLocationInformation.utraLocation.sai.plmnId.mnc,DIRECT,T4N-R11 | T4N-R16 | T4N-R20 | T4N-R21,T4N-A37 | T4N-A55 | T4N-A70
FP-1942,T4-Nchf,Nchf ChargingDataRequest,ChargingDataRequest (LBO/PDU-session applicability projection).roamingQBCInformation.multipleQFIcontainer.qFIContainerInformation.userLocationInformation.utraLocation.sai.lac,DIRECT,T4N-R11 | T4N-R16 | T4N-R20 | T4N-R21,T4N-A37 | T4N-A55 | T4N-A70
FP-1943,T4-Nchf,Nchf ChargingDataRequest,ChargingDataRequest (LBO/PDU-session applicability projection).roamingQBCInformation.multipleQFIcontainer.qFIContainerInformation.userLocationInformation.utraLocation.sai.sac,DIRECT,T4N-R11 | T4N-R16 | T4N-R20 | T4N-R21,T4N-A37 | T4N-A55 | T4N-A70
FP-1944,T4-Nchf,Nchf ChargingDataRequest,ChargingDataRequest (LBO/PDU-session applicability projection).roamingQBCInformation.multipleQFIcontainer.qFIContainerInformation.userLocationInformation.utraLocation.lai.plmnId.mcc,DIRECT,T4N-R11 | T4N-R16 | T4N-R20 | T4N-R21,T4N-A37 | T4N-A55 | T4N-A70
FP-1945,T4-Nchf,Nchf ChargingDataRequest,ChargingDataRequest (LBO/PDU-session applicability projection).roamingQBCInformation.multipleQFIcontainer.qFIContainerInformation.userLocationInformation.utraLocation.lai.plmnId.mnc,DIRECT,T4N-R11 | T4N-R16 | T4N-R20 | T4N-R21,T4N-A37 | T4N-A55 | T4N-A70
FP-1946,T4-Nchf,Nchf ChargingDataRequest,ChargingDataRequest (LBO/PDU-session applicability projection).roamingQBCInformation.multipleQFIcontainer.qFIContainerInformation.userLocationInformation.utraLocation.lai.lac,DIRECT,T4N-R11 | T4N-R16 | T4N-R20 | T4N-R21,T4N-A37 | T4N-A55 | T4N-A70
FP-1947,T4-Nchf,Nchf ChargingDataRequest,ChargingDataRequest (LBO/PDU-session applicability projection).roamingQBCInformation.multipleQFIcontainer.qFIContainerInformation.userLocationInformation.utraLocation.rai.plmnId.mcc,DIRECT,T4N-R11 | T4N-R16 | T4N-R20 | T4N-R21,T4N-A37 | T4N-A55 | T4N-A70
FP-1948,T4-Nchf,Nchf ChargingDataRequest,ChargingDataRequest (LBO/PDU-session applicability projection).roamingQBCInformation.multipleQFIcontainer.qFIContainerInformation.userLocationInformation.utraLocation.rai.plmnId.mnc,DIRECT,T4N-R11 | T4N-R16 | T4N-R20 | T4N-R21,T4N-A37 | T4N-A55 | T4N-A70
FP-1949,T4-Nchf,Nchf ChargingDataRequest,ChargingDataRequest (LBO/PDU-session applicability projection).roamingQBCInformation.multipleQFIcontainer.qFIContainerInformation.userLocationInformation.utraLocation.rai.lac,DIRECT,T4N-R11 | T4N-R16 | T4N-R20 | T4N-R21,T4N-A37 | T4N-A55 | T4N-A70
FP-1950,T4-Nchf,Nchf ChargingDataRequest,ChargingDataRequest (LBO/PDU-session applicability projection).roamingQBCInformation.multipleQFIcontainer.qFIContainerInformation.userLocationInformation.utraLocation.rai.rac,DIRECT,T4N-R11 | T4N-R16 | T4N-R20 | T4N-R21,T4N-A37 | T4N-A55 | T4N-A70
FP-1951,T4-Nchf,Nchf ChargingDataRequest,ChargingDataRequest (LBO/PDU-session applicability projection).roamingQBCInformation.multipleQFIcontainer.qFIContainerInformation.userLocationInformation.utraLocation.ageOfLocationInformation,DIRECT,T4N-R11 | T4N-R16 | T4N-R20 | T4N-R21,T4N-A37 | T4N-A55 | T4N-A56 | T4N-A70
FP-1952,T4-Nchf,Nchf ChargingDataRequest,ChargingDataRequest (LBO/PDU-session applicability projection).roamingQBCInformation.multipleQFIcontainer.qFIContainerInformation.userLocationInformation.utraLocation.ueLocationTimestamp,DIRECT,T4N-R11 | T4N-R16 | T4N-R20 | T4N-R21,T4N-A37 | T4N-A55 | T4N-A56 | T4N-A70
FP-1953,T4-Nchf,Nchf ChargingDataRequest,ChargingDataRequest (LBO/PDU-session applicability projection).roamingQBCInformation.multipleQFIcontainer.qFIContainerInformation.userLocationInformation.utraLocation.geographicalInformation,DIRECT,T4N-R11 | T4N-R16 | T4N-R20 | T4N-R21,T4N-A37 | T4N-A55 | T4N-A70
FP-1954,T4-Nchf,Nchf ChargingDataRequest,ChargingDataRequest (LBO/PDU-session applicability projection).roamingQBCInformation.multipleQFIcontainer.qFIContainerInformation.userLocationInformation.utraLocation.geodeticInformation,DIRECT,T4N-R11 | T4N-R16 | T4N-R20 | T4N-R21,T4N-A37 | T4N-A55 | T4N-A70
FP-1955,T4-Nchf,Nchf ChargingDataRequest,ChargingDataRequest (LBO/PDU-session applicability projection).roamingQBCInformation.multipleQFIcontainer.qFIContainerInformation.userLocationInformation.geraLocation.locationNumber,DIRECT,T4N-R11 | T4N-R16 | T4N-R20 | T4N-R21,T4N-A37 | T4N-A55 | T4N-A70
FP-1956,T4-Nchf,Nchf ChargingDataRequest,ChargingDataRequest (LBO/PDU-session applicability projection).roamingQBCInformation.multipleQFIcontainer.qFIContainerInformation.userLocationInformation.geraLocation.cgi.plmnId.mcc,DIRECT,T4N-R11 | T4N-R16 | T4N-R20 | T4N-R21,T4N-A37 | T4N-A55 | T4N-A70
FP-1957,T4-Nchf,Nchf ChargingDataRequest,ChargingDataRequest (LBO/PDU-session applicability projection).roamingQBCInformation.multipleQFIcontainer.qFIContainerInformation.userLocationInformation.geraLocation.cgi.plmnId.mnc,DIRECT,T4N-R11 | T4N-R16 | T4N-R20 | T4N-R21,T4N-A37 | T4N-A55 | T4N-A70
FP-1958,T4-Nchf,Nchf ChargingDataRequest,ChargingDataRequest (LBO/PDU-session applicability projection).roamingQBCInformation.multipleQFIcontainer.qFIContainerInformation.userLocationInformation.geraLocation.cgi.lac,DIRECT,T4N-R11 | T4N-R16 | T4N-R20 | T4N-R21,T4N-A37 | T4N-A55 | T4N-A70
FP-1959,T4-Nchf,Nchf ChargingDataRequest,ChargingDataRequest (LBO/PDU-session applicability projection).roamingQBCInformation.multipleQFIcontainer.qFIContainerInformation.userLocationInformation.geraLocation.cgi.cellId,DIRECT,T4N-R11 | T4N-R16 | T4N-R20 | T4N-R21,T4N-A37 | T4N-A55 | T4N-A70
FP-1960,T4-Nchf,Nchf ChargingDataRequest,ChargingDataRequest (LBO/PDU-session applicability projection).roamingQBCInformation.multipleQFIcontainer.qFIContainerInformation.userLocationInformation.geraLocation.sai.plmnId.mcc,DIRECT,T4N-R11 | T4N-R16 | T4N-R20 | T4N-R21,T4N-A37 | T4N-A55 | T4N-A70
FP-1961,T4-Nchf,Nchf ChargingDataRequest,ChargingDataRequest (LBO/PDU-session applicability projection).roamingQBCInformation.multipleQFIcontainer.qFIContainerInformation.userLocationInformation.geraLocation.sai.plmnId.mnc,DIRECT,T4N-R11 | T4N-R16 | T4N-R20 | T4N-R21,T4N-A37 | T4N-A55 | T4N-A70
FP-1962,T4-Nchf,Nchf ChargingDataRequest,ChargingDataRequest (LBO/PDU-session applicability projection).roamingQBCInformation.multipleQFIcontainer.qFIContainerInformation.userLocationInformation.geraLocation.sai.lac,DIRECT,T4N-R11 | T4N-R16 | T4N-R20 | T4N-R21,T4N-A37 | T4N-A55 | T4N-A70
FP-1963,T4-Nchf,Nchf ChargingDataRequest,ChargingDataRequest (LBO/PDU-session applicability projection).roamingQBCInformation.multipleQFIcontainer.qFIContainerInformation.userLocationInformation.geraLocation.sai.sac,DIRECT,T4N-R11 | T4N-R16 | T4N-R20 | T4N-R21,T4N-A37 | T4N-A55 | T4N-A70
FP-1964,T4-Nchf,Nchf ChargingDataRequest,ChargingDataRequest (LBO/PDU-session applicability projection).roamingQBCInformation.multipleQFIcontainer.qFIContainerInformation.userLocationInformation.geraLocation.lai.plmnId.mcc,DIRECT,T4N-R11 | T4N-R16 | T4N-R20 | T4N-R21,T4N-A37 | T4N-A55 | T4N-A70
FP-1965,T4-Nchf,Nchf ChargingDataRequest,ChargingDataRequest (LBO/PDU-session applicability projection).roamingQBCInformation.multipleQFIcontainer.qFIContainerInformation.userLocationInformation.geraLocation.lai.plmnId.mnc,DIRECT,T4N-R11 | T4N-R16 | T4N-R20 | T4N-R21,T4N-A37 | T4N-A55 | T4N-A70
FP-1966,T4-Nchf,Nchf ChargingDataRequest,ChargingDataRequest (LBO/PDU-session applicability projection).roamingQBCInformation.multipleQFIcontainer.qFIContainerInformation.userLocationInformation.geraLocation.lai.lac,DIRECT,T4N-R11 | T4N-R16 | T4N-R20 | T4N-R21,T4N-A37 | T4N-A55 | T4N-A70
FP-1967,T4-Nchf,Nchf ChargingDataRequest,ChargingDataRequest (LBO/PDU-session applicability projection).roamingQBCInformation.multipleQFIcontainer.qFIContainerInformation.userLocationInformation.geraLocation.rai.plmnId.mcc,DIRECT,T4N-R11 | T4N-R16 | T4N-R20 | T4N-R21,T4N-A37 | T4N-A55 | T4N-A70
FP-1968,T4-Nchf,Nchf ChargingDataRequest,ChargingDataRequest (LBO/PDU-session applicability projection).roamingQBCInformation.multipleQFIcontainer.qFIContainerInformation.userLocationInformation.geraLocation.rai.plmnId.mnc,DIRECT,T4N-R11 | T4N-R16 | T4N-R20 | T4N-R21,T4N-A37 | T4N-A55 | T4N-A70
FP-1969,T4-Nchf,Nchf ChargingDataRequest,ChargingDataRequest (LBO/PDU-session applicability projection).roamingQBCInformation.multipleQFIcontainer.qFIContainerInformation.userLocationInformation.geraLocation.rai.lac,DIRECT,T4N-R11 | T4N-R16 | T4N-R20 | T4N-R21,T4N-A37 | T4N-A55 | T4N-A70
FP-1970,T4-Nchf,Nchf ChargingDataRequest,ChargingDataRequest (LBO/PDU-session applicability projection).roamingQBCInformation.multipleQFIcontainer.qFIContainerInformation.userLocationInformation.geraLocation.rai.rac,DIRECT,T4N-R11 | T4N-R16 | T4N-R20 | T4N-R21,T4N-A37 | T4N-A55 | T4N-A70
FP-1971,T4-Nchf,Nchf ChargingDataRequest,ChargingDataRequest (LBO/PDU-session applicability projection).roamingQBCInformation.multipleQFIcontainer.qFIContainerInformation.userLocationInformation.geraLocation.vlrNumber,DIRECT,T4N-R11 | T4N-R16 | T4N-R20 | T4N-R21,T4N-A37 | T4N-A55 | T4N-A70
FP-1972,T4-Nchf,Nchf ChargingDataRequest,ChargingDataRequest (LBO/PDU-session applicability projection).roamingQBCInformation.multipleQFIcontainer.qFIContainerInformation.userLocationInformation.geraLocation.mscNumber,DIRECT,T4N-R11 | T4N-R16 | T4N-R20 | T4N-R21,T4N-A37 | T4N-A55 | T4N-A70
FP-1973,T4-Nchf,Nchf ChargingDataRequest,ChargingDataRequest (LBO/PDU-session applicability projection).roamingQBCInformation.multipleQFIcontainer.qFIContainerInformation.userLocationInformation.geraLocation.ageOfLocationInformation,DIRECT,T4N-R11 | T4N-R16 | T4N-R20 | T4N-R21,T4N-A37 | T4N-A55 | T4N-A56 | T4N-A70
FP-1974,T4-Nchf,Nchf ChargingDataRequest,ChargingDataRequest (LBO/PDU-session applicability projection).roamingQBCInformation.multipleQFIcontainer.qFIContainerInformation.userLocationInformation.geraLocation.ueLocationTimestamp,DIRECT,T4N-R11 | T4N-R16 | T4N-R20 | T4N-R21,T4N-A37 | T4N-A55 | T4N-A56 | T4N-A70
FP-1975,T4-Nchf,Nchf ChargingDataRequest,ChargingDataRequest (LBO/PDU-session applicability projection).roamingQBCInformation.multipleQFIcontainer.qFIContainerInformation.userLocationInformation.geraLocation.geographicalInformation,DIRECT,T4N-R11 | T4N-R16 | T4N-R20 | T4N-R21,T4N-A37 | T4N-A55 | T4N-A70
FP-1976,T4-Nchf,Nchf ChargingDataRequest,ChargingDataRequest (LBO/PDU-session applicability projection).roamingQBCInformation.multipleQFIcontainer.qFIContainerInformation.userLocationInformation.geraLocation.geodeticInformation,DIRECT,T4N-R11 | T4N-R16 | T4N-R20 | T4N-R21,T4N-A37 | T4N-A55 | T4N-A70
FP-1977,T4-Nchf,Nchf ChargingDataRequest,ChargingDataRequest (LBO/PDU-session applicability projection).roamingQBCInformation.multipleQFIcontainer.qFIContainerInformation.uetimeZone,DIRECT,T4N-R11 | T4N-R13 | T4N-R16 | T4N-R20,T4N-A37 | T4N-A72
FP-1978,T4-Nchf,Nchf ChargingDataRequest,ChargingDataRequest (LBO/PDU-session applicability projection).roamingQBCInformation.multipleQFIcontainer.qFIContainerInformation.presenceReportingAreaInformation.praId,DIRECT,T4N-R11 | T4N-R16 | T4N-R20,T4N-A37 | T4N-A57
FP-1979,T4-Nchf,Nchf ChargingDataRequest,ChargingDataRequest (LBO/PDU-session applicability projection).roamingQBCInformation.multipleQFIcontainer.qFIContainerInformation.presenceReportingAreaInformation.additionalPraId,DIRECT,T4N-R11 | T4N-R16 | T4N-R20,T4N-A37 | T4N-A57
FP-1980,T4-Nchf,Nchf ChargingDataRequest,ChargingDataRequest (LBO/PDU-session applicability projection).roamingQBCInformation.multipleQFIcontainer.qFIContainerInformation.presenceReportingAreaInformation.presenceState,DIRECT,T4N-R11 | T4N-R16 | T4N-R20,T4N-A37 | T4N-A57
FP-1981,T4-Nchf,Nchf ChargingDataRequest,ChargingDataRequest (LBO/PDU-session applicability projection).roamingQBCInformation.multipleQFIcontainer.qFIContainerInformation.presenceReportingAreaInformation.trackingAreaList.plmnId.mcc,DIRECT,T4N-R11 | T4N-R16 | T4N-R20,T4N-A37 | T4N-A57
FP-1982,T4-Nchf,Nchf ChargingDataRequest,ChargingDataRequest (LBO/PDU-session applicability projection).roamingQBCInformation.multipleQFIcontainer.qFIContainerInformation.presenceReportingAreaInformation.trackingAreaList.plmnId.mnc,DIRECT,T4N-R11 | T4N-R16 | T4N-R20,T4N-A37 | T4N-A57
FP-1983,T4-Nchf,Nchf ChargingDataRequest,ChargingDataRequest (LBO/PDU-session applicability projection).roamingQBCInformation.multipleQFIcontainer.qFIContainerInformation.presenceReportingAreaInformation.trackingAreaList.tac,DIRECT,T4N-R11 | T4N-R16 | T4N-R20,T4N-A37 | T4N-A57
FP-1984,T4-Nchf,Nchf ChargingDataRequest,ChargingDataRequest (LBO/PDU-session applicability projection).roamingQBCInformation.multipleQFIcontainer.qFIContainerInformation.presenceReportingAreaInformation.trackingAreaList.nid,DIRECT,T4N-R11 | T4N-R16 | T4N-R20,T4N-A37 | T4N-A57
FP-1985,T4-Nchf,Nchf ChargingDataRequest,ChargingDataRequest (LBO/PDU-session applicability projection).roamingQBCInformation.multipleQFIcontainer.qFIContainerInformation.presenceReportingAreaInformation.ecgiList.plmnId.mcc,DIRECT,T4N-R11 | T4N-R16 | T4N-R20,T4N-A37 | T4N-A57
FP-1986,T4-Nchf,Nchf ChargingDataRequest,ChargingDataRequest (LBO/PDU-session applicability projection).roamingQBCInformation.multipleQFIcontainer.qFIContainerInformation.presenceReportingAreaInformation.ecgiList.plmnId.mnc,DIRECT,T4N-R11 | T4N-R16 | T4N-R20,T4N-A37 | T4N-A57
FP-1987,T4-Nchf,Nchf ChargingDataRequest,ChargingDataRequest (LBO/PDU-session applicability projection).roamingQBCInformation.multipleQFIcontainer.qFIContainerInformation.presenceReportingAreaInformation.ecgiList.eutraCellId,DIRECT,T4N-R11 | T4N-R16 | T4N-R20,T4N-A37 | T4N-A57
FP-1988,T4-Nchf,Nchf ChargingDataRequest,ChargingDataRequest (LBO/PDU-session applicability projection).roamingQBCInformation.multipleQFIcontainer.qFIContainerInformation.presenceReportingAreaInformation.ecgiList.nid,DIRECT,T4N-R11 | T4N-R16 | T4N-R20,T4N-A37 | T4N-A57
FP-1989,T4-Nchf,Nchf ChargingDataRequest,ChargingDataRequest (LBO/PDU-session applicability projection).roamingQBCInformation.multipleQFIcontainer.qFIContainerInformation.presenceReportingAreaInformation.ncgiList.plmnId.mcc,DIRECT,T4N-R11 | T4N-R16 | T4N-R20,T4N-A37 | T4N-A57
FP-1990,T4-Nchf,Nchf ChargingDataRequest,ChargingDataRequest (LBO/PDU-session applicability projection).roamingQBCInformation.multipleQFIcontainer.qFIContainerInformation.presenceReportingAreaInformation.ncgiList.plmnId.mnc,DIRECT,T4N-R11 | T4N-R16 | T4N-R20,T4N-A37 | T4N-A57
FP-1991,T4-Nchf,Nchf ChargingDataRequest,ChargingDataRequest (LBO/PDU-session applicability projection).roamingQBCInformation.multipleQFIcontainer.qFIContainerInformation.presenceReportingAreaInformation.ncgiList.nrCellId,DIRECT,T4N-R11 | T4N-R16 | T4N-R20,T4N-A37 | T4N-A57
FP-1992,T4-Nchf,Nchf ChargingDataRequest,ChargingDataRequest (LBO/PDU-session applicability projection).roamingQBCInformation.multipleQFIcontainer.qFIContainerInformation.presenceReportingAreaInformation.ncgiList.nid,DIRECT,T4N-R11 | T4N-R16 | T4N-R20,T4N-A37 | T4N-A57
FP-1993,T4-Nchf,Nchf ChargingDataRequest,ChargingDataRequest (LBO/PDU-session applicability projection).roamingQBCInformation.multipleQFIcontainer.qFIContainerInformation.presenceReportingAreaInformation.globalRanNodeIdList.plmnId.mcc,DIRECT,T4N-R11 | T4N-R16 | T4N-R20,T4N-A37 | T4N-A57
FP-1994,T4-Nchf,Nchf ChargingDataRequest,ChargingDataRequest (LBO/PDU-session applicability projection).roamingQBCInformation.multipleQFIcontainer.qFIContainerInformation.presenceReportingAreaInformation.globalRanNodeIdList.plmnId.mnc,DIRECT,T4N-R11 | T4N-R16 | T4N-R20,T4N-A37 | T4N-A57
FP-1995,T4-Nchf,Nchf ChargingDataRequest,ChargingDataRequest (LBO/PDU-session applicability projection).roamingQBCInformation.multipleQFIcontainer.qFIContainerInformation.presenceReportingAreaInformation.globalRanNodeIdList.n3IwfId,DIRECT,T4N-R11 | T4N-R16 | T4N-R20,T4N-A37 | T4N-A57
FP-1996,T4-Nchf,Nchf ChargingDataRequest,ChargingDataRequest (LBO/PDU-session applicability projection).roamingQBCInformation.multipleQFIcontainer.qFIContainerInformation.presenceReportingAreaInformation.globalRanNodeIdList.gNbId.bitLength,DIRECT,T4N-R11 | T4N-R16 | T4N-R20,T4N-A37 | T4N-A57
FP-1997,T4-Nchf,Nchf ChargingDataRequest,ChargingDataRequest (LBO/PDU-session applicability projection).roamingQBCInformation.multipleQFIcontainer.qFIContainerInformation.presenceReportingAreaInformation.globalRanNodeIdList.gNbId.gNBValue,DIRECT,T4N-R11 | T4N-R16 | T4N-R20,T4N-A37 | T4N-A57
FP-1998,T4-Nchf,Nchf ChargingDataRequest,ChargingDataRequest (LBO/PDU-session applicability projection).roamingQBCInformation.multipleQFIcontainer.qFIContainerInformation.presenceReportingAreaInformation.globalRanNodeIdList.ngeNbId,DIRECT,T4N-R11 | T4N-R16 | T4N-R20,T4N-A37 | T4N-A57
FP-1999,T4-Nchf,Nchf ChargingDataRequest,ChargingDataRequest (LBO/PDU-session applicability projection).roamingQBCInformation.multipleQFIcontainer.qFIContainerInformation.presenceReportingAreaInformation.globalRanNodeIdList.wagfId,DIRECT,T4N-R11 | T4N-R16 | T4N-R20,T4N-A37 | T4N-A57
FP-2000,T4-Nchf,Nchf ChargingDataRequest,ChargingDataRequest (LBO/PDU-session applicability projection).roamingQBCInformation.multipleQFIcontainer.qFIContainerInformation.presenceReportingAreaInformation.globalRanNodeIdList.tngfId,DIRECT,T4N-R11 | T4N-R16 | T4N-R20,T4N-A37 | T4N-A57
FP-2001,T4-Nchf,Nchf ChargingDataRequest,ChargingDataRequest (LBO/PDU-session applicability projection).roamingQBCInformation.multipleQFIcontainer.qFIContainerInformation.presenceReportingAreaInformation.globalRanNodeIdList.nid,DIRECT,T4N-R11 | T4N-R16 | T4N-R20,T4N-A37 | T4N-A57
FP-2002,T4-Nchf,Nchf ChargingDataRequest,ChargingDataRequest (LBO/PDU-session applicability projection).roamingQBCInformation.multipleQFIcontainer.qFIContainerInformation.presenceReportingAreaInformation.globalRanNodeIdList.eNbId,DIRECT,T4N-R11 | T4N-R16 | T4N-R20,T4N-A37 | T4N-A57
FP-2003,T4-Nchf,Nchf ChargingDataRequest,ChargingDataRequest (LBO/PDU-session applicability projection).roamingQBCInformation.multipleQFIcontainer.qFIContainerInformation.presenceReportingAreaInformation.globaleNbIdList.plmnId.mcc,DIRECT,T4N-R11 | T4N-R16 | T4N-R20,T4N-A37 | T4N-A57
FP-2004,T4-Nchf,Nchf ChargingDataRequest,ChargingDataRequest (LBO/PDU-session applicability projection).roamingQBCInformation.multipleQFIcontainer.qFIContainerInformation.presenceReportingAreaInformation.globaleNbIdList.plmnId.mnc,DIRECT,T4N-R11 | T4N-R16 | T4N-R20,T4N-A37 | T4N-A57
FP-2005,T4-Nchf,Nchf ChargingDataRequest,ChargingDataRequest (LBO/PDU-session applicability projection).roamingQBCInformation.multipleQFIcontainer.qFIContainerInformation.presenceReportingAreaInformation.globaleNbIdList.n3IwfId,DIRECT,T4N-R11 | T4N-R16 | T4N-R20,T4N-A37 | T4N-A57
FP-2006,T4-Nchf,Nchf ChargingDataRequest,ChargingDataRequest (LBO/PDU-session applicability projection).roamingQBCInformation.multipleQFIcontainer.qFIContainerInformation.presenceReportingAreaInformation.globaleNbIdList.gNbId.bitLength,DIRECT,T4N-R11 | T4N-R16 | T4N-R20,T4N-A37 | T4N-A57
FP-2007,T4-Nchf,Nchf ChargingDataRequest,ChargingDataRequest (LBO/PDU-session applicability projection).roamingQBCInformation.multipleQFIcontainer.qFIContainerInformation.presenceReportingAreaInformation.globaleNbIdList.gNbId.gNBValue,DIRECT,T4N-R11 | T4N-R16 | T4N-R20,T4N-A37 | T4N-A57
FP-2008,T4-Nchf,Nchf ChargingDataRequest,ChargingDataRequest (LBO/PDU-session applicability projection).roamingQBCInformation.multipleQFIcontainer.qFIContainerInformation.presenceReportingAreaInformation.globaleNbIdList.ngeNbId,DIRECT,T4N-R11 | T4N-R16 | T4N-R20,T4N-A37 | T4N-A57
FP-2009,T4-Nchf,Nchf ChargingDataRequest,ChargingDataRequest (LBO/PDU-session applicability projection).roamingQBCInformation.multipleQFIcontainer.qFIContainerInformation.presenceReportingAreaInformation.globaleNbIdList.wagfId,DIRECT,T4N-R11 | T4N-R16 | T4N-R20,T4N-A37 | T4N-A57
FP-2010,T4-Nchf,Nchf ChargingDataRequest,ChargingDataRequest (LBO/PDU-session applicability projection).roamingQBCInformation.multipleQFIcontainer.qFIContainerInformation.presenceReportingAreaInformation.globaleNbIdList.tngfId,DIRECT,T4N-R11 | T4N-R16 | T4N-R20,T4N-A37 | T4N-A57
FP-2011,T4-Nchf,Nchf ChargingDataRequest,ChargingDataRequest (LBO/PDU-session applicability projection).roamingQBCInformation.multipleQFIcontainer.qFIContainerInformation.presenceReportingAreaInformation.globaleNbIdList.nid,DIRECT,T4N-R11 | T4N-R16 | T4N-R20,T4N-A37 | T4N-A57
FP-2012,T4-Nchf,Nchf ChargingDataRequest,ChargingDataRequest (LBO/PDU-session applicability projection).roamingQBCInformation.multipleQFIcontainer.qFIContainerInformation.presenceReportingAreaInformation.globaleNbIdList.eNbId,DIRECT,T4N-R11 | T4N-R16 | T4N-R20,T4N-A37 | T4N-A57
FP-2013,T4-Nchf,Nchf ChargingDataRequest,ChargingDataRequest (LBO/PDU-session applicability projection).roamingQBCInformation.multipleQFIcontainer.qFIContainerInformation.rATType,DIRECT,T4N-R11 | T4N-R20,T4N-A37
FP-2014,T4-Nchf,Nchf ChargingDataRequest,ChargingDataRequest (LBO/PDU-session applicability projection).roamingQBCInformation.multipleQFIcontainer.qFIContainerInformation.servingNetworkFunctionID.servingNetworkFunctionInformation.nFName,DIRECT,T4N-R04 | T4N-R11 | T4N-R14 | T4N-R20,T4N-A37 | T4N-A52
FP-2015,T4-Nchf,Nchf ChargingDataRequest,ChargingDataRequest (LBO/PDU-session applicability projection).roamingQBCInformation.multipleQFIcontainer.qFIContainerInformation.servingNetworkFunctionID.servingNetworkFunctionInformation.nFIPv4Address,DIRECT,T4N-R04 | T4N-R11 | T4N-R14 | T4N-R20,T4N-A37 | T4N-A52
FP-2016,T4-Nchf,Nchf ChargingDataRequest,ChargingDataRequest (LBO/PDU-session applicability projection).roamingQBCInformation.multipleQFIcontainer.qFIContainerInformation.servingNetworkFunctionID.servingNetworkFunctionInformation.nFIPv6Address,DIRECT,T4N-R04 | T4N-R11 | T4N-R14 | T4N-R20,T4N-A37 | T4N-A52
FP-2017,T4-Nchf,Nchf ChargingDataRequest,ChargingDataRequest (LBO/PDU-session applicability projection).roamingQBCInformation.multipleQFIcontainer.qFIContainerInformation.servingNetworkFunctionID.servingNetworkFunctionInformation.nFPLMNID.mcc,DIRECT,T4N-R04 | T4N-R11 | T4N-R14 | T4N-R20,T4N-A37 | T4N-A52
FP-2018,T4-Nchf,Nchf ChargingDataRequest,ChargingDataRequest (LBO/PDU-session applicability projection).roamingQBCInformation.multipleQFIcontainer.qFIContainerInformation.servingNetworkFunctionID.servingNetworkFunctionInformation.nFPLMNID.mnc,DIRECT,T4N-R04 | T4N-R11 | T4N-R14 | T4N-R20,T4N-A37 | T4N-A52
FP-2019,T4-Nchf,Nchf ChargingDataRequest,ChargingDataRequest (LBO/PDU-session applicability projection).roamingQBCInformation.multipleQFIcontainer.qFIContainerInformation.servingNetworkFunctionID.servingNetworkFunctionInformation.nodeFunctionality,DIRECT,T4N-R04 | T4N-R11 | T4N-R14 | T4N-R20,T4N-A37 | T4N-A52
FP-2020,T4-Nchf,Nchf ChargingDataRequest,ChargingDataRequest (LBO/PDU-session applicability projection).roamingQBCInformation.multipleQFIcontainer.qFIContainerInformation.servingNetworkFunctionID.servingNetworkFunctionInformation.nFFqdn,DIRECT,T4N-R04 | T4N-R11 | T4N-R14 | T4N-R20,T4N-A37 | T4N-A52
FP-2021,T4-Nchf,Nchf ChargingDataRequest,ChargingDataRequest (LBO/PDU-session applicability projection).roamingQBCInformation.multipleQFIcontainer.qFIContainerInformation.servingNetworkFunctionID.aMFId,DIRECT,T4N-R04 | T4N-R11 | T4N-R14 | T4N-R20,T4N-A37 | T4N-A52
FP-2022,T4-Nchf,Nchf ChargingDataRequest,ChargingDataRequest (LBO/PDU-session applicability projection).roamingQBCInformation.multipleQFIcontainer.qFIContainerInformation.3gppPSDataOffStatus,DIRECT,T4N-R11 | T4N-R14 | T4N-R20,T4N-A37 | T4N-A63
FP-2023,T4-Nchf,Nchf ChargingDataRequest,ChargingDataRequest (LBO/PDU-session applicability projection).roamingQBCInformation.multipleQFIcontainer.qFIContainerInformation.3gppChargingId,DIRECT,T4N-R11 | T4N-R20 | T4N-R24,T4N-A03 | T4N-A37 | T4N-A45
FP-2024,T4-Nchf,Nchf ChargingDataRequest,ChargingDataRequest (LBO/PDU-session applicability projection).roamingQBCInformation.multipleQFIcontainer.qFIContainerInformation.diagnostics,DIRECT,T4N-R11 | T4N-R20,T4N-A37
FP-2025,T4-Nchf,Nchf ChargingDataRequest,ChargingDataRequest (LBO/PDU-session applicability projection).roamingQBCInformation.multipleQFIcontainer.qFIContainerInformation.enhancedDiagnostics,DIRECT,T4N-R11 | T4N-R20,T4N-A37
FP-2026,T4-Nchf,Nchf ChargingDataRequest,ChargingDataRequest (LBO/PDU-session applicability projection).roamingQBCInformation.uPFID,DIRECT,T4N-R04,T4N-A12
FP-2027,T4-Nchf,Nchf ChargingDataRequest,ChargingDataRequest (LBO/PDU-session applicability projection).roamingQBCInformation.roamingChargingProfile.triggers.triggerType,DIRECT,T4N-R09 | T4N-R12,T4N-A29 | T4N-A46
FP-2028,T4-Nchf,Nchf ChargingDataRequest,ChargingDataRequest (LBO/PDU-session applicability projection).roamingQBCInformation.roamingChargingProfile.triggers.triggerCategory,DIRECT,T4N-R09 | T4N-R12,T4N-A29 | T4N-A46
FP-2029,T4-Nchf,Nchf ChargingDataRequest,ChargingDataRequest (LBO/PDU-session applicability projection).roamingQBCInformation.roamingChargingProfile.triggers.timeLimit,DIRECT,T4N-R09 | T4N-R12,T4N-A30 | T4N-A46
FP-2030,T4-Nchf,Nchf ChargingDataRequest,ChargingDataRequest (LBO/PDU-session applicability projection).roamingQBCInformation.roamingChargingProfile.triggers.volumeLimit,DIRECT,T4N-R09 | T4N-R12 | T4N-R21,T4N-A30 | T4N-A31 | T4N-A46
FP-2031,T4-Nchf,Nchf ChargingDataRequest,ChargingDataRequest (LBO/PDU-session applicability projection).roamingQBCInformation.roamingChargingProfile.triggers.volumeLimit64,DIRECT,T4N-R09 | T4N-R12 | T4N-R21,T4N-A30 | T4N-A31 | T4N-A46
FP-2032,T4-Nchf,Nchf ChargingDataRequest,ChargingDataRequest (LBO/PDU-session applicability projection).roamingQBCInformation.roamingChargingProfile.triggers.eventLimit,DIRECT,T4N-R09 | T4N-R12,T4N-A30 | T4N-A46
FP-2033,T4-Nchf,Nchf ChargingDataRequest,ChargingDataRequest (LBO/PDU-session applicability projection).roamingQBCInformation.roamingChargingProfile.triggers.maxNumberOfccc,DIRECT,T4N-R09 | T4N-R12,T4N-A30 | T4N-A46
FP-2034,T4-Nchf,Nchf ChargingDataRequest,ChargingDataRequest (LBO/PDU-session applicability projection).roamingQBCInformation.roamingChargingProfile.triggers.tariffTimeChange,DIRECT,T4N-R09 | T4N-R12 | T4N-R13,T4N-A32 | T4N-A46
FP-2035,T4-Nchf,Nchf ChargingDataRequest,ChargingDataRequest (LBO/PDU-session applicability projection).roamingQBCInformation.roamingChargingProfile.partialRecordMethod,DIRECT,T4N-R12,T4N-A47
FP-2036,T4-Nchf,Nchf ChargingDataRequest,ChargingDataRequest (LBO/PDU-session applicability projection).multipleUnitUsage.ratingGroup,DIRECT,T4N-R05 | T4N-R20,T4N-A13 | T4N-A14 | T4N-A16
FP-2037,T4-Nchf,Nchf ChargingDataRequest,ChargingDataRequest (LBO/PDU-session applicability projection).multipleUnitUsage.requestedUnit.time,DIRECT,T4N-R05 | T4N-R06 | T4N-R08 | T4N-R10 | T4N-R20 | T4N-R21,T4N-A13 | T4N-A28 | T4N-A33 | T4N-A34
FP-2038,T4-Nchf,Nchf ChargingDataRequest,ChargingDataRequest (LBO/PDU-session applicability projection).multipleUnitUsage.requestedUnit.totalVolume,DIRECT,T4N-R05 | T4N-R06 | T4N-R08 | T4N-R10 | T4N-R20 | T4N-R21,T4N-A13 | T4N-A28 | T4N-A33 | T4N-A34
FP-2039,T4-Nchf,Nchf ChargingDataRequest,ChargingDataRequest (LBO/PDU-session applicability projection).multipleUnitUsage.requestedUnit.uplinkVolume,DIRECT,T4N-R05 | T4N-R06 | T4N-R08 | T4N-R10 | T4N-R20 | T4N-R21,T4N-A13 | T4N-A28 | T4N-A33 | T4N-A34
FP-2040,T4-Nchf,Nchf ChargingDataRequest,ChargingDataRequest (LBO/PDU-session applicability projection).multipleUnitUsage.requestedUnit.downlinkVolume,DIRECT,T4N-R05 | T4N-R06 | T4N-R08 | T4N-R10 | T4N-R20 | T4N-R21,T4N-A13 | T4N-A28 | T4N-A33 | T4N-A34
FP-2041,T4-Nchf,Nchf ChargingDataRequest,ChargingDataRequest (LBO/PDU-session applicability projection).multipleUnitUsage.requestedUnit.serviceSpecificUnits,DIRECT,T4N-R05 | T4N-R06 | T4N-R08 | T4N-R10 | T4N-R20 | T4N-R21,T4N-A13 | T4N-A28 | T4N-A33 | T4N-A34
FP-2042,T4-Nchf,Nchf ChargingDataRequest,ChargingDataRequest (LBO/PDU-session applicability projection).multipleUnitUsage.uPFID,DIRECT,T4N-R04 | T4N-R05 | T4N-R20,T4N-A12 | T4N-A13
FP-2043,T4-Nchf,Nchf ChargingDataRequest,ChargingDataRequest (LBO/PDU-session applicability projection).multipleUnitUsage.multihomedPDUAddress.pduIPv4Address,DIRECT,T4N-R05 | T4N-R14 | T4N-R19 | T4N-R20,T4N-A13 | T4N-A36
FP-2044,T4-Nchf,Nchf ChargingDataRequest,ChargingDataRequest (LBO/PDU-session applicability projection).multipleUnitUsage.multihomedPDUAddress.pduIPv6AddresswithPrefix,DIRECT,T4N-R05 | T4N-R14 | T4N-R19 | T4N-R20,T4N-A13 | T4N-A36
FP-2045,T4-Nchf,Nchf ChargingDataRequest,ChargingDataRequest (LBO/PDU-session applicability projection).multipleUnitUsage.multihomedPDUAddress.pduAddressprefixlength,DIRECT,T4N-R05 | T4N-R14 | T4N-R19 | T4N-R20,T4N-A13 | T4N-A36
FP-2046,T4-Nchf,Nchf ChargingDataRequest,ChargingDataRequest (LBO/PDU-session applicability projection).multipleUnitUsage.multihomedPDUAddress.iPv4dynamicAddressFlag,DIRECT,T4N-R05 | T4N-R14 | T4N-R19 | T4N-R20,T4N-A13 | T4N-A36
FP-2047,T4-Nchf,Nchf ChargingDataRequest,ChargingDataRequest (LBO/PDU-session applicability projection).multipleUnitUsage.multihomedPDUAddress.iPv6dynamicPrefixFlag,DIRECT,T4N-R05 | T4N-R14 | T4N-R19 | T4N-R20,T4N-A13 | T4N-A36
FP-2048,T4-Nchf,Nchf ChargingDataRequest,ChargingDataRequest (LBO/PDU-session applicability projection).multipleUnitUsage.multihomedPDUAddress.addIpv6AddrPrefixes,DIRECT,T4N-R05 | T4N-R14 | T4N-R19 | T4N-R20,T4N-A13 | T4N-A36
FP-2049,T4-Nchf,Nchf ChargingDataRequest,ChargingDataRequest (LBO/PDU-session applicability projection).multipleUnitUsage.multihomedPDUAddress.addIpv6AddrPrefixList,DIRECT,T4N-R05 | T4N-R14 | T4N-R19 | T4N-R20,T4N-A13 | T4N-A36
FP-2050,T4-Nchf,Nchf ChargingDataRequest,ChargingDataRequest (LBO/PDU-session applicability projection).multipleUnitUsage.usedUnitContainer.serviceId,DIRECT,T4N-R05 | T4N-R08 | T4N-R10 | T4N-R20 | T4N-R21,T4N-A13 | T4N-A15 | T4N-A16 | T4N-A17 | T4N-A34
FP-2051,T4-Nchf,Nchf ChargingDataRequest,ChargingDataRequest (LBO/PDU-session applicability projection).multipleUnitUsage.usedUnitContainer.quotaManagementIndicator,DIRECT,T4N-R05 | T4N-R08 | T4N-R10 | T4N-R20 | T4N-R21,T4N-A13 | T4N-A17 | T4N-A34 | T4N-A35
FP-2052,T4-Nchf,Nchf ChargingDataRequest,ChargingDataRequest (LBO/PDU-session applicability projection).multipleUnitUsage.usedUnitContainer.triggers.triggerType,DIRECT,T4N-R05 | T4N-R08 | T4N-R09 | T4N-R10 | T4N-R20 | T4N-R21,T4N-A13 | T4N-A17 | T4N-A29 | T4N-A34
FP-2053,T4-Nchf,Nchf ChargingDataRequest,ChargingDataRequest (LBO/PDU-session applicability projection).multipleUnitUsage.usedUnitContainer.triggers.triggerCategory,DIRECT,T4N-R05 | T4N-R08 | T4N-R09 | T4N-R10 | T4N-R20 | T4N-R21,T4N-A13 | T4N-A17 | T4N-A29 | T4N-A34
FP-2054,T4-Nchf,Nchf ChargingDataRequest,ChargingDataRequest (LBO/PDU-session applicability projection).multipleUnitUsage.usedUnitContainer.triggers.timeLimit,DIRECT,T4N-R05 | T4N-R08 | T4N-R09 | T4N-R10 | T4N-R20 | T4N-R21,T4N-A13 | T4N-A17 | T4N-A30 | T4N-A34
FP-2055,T4-Nchf,Nchf ChargingDataRequest,ChargingDataRequest (LBO/PDU-session applicability projection).multipleUnitUsage.usedUnitContainer.triggers.volumeLimit,DIRECT,T4N-R05 | T4N-R08 | T4N-R09 | T4N-R10 | T4N-R20 | T4N-R21,T4N-A13 | T4N-A17 | T4N-A30 | T4N-A31 | T4N-A34
FP-2056,T4-Nchf,Nchf ChargingDataRequest,ChargingDataRequest (LBO/PDU-session applicability projection).multipleUnitUsage.usedUnitContainer.triggers.volumeLimit64,DIRECT,T4N-R05 | T4N-R08 | T4N-R09 | T4N-R10 | T4N-R20 | T4N-R21,T4N-A13 | T4N-A17 | T4N-A30 | T4N-A31 | T4N-A34
FP-2057,T4-Nchf,Nchf ChargingDataRequest,ChargingDataRequest (LBO/PDU-session applicability projection).multipleUnitUsage.usedUnitContainer.triggers.eventLimit,DIRECT,T4N-R05 | T4N-R08 | T4N-R09 | T4N-R10 | T4N-R20 | T4N-R21,T4N-A13 | T4N-A17 | T4N-A30 | T4N-A34
FP-2058,T4-Nchf,Nchf ChargingDataRequest,ChargingDataRequest (LBO/PDU-session applicability projection).multipleUnitUsage.usedUnitContainer.triggers.maxNumberOfccc,DIRECT,T4N-R05 | T4N-R08 | T4N-R09 | T4N-R10 | T4N-R20 | T4N-R21,T4N-A13 | T4N-A17 | T4N-A30 | T4N-A34
FP-2059,T4-Nchf,Nchf ChargingDataRequest,ChargingDataRequest (LBO/PDU-session applicability projection).multipleUnitUsage.usedUnitContainer.triggers.tariffTimeChange,DIRECT,T4N-R05 | T4N-R08 | T4N-R09 | T4N-R10 | T4N-R13 | T4N-R20 | T4N-R21,T4N-A13 | T4N-A17 | T4N-A32 | T4N-A34
FP-2060,T4-Nchf,Nchf ChargingDataRequest,ChargingDataRequest (LBO/PDU-session applicability projection).multipleUnitUsage.usedUnitContainer.triggerTimestamp,DIRECT,T4N-R05 | T4N-R08 | T4N-R09 | T4N-R10 | T4N-R13 | T4N-R20 | T4N-R21,T4N-A13 | T4N-A17 | T4N-A32 | T4N-A34
FP-2061,T4-Nchf,Nchf ChargingDataRequest,ChargingDataRequest (LBO/PDU-session applicability projection).multipleUnitUsage.usedUnitContainer.time,DIRECT,T4N-R05 | T4N-R06 | T4N-R07 | T4N-R08 | T4N-R10 | T4N-R20 | T4N-R21,T4N-A13 | T4N-A17 | T4N-A22 | T4N-A25 | T4N-A27 | T4N-A28 | T4N-A34
FP-2062,T4-Nchf,Nchf ChargingDataRequest,ChargingDataRequest (LBO/PDU-session applicability projection).multipleUnitUsage.usedUnitContainer.totalVolume,DIRECT,T4N-R05 | T4N-R06 | T4N-R07 | T4N-R08 | T4N-R10 | T4N-R20 | T4N-R21,T4N-A13 | T4N-A17 | T4N-A18 | T4N-A20 | T4N-A25 | T4N-A27 | T4N-A28 | T4N-A34
FP-2063,T4-Nchf,Nchf ChargingDataRequest,ChargingDataRequest (LBO/PDU-session applicability projection).multipleUnitUsage.usedUnitContainer.uplinkVolume,DIRECT,T4N-R05 | T4N-R06 | T4N-R07 | T4N-R08 | T4N-R10 | T4N-R20 | T4N-R21,T4N-A13 | T4N-A17 | T4N-A18 | T4N-A19 | T4N-A20 | T4N-A21 | T4N-A25 | T4N-A27 | T4N-A28 | T4N-A34
FP-2064,T4-Nchf,Nchf ChargingDataRequest,ChargingDataRequest (LBO/PDU-session applicability projection).multipleUnitUsage.usedUnitContainer.downlinkVolume,DIRECT,T4N-R05 | T4N-R06 | T4N-R07 | T4N-R08 | T4N-R10 | T4N-R20 | T4N-R21,T4N-A13 | T4N-A17 | T4N-A18 | T4N-A19 | T4N-A20 | T4N-A21 | T4N-A25 | T4N-A27 | T4N-A28 | T4N-A34
FP-2065,T4-Nchf,Nchf ChargingDataRequest,ChargingDataRequest (LBO/PDU-session applicability projection).multipleUnitUsage.usedUnitContainer.serviceSpecificUnits,DIRECT,T4N-R05 | T4N-R06 | T4N-R07 | T4N-R08 | T4N-R10 | T4N-R20 | T4N-R21,T4N-A13 | T4N-A17 | T4N-A23 | T4N-A25 | T4N-A27 | T4N-A28 | T4N-A34
FP-2066,T4-Nchf,Nchf ChargingDataRequest,ChargingDataRequest (LBO/PDU-session applicability projection).multipleUnitUsage.usedUnitContainer.eventTimeStamps,DIRECT,T4N-R05 | T4N-R07 | T4N-R08 | T4N-R10 | T4N-R13 | T4N-R20 | T4N-R21,T4N-A13 | T4N-A17 | T4N-A24 | T4N-A25 | T4N-A34
FP-2067,T4-Nchf,Nchf ChargingDataRequest,ChargingDataRequest (LBO/PDU-session applicability projection).multipleUnitUsage.usedUnitContainer.localSequenceNumber,DIRECT,T4N-R05 | T4N-R06 | T4N-R08 | T4N-R10 | T4N-R20 | T4N-R21,T4N-A13 | T4N-A17 | T4N-A26 | T4N-A27 | T4N-A28 | T4N-A34
FP-2068,T4-Nchf,Nchf ChargingDataRequest,ChargingDataRequest (LBO/PDU-session applicability projection).multipleUnitUsage.usedUnitContainer.pDUContainerInformation.timeofFirstUsage,DIRECT,T4N-R05 | T4N-R08 | T4N-R10 | T4N-R13 | T4N-R20 | T4N-R21 | T4N-R23,T4N-A13 | T4N-A17 | T4N-A34 | T4N-A59
FP-2069,T4-Nchf,Nchf ChargingDataRequest,ChargingDataRequest (LBO/PDU-session applicability projection).multipleUnitUsage.usedUnitContainer.pDUContainerInformation.timeofLastUsage,DIRECT,T4N-R05 | T4N-R08 | T4N-R10 | T4N-R13 | T4N-R20 | T4N-R21 | T4N-R23,T4N-A13 | T4N-A17 | T4N-A34 | T4N-A59
FP-2070,T4-Nchf,Nchf ChargingDataRequest,ChargingDataRequest (LBO/PDU-session applicability projection).multipleUnitUsage.usedUnitContainer.pDUContainerInformation.qoSInformation.qosId,DIRECT,T4N-R05 | T4N-R08 | T4N-R10 | T4N-R17 | T4N-R20 | T4N-R21,T4N-A13 | T4N-A17 | T4N-A34 | T4N-A60
FP-2071,T4-Nchf,Nchf ChargingDataRequest,ChargingDataRequest (LBO/PDU-session applicability projection).multipleUnitUsage.usedUnitContainer.pDUContainerInformation.qoSInformation.5qi,DIRECT,T4N-R05 | T4N-R08 | T4N-R10 | T4N-R17 | T4N-R20 | T4N-R21,T4N-A13 | T4N-A17 | T4N-A34 | T4N-A60
FP-2072,T4-Nchf,Nchf ChargingDataRequest,ChargingDataRequest (LBO/PDU-session applicability projection).multipleUnitUsage.usedUnitContainer.pDUContainerInformation.qoSInformation.maxbrUl,DIRECT,T4N-R05 | T4N-R08 | T4N-R10 | T4N-R17 | T4N-R20 | T4N-R21,T4N-A13 | T4N-A17 | T4N-A34 | T4N-A60
FP-2073,T4-Nchf,Nchf ChargingDataRequest,ChargingDataRequest (LBO/PDU-session applicability projection).multipleUnitUsage.usedUnitContainer.pDUContainerInformation.qoSInformation.maxbrDl,DIRECT,T4N-R05 | T4N-R08 | T4N-R10 | T4N-R17 | T4N-R20 | T4N-R21,T4N-A13 | T4N-A17 | T4N-A34 | T4N-A60
FP-2074,T4-Nchf,Nchf ChargingDataRequest,ChargingDataRequest (LBO/PDU-session applicability projection).multipleUnitUsage.usedUnitContainer.pDUContainerInformation.qoSInformation.gbrUl,DIRECT,T4N-R05 | T4N-R08 | T4N-R10 | T4N-R17 | T4N-R20 | T4N-R21,T4N-A13 | T4N-A17 | T4N-A34 | T4N-A60
FP-2075,T4-Nchf,Nchf ChargingDataRequest,ChargingDataRequest (LBO/PDU-session applicability projection).multipleUnitUsage.usedUnitContainer.pDUContainerInformation.qoSInformation.gbrDl,DIRECT,T4N-R05 | T4N-R08 | T4N-R10 | T4N-R17 | T4N-R20 | T4N-R21,T4N-A13 | T4N-A17 | T4N-A34 | T4N-A60
FP-2076,T4-Nchf,Nchf ChargingDataRequest,ChargingDataRequest (LBO/PDU-session applicability projection).multipleUnitUsage.usedUnitContainer.pDUContainerInformation.qoSInformation.arp.priorityLevel,DIRECT,T4N-R05 | T4N-R08 | T4N-R10 | T4N-R17 | T4N-R20 | T4N-R21,T4N-A13 | T4N-A17 | T4N-A34 | T4N-A60
FP-2077,T4-Nchf,Nchf ChargingDataRequest,ChargingDataRequest (LBO/PDU-session applicability projection).multipleUnitUsage.usedUnitContainer.pDUContainerInformation.qoSInformation.arp.preemptCap,DIRECT,T4N-R05 | T4N-R08 | T4N-R10 | T4N-R17 | T4N-R20 | T4N-R21,T4N-A13 | T4N-A17 | T4N-A34 | T4N-A60
FP-2078,T4-Nchf,Nchf ChargingDataRequest,ChargingDataRequest (LBO/PDU-session applicability projection).multipleUnitUsage.usedUnitContainer.pDUContainerInformation.qoSInformation.arp.preemptVuln,DIRECT,T4N-R05 | T4N-R08 | T4N-R10 | T4N-R17 | T4N-R20 | T4N-R21,T4N-A13 | T4N-A17 | T4N-A34 | T4N-A60
FP-2079,T4-Nchf,Nchf ChargingDataRequest,ChargingDataRequest (LBO/PDU-session applicability projection).multipleUnitUsage.usedUnitContainer.pDUContainerInformation.qoSInformation.qnc,DIRECT,T4N-R05 | T4N-R08 | T4N-R10 | T4N-R17 | T4N-R20 | T4N-R21,T4N-A13 | T4N-A17 | T4N-A34 | T4N-A60
FP-2080,T4-Nchf,Nchf ChargingDataRequest,ChargingDataRequest (LBO/PDU-session applicability projection).multipleUnitUsage.usedUnitContainer.pDUContainerInformation.qoSInformation.priorityLevel,DIRECT,T4N-R05 | T4N-R08 | T4N-R10 | T4N-R17 | T4N-R20 | T4N-R21,T4N-A13 | T4N-A17 | T4N-A34 | T4N-A60
FP-2081,T4-Nchf,Nchf ChargingDataRequest,ChargingDataRequest (LBO/PDU-session applicability projection).multipleUnitUsage.usedUnitContainer.pDUContainerInformation.qoSInformation.averWindow,DIRECT,T4N-R05 | T4N-R08 | T4N-R10 | T4N-R17 | T4N-R20 | T4N-R21,T4N-A13 | T4N-A17 | T4N-A34 | T4N-A60
FP-2082,T4-Nchf,Nchf ChargingDataRequest,ChargingDataRequest (LBO/PDU-session applicability projection).multipleUnitUsage.usedUnitContainer.pDUContainerInformation.qoSInformation.maxDataBurstVol,DIRECT,T4N-R05 | T4N-R08 | T4N-R10 | T4N-R17 | T4N-R20 | T4N-R21,T4N-A13 | T4N-A17 | T4N-A34 | T4N-A60
FP-2083,T4-Nchf,Nchf ChargingDataRequest,ChargingDataRequest (LBO/PDU-session applicability projection).multipleUnitUsage.usedUnitContainer.pDUContainerInformation.qoSInformation.reflectiveQos,DIRECT,T4N-R05 | T4N-R08 | T4N-R10 | T4N-R17 | T4N-R20 | T4N-R21,T4N-A13 | T4N-A17 | T4N-A34 | T4N-A60
FP-2084,T4-Nchf,Nchf ChargingDataRequest,ChargingDataRequest (LBO/PDU-session applicability projection).multipleUnitUsage.usedUnitContainer.pDUContainerInformation.qoSInformation.sharingKeyDl,DIRECT,T4N-R05 | T4N-R08 | T4N-R10 | T4N-R17 | T4N-R20 | T4N-R21,T4N-A13 | T4N-A17 | T4N-A34 | T4N-A60
FP-2085,T4-Nchf,Nchf ChargingDataRequest,ChargingDataRequest (LBO/PDU-session applicability projection).multipleUnitUsage.usedUnitContainer.pDUContainerInformation.qoSInformation.sharingKeyUl,DIRECT,T4N-R05 | T4N-R08 | T4N-R10 | T4N-R17 | T4N-R20 | T4N-R21,T4N-A13 | T4N-A17 | T4N-A34 | T4N-A60
FP-2086,T4-Nchf,Nchf ChargingDataRequest,ChargingDataRequest (LBO/PDU-session applicability projection).multipleUnitUsage.usedUnitContainer.pDUContainerInformation.qoSInformation.maxPacketLossRateDl,DIRECT,T4N-R05 | T4N-R08 | T4N-R10 | T4N-R17 | T4N-R20 | T4N-R21,T4N-A13 | T4N-A17 | T4N-A34 | T4N-A60
FP-2087,T4-Nchf,Nchf ChargingDataRequest,ChargingDataRequest (LBO/PDU-session applicability projection).multipleUnitUsage.usedUnitContainer.pDUContainerInformation.qoSInformation.maxPacketLossRateUl,DIRECT,T4N-R05 | T4N-R08 | T4N-R10 | T4N-R17 | T4N-R20 | T4N-R21,T4N-A13 | T4N-A17 | T4N-A34 | T4N-A60
FP-2088,T4-Nchf,Nchf ChargingDataRequest,ChargingDataRequest (LBO/PDU-session applicability projection).multipleUnitUsage.usedUnitContainer.pDUContainerInformation.qoSInformation.defQosFlowIndication,DIRECT,T4N-R05 | T4N-R08 | T4N-R10 | T4N-R17 | T4N-R20 | T4N-R21,T4N-A13 | T4N-A17 | T4N-A34 | T4N-A60
FP-2089,T4-Nchf,Nchf ChargingDataRequest,ChargingDataRequest (LBO/PDU-session applicability projection).multipleUnitUsage.usedUnitContainer.pDUContainerInformation.qoSInformation.extMaxDataBurstVol,DIRECT,T4N-R05 | T4N-R08 | T4N-R10 | T4N-R17 | T4N-R20 | T4N-R21,T4N-A13 | T4N-A17 | T4N-A34 | T4N-A60
FP-2090,T4-Nchf,Nchf ChargingDataRequest,ChargingDataRequest (LBO/PDU-session applicability projection).multipleUnitUsage.usedUnitContainer.pDUContainerInformation.qoSInformation.packetDelayBudget,DIRECT,T4N-R05 | T4N-R08 | T4N-R10 | T4N-R17 | T4N-R20 | T4N-R21,T4N-A13 | T4N-A17 | T4N-A34 | T4N-A60
FP-2091,T4-Nchf,Nchf ChargingDataRequest,ChargingDataRequest (LBO/PDU-session applicability projection).multipleUnitUsage.usedUnitContainer.pDUContainerInformation.qoSInformation.packetErrorRate,DIRECT,T4N-R05 | T4N-R08 | T4N-R10 | T4N-R17 | T4N-R20 | T4N-R21,T4N-A13 | T4N-A17 | T4N-A34 | T4N-A60
FP-2092,T4-Nchf,Nchf ChargingDataRequest,ChargingDataRequest (LBO/PDU-session applicability projection).multipleUnitUsage.usedUnitContainer.pDUContainerInformation.qoSCharacteristics.5qi,DIRECT,T4N-R05 | T4N-R08 | T4N-R10 | T4N-R17 | T4N-R20 | T4N-R21,T4N-A13 | T4N-A17 | T4N-A34 | T4N-A60
FP-2093,T4-Nchf,Nchf ChargingDataRequest,ChargingDataRequest (LBO/PDU-session applicability projection).multipleUnitUsage.usedUnitContainer.pDUContainerInformation.qoSCharacteristics.resourceType,DIRECT,T4N-R05 | T4N-R08 | T4N-R10 | T4N-R17 | T4N-R20 | T4N-R21,T4N-A13 | T4N-A17 | T4N-A34 | T4N-A60
FP-2094,T4-Nchf,Nchf ChargingDataRequest,ChargingDataRequest (LBO/PDU-session applicability projection).multipleUnitUsage.usedUnitContainer.pDUContainerInformation.qoSCharacteristics.priorityLevel,DIRECT,T4N-R05 | T4N-R08 | T4N-R10 | T4N-R17 | T4N-R20 | T4N-R21,T4N-A13 | T4N-A17 | T4N-A34 | T4N-A60
FP-2095,T4-Nchf,Nchf ChargingDataRequest,ChargingDataRequest (LBO/PDU-session applicability projection).multipleUnitUsage.usedUnitContainer.pDUContainerInformation.qoSCharacteristics.packetDelayBudget,DIRECT,T4N-R05 | T4N-R08 | T4N-R10 | T4N-R17 | T4N-R20 | T4N-R21,T4N-A13 | T4N-A17 | T4N-A34 | T4N-A60
FP-2096,T4-Nchf,Nchf ChargingDataRequest,ChargingDataRequest (LBO/PDU-session applicability projection).multipleUnitUsage.usedUnitContainer.pDUContainerInformation.qoSCharacteristics.packetErrorRate,DIRECT,T4N-R05 | T4N-R08 | T4N-R10 | T4N-R17 | T4N-R20 | T4N-R21,T4N-A13 | T4N-A17 | T4N-A34 | T4N-A60
FP-2097,T4-Nchf,Nchf ChargingDataRequest,ChargingDataRequest (LBO/PDU-session applicability projection).multipleUnitUsage.usedUnitContainer.pDUContainerInformation.qoSCharacteristics.averagingWindow,DIRECT,T4N-R05 | T4N-R08 | T4N-R10 | T4N-R17 | T4N-R20 | T4N-R21,T4N-A13 | T4N-A17 | T4N-A34 | T4N-A60
FP-2098,T4-Nchf,Nchf ChargingDataRequest,ChargingDataRequest (LBO/PDU-session applicability projection).multipleUnitUsage.usedUnitContainer.pDUContainerInformation.qoSCharacteristics.maxDataBurstVol,DIRECT,T4N-R05 | T4N-R08 | T4N-R10 | T4N-R17 | T4N-R20 | T4N-R21,T4N-A13 | T4N-A17 | T4N-A34 | T4N-A60
FP-2099,T4-Nchf,Nchf ChargingDataRequest,ChargingDataRequest (LBO/PDU-session applicability projection).multipleUnitUsage.usedUnitContainer.pDUContainerInformation.qoSCharacteristics.extMaxDataBurstVol,DIRECT,T4N-R05 | T4N-R08 | T4N-R10 | T4N-R17 | T4N-R20 | T4N-R21,T4N-A13 | T4N-A17 | T4N-A34 | T4N-A60
FP-2100,T4-Nchf,Nchf ChargingDataRequest,ChargingDataRequest (LBO/PDU-session applicability projection).multipleUnitUsage.usedUnitContainer.pDUContainerInformation.afChargingIdentifier,DIRECT,T4N-R05 | T4N-R08 | T4N-R10 | T4N-R18 | T4N-R20 | T4N-R21,T4N-A13 | T4N-A17 | T4N-A34 | T4N-A62
FP-2101,T4-Nchf,Nchf ChargingDataRequest,ChargingDataRequest (LBO/PDU-session applicability projection).multipleUnitUsage.usedUnitContainer.pDUContainerInformation.afChargingIdString,DIRECT,T4N-R05 | T4N-R08 | T4N-R10 | T4N-R18 | T4N-R20 | T4N-R21,T4N-A13 | T4N-A17 | T4N-A34 | T4N-A62
FP-2102,T4-Nchf,Nchf ChargingDataRequest,ChargingDataRequest (LBO/PDU-session applicability projection).multipleUnitUsage.usedUnitContainer.pDUContainerInformation.userLocationInformation.eutraLocation.tai.plmnId.mcc,DIRECT,T4N-R05 | T4N-R08 | T4N-R10 | T4N-R16 | T4N-R20 | T4N-R21,T4N-A13 | T4N-A17 | T4N-A34 | T4N-A55 | T4N-A70
FP-2103,T4-Nchf,Nchf ChargingDataRequest,ChargingDataRequest (LBO/PDU-session applicability projection).multipleUnitUsage.usedUnitContainer.pDUContainerInformation.userLocationInformation.eutraLocation.tai.plmnId.mnc,DIRECT,T4N-R05 | T4N-R08 | T4N-R10 | T4N-R16 | T4N-R20 | T4N-R21,T4N-A13 | T4N-A17 | T4N-A34 | T4N-A55 | T4N-A70
FP-2104,T4-Nchf,Nchf ChargingDataRequest,ChargingDataRequest (LBO/PDU-session applicability projection).multipleUnitUsage.usedUnitContainer.pDUContainerInformation.userLocationInformation.eutraLocation.tai.tac,DIRECT,T4N-R05 | T4N-R08 | T4N-R10 | T4N-R16 | T4N-R20 | T4N-R21,T4N-A13 | T4N-A17 | T4N-A34 | T4N-A55 | T4N-A70
FP-2105,T4-Nchf,Nchf ChargingDataRequest,ChargingDataRequest (LBO/PDU-session applicability projection).multipleUnitUsage.usedUnitContainer.pDUContainerInformation.userLocationInformation.eutraLocation.tai.nid,DIRECT,T4N-R05 | T4N-R08 | T4N-R10 | T4N-R16 | T4N-R20 | T4N-R21,T4N-A13 | T4N-A17 | T4N-A34 | T4N-A55 | T4N-A70
FP-2106,T4-Nchf,Nchf ChargingDataRequest,ChargingDataRequest (LBO/PDU-session applicability projection).multipleUnitUsage.usedUnitContainer.pDUContainerInformation.userLocationInformation.eutraLocation.ignoreTai,DIRECT,T4N-R05 | T4N-R08 | T4N-R10 | T4N-R16 | T4N-R20 | T4N-R21,T4N-A13 | T4N-A17 | T4N-A34 | T4N-A55 | T4N-A70
FP-2107,T4-Nchf,Nchf ChargingDataRequest,ChargingDataRequest (LBO/PDU-session applicability projection).multipleUnitUsage.usedUnitContainer.pDUContainerInformation.userLocationInformation.eutraLocation.ecgi.plmnId.mcc,DIRECT,T4N-R05 | T4N-R08 | T4N-R10 | T4N-R16 | T4N-R20 | T4N-R21,T4N-A13 | T4N-A17 | T4N-A34 | T4N-A55 | T4N-A70
FP-2108,T4-Nchf,Nchf ChargingDataRequest,ChargingDataRequest (LBO/PDU-session applicability projection).multipleUnitUsage.usedUnitContainer.pDUContainerInformation.userLocationInformation.eutraLocation.ecgi.plmnId.mnc,DIRECT,T4N-R05 | T4N-R08 | T4N-R10 | T4N-R16 | T4N-R20 | T4N-R21,T4N-A13 | T4N-A17 | T4N-A34 | T4N-A55 | T4N-A70
FP-2109,T4-Nchf,Nchf ChargingDataRequest,ChargingDataRequest (LBO/PDU-session applicability projection).multipleUnitUsage.usedUnitContainer.pDUContainerInformation.userLocationInformation.eutraLocation.ecgi.eutraCellId,DIRECT,T4N-R05 | T4N-R08 | T4N-R10 | T4N-R16 | T4N-R20 | T4N-R21,T4N-A13 | T4N-A17 | T4N-A34 | T4N-A55 | T4N-A70
FP-2110,T4-Nchf,Nchf ChargingDataRequest,ChargingDataRequest (LBO/PDU-session applicability projection).multipleUnitUsage.usedUnitContainer.pDUContainerInformation.userLocationInformation.eutraLocation.ecgi.nid,DIRECT,T4N-R05 | T4N-R08 | T4N-R10 | T4N-R16 | T4N-R20 | T4N-R21,T4N-A13 | T4N-A17 | T4N-A34 | T4N-A55 | T4N-A70
FP-2111,T4-Nchf,Nchf ChargingDataRequest,ChargingDataRequest (LBO/PDU-session applicability projection).multipleUnitUsage.usedUnitContainer.pDUContainerInformation.userLocationInformation.eutraLocation.ignoreEcgi,DIRECT,T4N-R05 | T4N-R08 | T4N-R10 | T4N-R16 | T4N-R20 | T4N-R21,T4N-A13 | T4N-A17 | T4N-A34 | T4N-A55 | T4N-A70
FP-2112,T4-Nchf,Nchf ChargingDataRequest,ChargingDataRequest (LBO/PDU-session applicability projection).multipleUnitUsage.usedUnitContainer.pDUContainerInformation.userLocationInformation.eutraLocation.ageOfLocationInformation,DIRECT,T4N-R05 | T4N-R08 | T4N-R10 | T4N-R16 | T4N-R20 | T4N-R21,T4N-A13 | T4N-A17 | T4N-A34 | T4N-A55 | T4N-A56 | T4N-A70
FP-2113,T4-Nchf,Nchf ChargingDataRequest,ChargingDataRequest (LBO/PDU-session applicability projection).multipleUnitUsage.usedUnitContainer.pDUContainerInformation.userLocationInformation.eutraLocation.ueLocationTimestamp,DIRECT,T4N-R05 | T4N-R08 | T4N-R10 | T4N-R16 | T4N-R20 | T4N-R21,T4N-A13 | T4N-A17 | T4N-A34 | T4N-A55 | T4N-A56 | T4N-A70
FP-2114,T4-Nchf,Nchf ChargingDataRequest,ChargingDataRequest (LBO/PDU-session applicability projection).multipleUnitUsage.usedUnitContainer.pDUContainerInformation.userLocationInformation.eutraLocation.geographicalInformation,DIRECT,T4N-R05 | T4N-R08 | T4N-R10 | T4N-R16 | T4N-R20 | T4N-R21,T4N-A13 | T4N-A17 | T4N-A34 | T4N-A55 | T4N-A70
FP-2115,T4-Nchf,Nchf ChargingDataRequest,ChargingDataRequest (LBO/PDU-session applicability projection).multipleUnitUsage.usedUnitContainer.pDUContainerInformation.userLocationInformation.eutraLocation.geodeticInformation,DIRECT,T4N-R05 | T4N-R08 | T4N-R10 | T4N-R16 | T4N-R20 | T4N-R21,T4N-A13 | T4N-A17 | T4N-A34 | T4N-A55 | T4N-A70
FP-2116,T4-Nchf,Nchf ChargingDataRequest,ChargingDataRequest (LBO/PDU-session applicability projection).multipleUnitUsage.usedUnitContainer.pDUContainerInformation.userLocationInformation.eutraLocation.globalNgenbId.plmnId.mcc,DIRECT,T4N-R05 | T4N-R08 | T4N-R10 | T4N-R16 | T4N-R20 | T4N-R21,T4N-A13 | T4N-A17 | T4N-A34 | T4N-A55 | T4N-A70
FP-2117,T4-Nchf,Nchf ChargingDataRequest,ChargingDataRequest (LBO/PDU-session applicability projection).multipleUnitUsage.usedUnitContainer.pDUContainerInformation.userLocationInformation.eutraLocation.globalNgenbId.plmnId.mnc,DIRECT,T4N-R05 | T4N-R08 | T4N-R10 | T4N-R16 | T4N-R20 | T4N-R21,T4N-A13 | T4N-A17 | T4N-A34 | T4N-A55 | T4N-A70
FP-2118,T4-Nchf,Nchf ChargingDataRequest,ChargingDataRequest (LBO/PDU-session applicability projection).multipleUnitUsage.usedUnitContainer.pDUContainerInformation.userLocationInformation.eutraLocation.globalNgenbId.n3IwfId,DIRECT,T4N-R05 | T4N-R08 | T4N-R10 | T4N-R16 | T4N-R20 | T4N-R21,T4N-A13 | T4N-A17 | T4N-A34 | T4N-A55 | T4N-A70
FP-2119,T4-Nchf,Nchf ChargingDataRequest,ChargingDataRequest (LBO/PDU-session applicability projection).multipleUnitUsage.usedUnitContainer.pDUContainerInformation.userLocationInformation.eutraLocation.globalNgenbId.gNbId.bitLength,DIRECT,T4N-R05 | T4N-R08 | T4N-R10 | T4N-R16 | T4N-R20 | T4N-R21,T4N-A13 | T4N-A17 | T4N-A34 | T4N-A55 | T4N-A70
FP-2120,T4-Nchf,Nchf ChargingDataRequest,ChargingDataRequest (LBO/PDU-session applicability projection).multipleUnitUsage.usedUnitContainer.pDUContainerInformation.userLocationInformation.eutraLocation.globalNgenbId.gNbId.gNBValue,DIRECT,T4N-R05 | T4N-R08 | T4N-R10 | T4N-R16 | T4N-R20 | T4N-R21,T4N-A13 | T4N-A17 | T4N-A34 | T4N-A55 | T4N-A70
FP-2121,T4-Nchf,Nchf ChargingDataRequest,ChargingDataRequest (LBO/PDU-session applicability projection).multipleUnitUsage.usedUnitContainer.pDUContainerInformation.userLocationInformation.eutraLocation.globalNgenbId.ngeNbId,DIRECT,T4N-R05 | T4N-R08 | T4N-R10 | T4N-R16 | T4N-R20 | T4N-R21,T4N-A13 | T4N-A17 | T4N-A34 | T4N-A55 | T4N-A70
FP-2122,T4-Nchf,Nchf ChargingDataRequest,ChargingDataRequest (LBO/PDU-session applicability projection).multipleUnitUsage.usedUnitContainer.pDUContainerInformation.userLocationInformation.eutraLocation.globalNgenbId.wagfId,DIRECT,T4N-R05 | T4N-R08 | T4N-R10 | T4N-R16 | T4N-R20 | T4N-R21,T4N-A13 | T4N-A17 | T4N-A34 | T4N-A55 | T4N-A70
FP-2123,T4-Nchf,Nchf ChargingDataRequest,ChargingDataRequest (LBO/PDU-session applicability projection).multipleUnitUsage.usedUnitContainer.pDUContainerInformation.userLocationInformation.eutraLocation.globalNgenbId.tngfId,DIRECT,T4N-R05 | T4N-R08 | T4N-R10 | T4N-R16 | T4N-R20 | T4N-R21,T4N-A13 | T4N-A17 | T4N-A34 | T4N-A55 | T4N-A70
FP-2124,T4-Nchf,Nchf ChargingDataRequest,ChargingDataRequest (LBO/PDU-session applicability projection).multipleUnitUsage.usedUnitContainer.pDUContainerInformation.userLocationInformation.eutraLocation.globalNgenbId.nid,DIRECT,T4N-R05 | T4N-R08 | T4N-R10 | T4N-R16 | T4N-R20 | T4N-R21,T4N-A13 | T4N-A17 | T4N-A34 | T4N-A55 | T4N-A70
FP-2125,T4-Nchf,Nchf ChargingDataRequest,ChargingDataRequest (LBO/PDU-session applicability projection).multipleUnitUsage.usedUnitContainer.pDUContainerInformation.userLocationInformation.eutraLocation.globalNgenbId.eNbId,DIRECT,T4N-R05 | T4N-R08 | T4N-R10 | T4N-R16 | T4N-R20 | T4N-R21,T4N-A13 | T4N-A17 | T4N-A34 | T4N-A55 | T4N-A70
FP-2126,T4-Nchf,Nchf ChargingDataRequest,ChargingDataRequest (LBO/PDU-session applicability projection).multipleUnitUsage.usedUnitContainer.pDUContainerInformation.userLocationInformation.eutraLocation.globalENbId.plmnId.mcc,DIRECT,T4N-R05 | T4N-R08 | T4N-R10 | T4N-R16 | T4N-R20 | T4N-R21,T4N-A13 | T4N-A17 | T4N-A34 | T4N-A55 | T4N-A70
FP-2127,T4-Nchf,Nchf ChargingDataRequest,ChargingDataRequest (LBO/PDU-session applicability projection).multipleUnitUsage.usedUnitContainer.pDUContainerInformation.userLocationInformation.eutraLocation.globalENbId.plmnId.mnc,DIRECT,T4N-R05 | T4N-R08 | T4N-R10 | T4N-R16 | T4N-R20 | T4N-R21,T4N-A13 | T4N-A17 | T4N-A34 | T4N-A55 | T4N-A70
FP-2128,T4-Nchf,Nchf ChargingDataRequest,ChargingDataRequest (LBO/PDU-session applicability projection).multipleUnitUsage.usedUnitContainer.pDUContainerInformation.userLocationInformation.eutraLocation.globalENbId.n3IwfId,DIRECT,T4N-R05 | T4N-R08 | T4N-R10 | T4N-R16 | T4N-R20 | T4N-R21,T4N-A13 | T4N-A17 | T4N-A34 | T4N-A55 | T4N-A70
FP-2129,T4-Nchf,Nchf ChargingDataRequest,ChargingDataRequest (LBO/PDU-session applicability projection).multipleUnitUsage.usedUnitContainer.pDUContainerInformation.userLocationInformation.eutraLocation.globalENbId.gNbId.bitLength,DIRECT,T4N-R05 | T4N-R08 | T4N-R10 | T4N-R16 | T4N-R20 | T4N-R21,T4N-A13 | T4N-A17 | T4N-A34 | T4N-A55 | T4N-A70
FP-2130,T4-Nchf,Nchf ChargingDataRequest,ChargingDataRequest (LBO/PDU-session applicability projection).multipleUnitUsage.usedUnitContainer.pDUContainerInformation.userLocationInformation.eutraLocation.globalENbId.gNbId.gNBValue,DIRECT,T4N-R05 | T4N-R08 | T4N-R10 | T4N-R16 | T4N-R20 | T4N-R21,T4N-A13 | T4N-A17 | T4N-A34 | T4N-A55 | T4N-A70
FP-2131,T4-Nchf,Nchf ChargingDataRequest,ChargingDataRequest (LBO/PDU-session applicability projection).multipleUnitUsage.usedUnitContainer.pDUContainerInformation.userLocationInformation.eutraLocation.globalENbId.ngeNbId,DIRECT,T4N-R05 | T4N-R08 | T4N-R10 | T4N-R16 | T4N-R20 | T4N-R21,T4N-A13 | T4N-A17 | T4N-A34 | T4N-A55 | T4N-A70
FP-2132,T4-Nchf,Nchf ChargingDataRequest,ChargingDataRequest (LBO/PDU-session applicability projection).multipleUnitUsage.usedUnitContainer.pDUContainerInformation.userLocationInformation.eutraLocation.globalENbId.wagfId,DIRECT,T4N-R05 | T4N-R08 | T4N-R10 | T4N-R16 | T4N-R20 | T4N-R21,T4N-A13 | T4N-A17 | T4N-A34 | T4N-A55 | T4N-A70
FP-2133,T4-Nchf,Nchf ChargingDataRequest,ChargingDataRequest (LBO/PDU-session applicability projection).multipleUnitUsage.usedUnitContainer.pDUContainerInformation.userLocationInformation.eutraLocation.globalENbId.tngfId,DIRECT,T4N-R05 | T4N-R08 | T4N-R10 | T4N-R16 | T4N-R20 | T4N-R21,T4N-A13 | T4N-A17 | T4N-A34 | T4N-A55 | T4N-A70
FP-2134,T4-Nchf,Nchf ChargingDataRequest,ChargingDataRequest (LBO/PDU-session applicability projection).multipleUnitUsage.usedUnitContainer.pDUContainerInformation.userLocationInformation.eutraLocation.globalENbId.nid,DIRECT,T4N-R05 | T4N-R08 | T4N-R10 | T4N-R16 | T4N-R20 | T4N-R21,T4N-A13 | T4N-A17 | T4N-A34 | T4N-A55 | T4N-A70
FP-2135,T4-Nchf,Nchf ChargingDataRequest,ChargingDataRequest (LBO/PDU-session applicability projection).multipleUnitUsage.usedUnitContainer.pDUContainerInformation.userLocationInformation.eutraLocation.globalENbId.eNbId,DIRECT,T4N-R05 | T4N-R08 | T4N-R10 | T4N-R16 | T4N-R20 | T4N-R21,T4N-A13 | T4N-A17 | T4N-A34 | T4N-A55 | T4N-A70
FP-2136,T4-Nchf,Nchf ChargingDataRequest,ChargingDataRequest (LBO/PDU-session applicability projection).multipleUnitUsage.usedUnitContainer.pDUContainerInformation.userLocationInformation.nrLocation.tai.plmnId.mcc,DIRECT,T4N-R05 | T4N-R08 | T4N-R10 | T4N-R16 | T4N-R20 | T4N-R21,T4N-A13 | T4N-A17 | T4N-A34 | T4N-A55 | T4N-A70
FP-2137,T4-Nchf,Nchf ChargingDataRequest,ChargingDataRequest (LBO/PDU-session applicability projection).multipleUnitUsage.usedUnitContainer.pDUContainerInformation.userLocationInformation.nrLocation.tai.plmnId.mnc,DIRECT,T4N-R05 | T4N-R08 | T4N-R10 | T4N-R16 | T4N-R20 | T4N-R21,T4N-A13 | T4N-A17 | T4N-A34 | T4N-A55 | T4N-A70
FP-2138,T4-Nchf,Nchf ChargingDataRequest,ChargingDataRequest (LBO/PDU-session applicability projection).multipleUnitUsage.usedUnitContainer.pDUContainerInformation.userLocationInformation.nrLocation.tai.tac,DIRECT,T4N-R05 | T4N-R08 | T4N-R10 | T4N-R16 | T4N-R20 | T4N-R21,T4N-A13 | T4N-A17 | T4N-A34 | T4N-A55 | T4N-A70
FP-2139,T4-Nchf,Nchf ChargingDataRequest,ChargingDataRequest (LBO/PDU-session applicability projection).multipleUnitUsage.usedUnitContainer.pDUContainerInformation.userLocationInformation.nrLocation.tai.nid,DIRECT,T4N-R05 | T4N-R08 | T4N-R10 | T4N-R16 | T4N-R20 | T4N-R21,T4N-A13 | T4N-A17 | T4N-A34 | T4N-A55 | T4N-A70
FP-2140,T4-Nchf,Nchf ChargingDataRequest,ChargingDataRequest (LBO/PDU-session applicability projection).multipleUnitUsage.usedUnitContainer.pDUContainerInformation.userLocationInformation.nrLocation.ncgi.plmnId.mcc,DIRECT,T4N-R05 | T4N-R08 | T4N-R10 | T4N-R16 | T4N-R20 | T4N-R21,T4N-A13 | T4N-A17 | T4N-A34 | T4N-A55 | T4N-A70
FP-2141,T4-Nchf,Nchf ChargingDataRequest,ChargingDataRequest (LBO/PDU-session applicability projection).multipleUnitUsage.usedUnitContainer.pDUContainerInformation.userLocationInformation.nrLocation.ncgi.plmnId.mnc,DIRECT,T4N-R05 | T4N-R08 | T4N-R10 | T4N-R16 | T4N-R20 | T4N-R21,T4N-A13 | T4N-A17 | T4N-A34 | T4N-A55 | T4N-A70
FP-2142,T4-Nchf,Nchf ChargingDataRequest,ChargingDataRequest (LBO/PDU-session applicability projection).multipleUnitUsage.usedUnitContainer.pDUContainerInformation.userLocationInformation.nrLocation.ncgi.nrCellId,DIRECT,T4N-R05 | T4N-R08 | T4N-R10 | T4N-R16 | T4N-R20 | T4N-R21,T4N-A13 | T4N-A17 | T4N-A34 | T4N-A55 | T4N-A70
FP-2143,T4-Nchf,Nchf ChargingDataRequest,ChargingDataRequest (LBO/PDU-session applicability projection).multipleUnitUsage.usedUnitContainer.pDUContainerInformation.userLocationInformation.nrLocation.ncgi.nid,DIRECT,T4N-R05 | T4N-R08 | T4N-R10 | T4N-R16 | T4N-R20 | T4N-R21,T4N-A13 | T4N-A17 | T4N-A34 | T4N-A55 | T4N-A70
FP-2144,T4-Nchf,Nchf ChargingDataRequest,ChargingDataRequest (LBO/PDU-session applicability projection).multipleUnitUsage.usedUnitContainer.pDUContainerInformation.userLocationInformation.nrLocation.ignoreNcgi,DIRECT,T4N-R05 | T4N-R08 | T4N-R10 | T4N-R16 | T4N-R20 | T4N-R21,T4N-A13 | T4N-A17 | T4N-A34 | T4N-A55 | T4N-A70
FP-2145,T4-Nchf,Nchf ChargingDataRequest,ChargingDataRequest (LBO/PDU-session applicability projection).multipleUnitUsage.usedUnitContainer.pDUContainerInformation.userLocationInformation.nrLocation.ageOfLocationInformation,DIRECT,T4N-R05 | T4N-R08 | T4N-R10 | T4N-R16 | T4N-R20 | T4N-R21,T4N-A13 | T4N-A17 | T4N-A34 | T4N-A55 | T4N-A56 | T4N-A70
FP-2146,T4-Nchf,Nchf ChargingDataRequest,ChargingDataRequest (LBO/PDU-session applicability projection).multipleUnitUsage.usedUnitContainer.pDUContainerInformation.userLocationInformation.nrLocation.ueLocationTimestamp,DIRECT,T4N-R05 | T4N-R08 | T4N-R10 | T4N-R16 | T4N-R20 | T4N-R21,T4N-A13 | T4N-A17 | T4N-A34 | T4N-A55 | T4N-A56 | T4N-A70
FP-2147,T4-Nchf,Nchf ChargingDataRequest,ChargingDataRequest (LBO/PDU-session applicability projection).multipleUnitUsage.usedUnitContainer.pDUContainerInformation.userLocationInformation.nrLocation.geographicalInformation,DIRECT,T4N-R05 | T4N-R08 | T4N-R10 | T4N-R16 | T4N-R20 | T4N-R21,T4N-A13 | T4N-A17 | T4N-A34 | T4N-A55 | T4N-A70
FP-2148,T4-Nchf,Nchf ChargingDataRequest,ChargingDataRequest (LBO/PDU-session applicability projection).multipleUnitUsage.usedUnitContainer.pDUContainerInformation.userLocationInformation.nrLocation.geodeticInformation,DIRECT,T4N-R05 | T4N-R08 | T4N-R10 | T4N-R16 | T4N-R20 | T4N-R21,T4N-A13 | T4N-A17 | T4N-A34 | T4N-A55 | T4N-A70
FP-2149,T4-Nchf,Nchf ChargingDataRequest,ChargingDataRequest (LBO/PDU-session applicability projection).multipleUnitUsage.usedUnitContainer.pDUContainerInformation.userLocationInformation.nrLocation.globalGnbId.plmnId.mcc,DIRECT,T4N-R05 | T4N-R08 | T4N-R10 | T4N-R16 | T4N-R20 | T4N-R21,T4N-A13 | T4N-A17 | T4N-A34 | T4N-A55 | T4N-A70
FP-2150,T4-Nchf,Nchf ChargingDataRequest,ChargingDataRequest (LBO/PDU-session applicability projection).multipleUnitUsage.usedUnitContainer.pDUContainerInformation.userLocationInformation.nrLocation.globalGnbId.plmnId.mnc,DIRECT,T4N-R05 | T4N-R08 | T4N-R10 | T4N-R16 | T4N-R20 | T4N-R21,T4N-A13 | T4N-A17 | T4N-A34 | T4N-A55 | T4N-A70
FP-2151,T4-Nchf,Nchf ChargingDataRequest,ChargingDataRequest (LBO/PDU-session applicability projection).multipleUnitUsage.usedUnitContainer.pDUContainerInformation.userLocationInformation.nrLocation.globalGnbId.n3IwfId,DIRECT,T4N-R05 | T4N-R08 | T4N-R10 | T4N-R16 | T4N-R20 | T4N-R21,T4N-A13 | T4N-A17 | T4N-A34 | T4N-A55 | T4N-A70
FP-2152,T4-Nchf,Nchf ChargingDataRequest,ChargingDataRequest (LBO/PDU-session applicability projection).multipleUnitUsage.usedUnitContainer.pDUContainerInformation.userLocationInformation.nrLocation.globalGnbId.gNbId.bitLength,DIRECT,T4N-R05 | T4N-R08 | T4N-R10 | T4N-R16 | T4N-R20 | T4N-R21,T4N-A13 | T4N-A17 | T4N-A34 | T4N-A55 | T4N-A70
FP-2153,T4-Nchf,Nchf ChargingDataRequest,ChargingDataRequest (LBO/PDU-session applicability projection).multipleUnitUsage.usedUnitContainer.pDUContainerInformation.userLocationInformation.nrLocation.globalGnbId.gNbId.gNBValue,DIRECT,T4N-R05 | T4N-R08 | T4N-R10 | T4N-R16 | T4N-R20 | T4N-R21,T4N-A13 | T4N-A17 | T4N-A34 | T4N-A55 | T4N-A70
FP-2154,T4-Nchf,Nchf ChargingDataRequest,ChargingDataRequest (LBO/PDU-session applicability projection).multipleUnitUsage.usedUnitContainer.pDUContainerInformation.userLocationInformation.nrLocation.globalGnbId.ngeNbId,DIRECT,T4N-R05 | T4N-R08 | T4N-R10 | T4N-R16 | T4N-R20 | T4N-R21,T4N-A13 | T4N-A17 | T4N-A34 | T4N-A55 | T4N-A70
FP-2155,T4-Nchf,Nchf ChargingDataRequest,ChargingDataRequest (LBO/PDU-session applicability projection).multipleUnitUsage.usedUnitContainer.pDUContainerInformation.userLocationInformation.nrLocation.globalGnbId.wagfId,DIRECT,T4N-R05 | T4N-R08 | T4N-R10 | T4N-R16 | T4N-R20 | T4N-R21,T4N-A13 | T4N-A17 | T4N-A34 | T4N-A55 | T4N-A70
FP-2156,T4-Nchf,Nchf ChargingDataRequest,ChargingDataRequest (LBO/PDU-session applicability projection).multipleUnitUsage.usedUnitContainer.pDUContainerInformation.userLocationInformation.nrLocation.globalGnbId.tngfId,DIRECT,T4N-R05 | T4N-R08 | T4N-R10 | T4N-R16 | T4N-R20 | T4N-R21,T4N-A13 | T4N-A17 | T4N-A34 | T4N-A55 | T4N-A70
FP-2157,T4-Nchf,Nchf ChargingDataRequest,ChargingDataRequest (LBO/PDU-session applicability projection).multipleUnitUsage.usedUnitContainer.pDUContainerInformation.userLocationInformation.nrLocation.globalGnbId.nid,DIRECT,T4N-R05 | T4N-R08 | T4N-R10 | T4N-R16 | T4N-R20 | T4N-R21,T4N-A13 | T4N-A17 | T4N-A34 | T4N-A55 | T4N-A70
FP-2158,T4-Nchf,Nchf ChargingDataRequest,ChargingDataRequest (LBO/PDU-session applicability projection).multipleUnitUsage.usedUnitContainer.pDUContainerInformation.userLocationInformation.nrLocation.globalGnbId.eNbId,DIRECT,T4N-R05 | T4N-R08 | T4N-R10 | T4N-R16 | T4N-R20 | T4N-R21,T4N-A13 | T4N-A17 | T4N-A34 | T4N-A55 | T4N-A70
FP-2159,T4-Nchf,Nchf ChargingDataRequest,ChargingDataRequest (LBO/PDU-session applicability projection).multipleUnitUsage.usedUnitContainer.pDUContainerInformation.userLocationInformation.n3gaLocation.n3gppTai.plmnId.mcc,DIRECT,T4N-R05 | T4N-R08 | T4N-R10 | T4N-R16 | T4N-R20 | T4N-R21,T4N-A13 | T4N-A17 | T4N-A34 | T4N-A55 | T4N-A70
FP-2160,T4-Nchf,Nchf ChargingDataRequest,ChargingDataRequest (LBO/PDU-session applicability projection).multipleUnitUsage.usedUnitContainer.pDUContainerInformation.userLocationInformation.n3gaLocation.n3gppTai.plmnId.mnc,DIRECT,T4N-R05 | T4N-R08 | T4N-R10 | T4N-R16 | T4N-R20 | T4N-R21,T4N-A13 | T4N-A17 | T4N-A34 | T4N-A55 | T4N-A70
FP-2161,T4-Nchf,Nchf ChargingDataRequest,ChargingDataRequest (LBO/PDU-session applicability projection).multipleUnitUsage.usedUnitContainer.pDUContainerInformation.userLocationInformation.n3gaLocation.n3gppTai.tac,DIRECT,T4N-R05 | T4N-R08 | T4N-R10 | T4N-R16 | T4N-R20 | T4N-R21,T4N-A13 | T4N-A17 | T4N-A34 | T4N-A55 | T4N-A70
FP-2162,T4-Nchf,Nchf ChargingDataRequest,ChargingDataRequest (LBO/PDU-session applicability projection).multipleUnitUsage.usedUnitContainer.pDUContainerInformation.userLocationInformation.n3gaLocation.n3gppTai.nid,DIRECT,T4N-R05 | T4N-R08 | T4N-R10 | T4N-R16 | T4N-R20 | T4N-R21,T4N-A13 | T4N-A17 | T4N-A34 | T4N-A55 | T4N-A70
FP-2163,T4-Nchf,Nchf ChargingDataRequest,ChargingDataRequest (LBO/PDU-session applicability projection).multipleUnitUsage.usedUnitContainer.pDUContainerInformation.userLocationInformation.n3gaLocation.n3IwfId,DIRECT,T4N-R05 | T4N-R08 | T4N-R10 | T4N-R16 | T4N-R20 | T4N-R21,T4N-A13 | T4N-A17 | T4N-A34 | T4N-A55 | T4N-A70
FP-2164,T4-Nchf,Nchf ChargingDataRequest,ChargingDataRequest (LBO/PDU-session applicability projection).multipleUnitUsage.usedUnitContainer.pDUContainerInformation.userLocationInformation.n3gaLocation.ueIpv4Addr,DIRECT,T4N-R05 | T4N-R08 | T4N-R10 | T4N-R16 | T4N-R20 | T4N-R21,T4N-A13 | T4N-A17 | T4N-A34 | T4N-A55 | T4N-A70
FP-2165,T4-Nchf,Nchf ChargingDataRequest,ChargingDataRequest (LBO/PDU-session applicability projection).multipleUnitUsage.usedUnitContainer.pDUContainerInformation.userLocationInformation.n3gaLocation.ueIpv6Addr,DIRECT,T4N-R05 | T4N-R08 | T4N-R10 | T4N-R16 | T4N-R20 | T4N-R21,T4N-A13 | T4N-A17 | T4N-A34 | T4N-A55 | T4N-A70
FP-2166,T4-Nchf,Nchf ChargingDataRequest,ChargingDataRequest (LBO/PDU-session applicability projection).multipleUnitUsage.usedUnitContainer.pDUContainerInformation.userLocationInformation.n3gaLocation.portNumber,DIRECT,T4N-R05 | T4N-R08 | T4N-R10 | T4N-R16 | T4N-R20 | T4N-R21,T4N-A13 | T4N-A17 | T4N-A34 | T4N-A55 | T4N-A70
FP-2167,T4-Nchf,Nchf ChargingDataRequest,ChargingDataRequest (LBO/PDU-session applicability projection).multipleUnitUsage.usedUnitContainer.pDUContainerInformation.userLocationInformation.n3gaLocation.protocol,DIRECT,T4N-R05 | T4N-R08 | T4N-R10 | T4N-R16 | T4N-R20 | T4N-R21,T4N-A13 | T4N-A17 | T4N-A34 | T4N-A55 | T4N-A70
FP-2168,T4-Nchf,Nchf ChargingDataRequest,ChargingDataRequest (LBO/PDU-session applicability projection).multipleUnitUsage.usedUnitContainer.pDUContainerInformation.userLocationInformation.n3gaLocation.tnapId.ssId,DIRECT,T4N-R05 | T4N-R08 | T4N-R10 | T4N-R16 | T4N-R20 | T4N-R21,T4N-A13 | T4N-A17 | T4N-A34 | T4N-A55 | T4N-A70
FP-2169,T4-Nchf,Nchf ChargingDataRequest,ChargingDataRequest (LBO/PDU-session applicability projection).multipleUnitUsage.usedUnitContainer.pDUContainerInformation.userLocationInformation.n3gaLocation.tnapId.bssId,DIRECT,T4N-R05 | T4N-R08 | T4N-R10 | T4N-R16 | T4N-R20 | T4N-R21,T4N-A13 | T4N-A17 | T4N-A34 | T4N-A55 | T4N-A70
FP-2170,T4-Nchf,Nchf ChargingDataRequest,ChargingDataRequest (LBO/PDU-session applicability projection).multipleUnitUsage.usedUnitContainer.pDUContainerInformation.userLocationInformation.n3gaLocation.tnapId.civicAddress,DIRECT,T4N-R05 | T4N-R08 | T4N-R10 | T4N-R16 | T4N-R20 | T4N-R21,T4N-A13 | T4N-A17 | T4N-A34 | T4N-A55 | T4N-A70
FP-2171,T4-Nchf,Nchf ChargingDataRequest,ChargingDataRequest (LBO/PDU-session applicability projection).multipleUnitUsage.usedUnitContainer.pDUContainerInformation.userLocationInformation.n3gaLocation.twapId.ssId,DIRECT,T4N-R05 | T4N-R08 | T4N-R10 | T4N-R16 | T4N-R20 | T4N-R21,T4N-A13 | T4N-A17 | T4N-A34 | T4N-A55 | T4N-A70
FP-2172,T4-Nchf,Nchf ChargingDataRequest,ChargingDataRequest (LBO/PDU-session applicability projection).multipleUnitUsage.usedUnitContainer.pDUContainerInformation.userLocationInformation.n3gaLocation.twapId.bssId,DIRECT,T4N-R05 | T4N-R08 | T4N-R10 | T4N-R16 | T4N-R20 | T4N-R21,T4N-A13 | T4N-A17 | T4N-A34 | T4N-A55 | T4N-A70
FP-2173,T4-Nchf,Nchf ChargingDataRequest,ChargingDataRequest (LBO/PDU-session applicability projection).multipleUnitUsage.usedUnitContainer.pDUContainerInformation.userLocationInformation.n3gaLocation.twapId.civicAddress,DIRECT,T4N-R05 | T4N-R08 | T4N-R10 | T4N-R16 | T4N-R20 | T4N-R21,T4N-A13 | T4N-A17 | T4N-A34 | T4N-A55 | T4N-A70
FP-2174,T4-Nchf,Nchf ChargingDataRequest,ChargingDataRequest (LBO/PDU-session applicability projection).multipleUnitUsage.usedUnitContainer.pDUContainerInformation.userLocationInformation.n3gaLocation.hfcNodeId.hfcNId,DIRECT,T4N-R05 | T4N-R08 | T4N-R10 | T4N-R16 | T4N-R20 | T4N-R21,T4N-A13 | T4N-A17 | T4N-A34 | T4N-A55 | T4N-A70
FP-2175,T4-Nchf,Nchf ChargingDataRequest,ChargingDataRequest (LBO/PDU-session applicability projection).multipleUnitUsage.usedUnitContainer.pDUContainerInformation.userLocationInformation.n3gaLocation.gli,DIRECT,T4N-R05 | T4N-R08 | T4N-R10 | T4N-R16 | T4N-R20 | T4N-R21,T4N-A13 | T4N-A17 | T4N-A34 | T4N-A55 | T4N-A70
FP-2176,T4-Nchf,Nchf ChargingDataRequest,ChargingDataRequest (LBO/PDU-session applicability projection).multipleUnitUsage.usedUnitContainer.pDUContainerInformation.userLocationInformation.n3gaLocation.w5gbanLineType,DIRECT,T4N-R05 | T4N-R08 | T4N-R10 | T4N-R16 | T4N-R20 | T4N-R21,T4N-A13 | T4N-A17 | T4N-A34 | T4N-A55 | T4N-A70
FP-2177,T4-Nchf,Nchf ChargingDataRequest,ChargingDataRequest (LBO/PDU-session applicability projection).multipleUnitUsage.usedUnitContainer.pDUContainerInformation.userLocationInformation.n3gaLocation.gci,DIRECT,T4N-R05 | T4N-R08 | T4N-R10 | T4N-R16 | T4N-R20 | T4N-R21,T4N-A13 | T4N-A17 | T4N-A34 | T4N-A55 | T4N-A70
FP-2178,T4-Nchf,Nchf ChargingDataRequest,ChargingDataRequest (LBO/PDU-session applicability projection).multipleUnitUsage.usedUnitContainer.pDUContainerInformation.userLocationInformation.utraLocation.cgi.plmnId.mcc,DIRECT,T4N-R05 | T4N-R08 | T4N-R10 | T4N-R16 | T4N-R20 | T4N-R21,T4N-A13 | T4N-A17 | T4N-A34 | T4N-A55 | T4N-A70
FP-2179,T4-Nchf,Nchf ChargingDataRequest,ChargingDataRequest (LBO/PDU-session applicability projection).multipleUnitUsage.usedUnitContainer.pDUContainerInformation.userLocationInformation.utraLocation.cgi.plmnId.mnc,DIRECT,T4N-R05 | T4N-R08 | T4N-R10 | T4N-R16 | T4N-R20 | T4N-R21,T4N-A13 | T4N-A17 | T4N-A34 | T4N-A55 | T4N-A70
FP-2180,T4-Nchf,Nchf ChargingDataRequest,ChargingDataRequest (LBO/PDU-session applicability projection).multipleUnitUsage.usedUnitContainer.pDUContainerInformation.userLocationInformation.utraLocation.cgi.lac,DIRECT,T4N-R05 | T4N-R08 | T4N-R10 | T4N-R16 | T4N-R20 | T4N-R21,T4N-A13 | T4N-A17 | T4N-A34 | T4N-A55 | T4N-A70
FP-2181,T4-Nchf,Nchf ChargingDataRequest,ChargingDataRequest (LBO/PDU-session applicability projection).multipleUnitUsage.usedUnitContainer.pDUContainerInformation.userLocationInformation.utraLocation.cgi.cellId,DIRECT,T4N-R05 | T4N-R08 | T4N-R10 | T4N-R16 | T4N-R20 | T4N-R21,T4N-A13 | T4N-A17 | T4N-A34 | T4N-A55 | T4N-A70
FP-2182,T4-Nchf,Nchf ChargingDataRequest,ChargingDataRequest (LBO/PDU-session applicability projection).multipleUnitUsage.usedUnitContainer.pDUContainerInformation.userLocationInformation.utraLocation.sai.plmnId.mcc,DIRECT,T4N-R05 | T4N-R08 | T4N-R10 | T4N-R16 | T4N-R20 | T4N-R21,T4N-A13 | T4N-A17 | T4N-A34 | T4N-A55 | T4N-A70
FP-2183,T4-Nchf,Nchf ChargingDataRequest,ChargingDataRequest (LBO/PDU-session applicability projection).multipleUnitUsage.usedUnitContainer.pDUContainerInformation.userLocationInformation.utraLocation.sai.plmnId.mnc,DIRECT,T4N-R05 | T4N-R08 | T4N-R10 | T4N-R16 | T4N-R20 | T4N-R21,T4N-A13 | T4N-A17 | T4N-A34 | T4N-A55 | T4N-A70
FP-2184,T4-Nchf,Nchf ChargingDataRequest,ChargingDataRequest (LBO/PDU-session applicability projection).multipleUnitUsage.usedUnitContainer.pDUContainerInformation.userLocationInformation.utraLocation.sai.lac,DIRECT,T4N-R05 | T4N-R08 | T4N-R10 | T4N-R16 | T4N-R20 | T4N-R21,T4N-A13 | T4N-A17 | T4N-A34 | T4N-A55 | T4N-A70
FP-2185,T4-Nchf,Nchf ChargingDataRequest,ChargingDataRequest (LBO/PDU-session applicability projection).multipleUnitUsage.usedUnitContainer.pDUContainerInformation.userLocationInformation.utraLocation.sai.sac,DIRECT,T4N-R05 | T4N-R08 | T4N-R10 | T4N-R16 | T4N-R20 | T4N-R21,T4N-A13 | T4N-A17 | T4N-A34 | T4N-A55 | T4N-A70
FP-2186,T4-Nchf,Nchf ChargingDataRequest,ChargingDataRequest (LBO/PDU-session applicability projection).multipleUnitUsage.usedUnitContainer.pDUContainerInformation.userLocationInformation.utraLocation.lai.plmnId.mcc,DIRECT,T4N-R05 | T4N-R08 | T4N-R10 | T4N-R16 | T4N-R20 | T4N-R21,T4N-A13 | T4N-A17 | T4N-A34 | T4N-A55 | T4N-A70
FP-2187,T4-Nchf,Nchf ChargingDataRequest,ChargingDataRequest (LBO/PDU-session applicability projection).multipleUnitUsage.usedUnitContainer.pDUContainerInformation.userLocationInformation.utraLocation.lai.plmnId.mnc,DIRECT,T4N-R05 | T4N-R08 | T4N-R10 | T4N-R16 | T4N-R20 | T4N-R21,T4N-A13 | T4N-A17 | T4N-A34 | T4N-A55 | T4N-A70
FP-2188,T4-Nchf,Nchf ChargingDataRequest,ChargingDataRequest (LBO/PDU-session applicability projection).multipleUnitUsage.usedUnitContainer.pDUContainerInformation.userLocationInformation.utraLocation.lai.lac,DIRECT,T4N-R05 | T4N-R08 | T4N-R10 | T4N-R16 | T4N-R20 | T4N-R21,T4N-A13 | T4N-A17 | T4N-A34 | T4N-A55 | T4N-A70
FP-2189,T4-Nchf,Nchf ChargingDataRequest,ChargingDataRequest (LBO/PDU-session applicability projection).multipleUnitUsage.usedUnitContainer.pDUContainerInformation.userLocationInformation.utraLocation.rai.plmnId.mcc,DIRECT,T4N-R05 | T4N-R08 | T4N-R10 | T4N-R16 | T4N-R20 | T4N-R21,T4N-A13 | T4N-A17 | T4N-A34 | T4N-A55 | T4N-A70
FP-2190,T4-Nchf,Nchf ChargingDataRequest,ChargingDataRequest (LBO/PDU-session applicability projection).multipleUnitUsage.usedUnitContainer.pDUContainerInformation.userLocationInformation.utraLocation.rai.plmnId.mnc,DIRECT,T4N-R05 | T4N-R08 | T4N-R10 | T4N-R16 | T4N-R20 | T4N-R21,T4N-A13 | T4N-A17 | T4N-A34 | T4N-A55 | T4N-A70
FP-2191,T4-Nchf,Nchf ChargingDataRequest,ChargingDataRequest (LBO/PDU-session applicability projection).multipleUnitUsage.usedUnitContainer.pDUContainerInformation.userLocationInformation.utraLocation.rai.lac,DIRECT,T4N-R05 | T4N-R08 | T4N-R10 | T4N-R16 | T4N-R20 | T4N-R21,T4N-A13 | T4N-A17 | T4N-A34 | T4N-A55 | T4N-A70
FP-2192,T4-Nchf,Nchf ChargingDataRequest,ChargingDataRequest (LBO/PDU-session applicability projection).multipleUnitUsage.usedUnitContainer.pDUContainerInformation.userLocationInformation.utraLocation.rai.rac,DIRECT,T4N-R05 | T4N-R08 | T4N-R10 | T4N-R16 | T4N-R20 | T4N-R21,T4N-A13 | T4N-A17 | T4N-A34 | T4N-A55 | T4N-A70
FP-2193,T4-Nchf,Nchf ChargingDataRequest,ChargingDataRequest (LBO/PDU-session applicability projection).multipleUnitUsage.usedUnitContainer.pDUContainerInformation.userLocationInformation.utraLocation.ageOfLocationInformation,DIRECT,T4N-R05 | T4N-R08 | T4N-R10 | T4N-R16 | T4N-R20 | T4N-R21,T4N-A13 | T4N-A17 | T4N-A34 | T4N-A55 | T4N-A56 | T4N-A70
FP-2194,T4-Nchf,Nchf ChargingDataRequest,ChargingDataRequest (LBO/PDU-session applicability projection).multipleUnitUsage.usedUnitContainer.pDUContainerInformation.userLocationInformation.utraLocation.ueLocationTimestamp,DIRECT,T4N-R05 | T4N-R08 | T4N-R10 | T4N-R16 | T4N-R20 | T4N-R21,T4N-A13 | T4N-A17 | T4N-A34 | T4N-A55 | T4N-A56 | T4N-A70
FP-2195,T4-Nchf,Nchf ChargingDataRequest,ChargingDataRequest (LBO/PDU-session applicability projection).multipleUnitUsage.usedUnitContainer.pDUContainerInformation.userLocationInformation.utraLocation.geographicalInformation,DIRECT,T4N-R05 | T4N-R08 | T4N-R10 | T4N-R16 | T4N-R20 | T4N-R21,T4N-A13 | T4N-A17 | T4N-A34 | T4N-A55 | T4N-A70
FP-2196,T4-Nchf,Nchf ChargingDataRequest,ChargingDataRequest (LBO/PDU-session applicability projection).multipleUnitUsage.usedUnitContainer.pDUContainerInformation.userLocationInformation.utraLocation.geodeticInformation,DIRECT,T4N-R05 | T4N-R08 | T4N-R10 | T4N-R16 | T4N-R20 | T4N-R21,T4N-A13 | T4N-A17 | T4N-A34 | T4N-A55 | T4N-A70
FP-2197,T4-Nchf,Nchf ChargingDataRequest,ChargingDataRequest (LBO/PDU-session applicability projection).multipleUnitUsage.usedUnitContainer.pDUContainerInformation.userLocationInformation.geraLocation.locationNumber,DIRECT,T4N-R05 | T4N-R08 | T4N-R10 | T4N-R16 | T4N-R20 | T4N-R21,T4N-A13 | T4N-A17 | T4N-A34 | T4N-A55 | T4N-A70
FP-2198,T4-Nchf,Nchf ChargingDataRequest,ChargingDataRequest (LBO/PDU-session applicability projection).multipleUnitUsage.usedUnitContainer.pDUContainerInformation.userLocationInformation.geraLocation.cgi.plmnId.mcc,DIRECT,T4N-R05 | T4N-R08 | T4N-R10 | T4N-R16 | T4N-R20 | T4N-R21,T4N-A13 | T4N-A17 | T4N-A34 | T4N-A55 | T4N-A70
FP-2199,T4-Nchf,Nchf ChargingDataRequest,ChargingDataRequest (LBO/PDU-session applicability projection).multipleUnitUsage.usedUnitContainer.pDUContainerInformation.userLocationInformation.geraLocation.cgi.plmnId.mnc,DIRECT,T4N-R05 | T4N-R08 | T4N-R10 | T4N-R16 | T4N-R20 | T4N-R21,T4N-A13 | T4N-A17 | T4N-A34 | T4N-A55 | T4N-A70
FP-2200,T4-Nchf,Nchf ChargingDataRequest,ChargingDataRequest (LBO/PDU-session applicability projection).multipleUnitUsage.usedUnitContainer.pDUContainerInformation.userLocationInformation.geraLocation.cgi.lac,DIRECT,T4N-R05 | T4N-R08 | T4N-R10 | T4N-R16 | T4N-R20 | T4N-R21,T4N-A13 | T4N-A17 | T4N-A34 | T4N-A55 | T4N-A70
FP-2201,T4-Nchf,Nchf ChargingDataRequest,ChargingDataRequest (LBO/PDU-session applicability projection).multipleUnitUsage.usedUnitContainer.pDUContainerInformation.userLocationInformation.geraLocation.cgi.cellId,DIRECT,T4N-R05 | T4N-R08 | T4N-R10 | T4N-R16 | T4N-R20 | T4N-R21,T4N-A13 | T4N-A17 | T4N-A34 | T4N-A55 | T4N-A70
FP-2202,T4-Nchf,Nchf ChargingDataRequest,ChargingDataRequest (LBO/PDU-session applicability projection).multipleUnitUsage.usedUnitContainer.pDUContainerInformation.userLocationInformation.geraLocation.sai.plmnId.mcc,DIRECT,T4N-R05 | T4N-R08 | T4N-R10 | T4N-R16 | T4N-R20 | T4N-R21,T4N-A13 | T4N-A17 | T4N-A34 | T4N-A55 | T4N-A70
FP-2203,T4-Nchf,Nchf ChargingDataRequest,ChargingDataRequest (LBO/PDU-session applicability projection).multipleUnitUsage.usedUnitContainer.pDUContainerInformation.userLocationInformation.geraLocation.sai.plmnId.mnc,DIRECT,T4N-R05 | T4N-R08 | T4N-R10 | T4N-R16 | T4N-R20 | T4N-R21,T4N-A13 | T4N-A17 | T4N-A34 | T4N-A55 | T4N-A70
FP-2204,T4-Nchf,Nchf ChargingDataRequest,ChargingDataRequest (LBO/PDU-session applicability projection).multipleUnitUsage.usedUnitContainer.pDUContainerInformation.userLocationInformation.geraLocation.sai.lac,DIRECT,T4N-R05 | T4N-R08 | T4N-R10 | T4N-R16 | T4N-R20 | T4N-R21,T4N-A13 | T4N-A17 | T4N-A34 | T4N-A55 | T4N-A70
FP-2205,T4-Nchf,Nchf ChargingDataRequest,ChargingDataRequest (LBO/PDU-session applicability projection).multipleUnitUsage.usedUnitContainer.pDUContainerInformation.userLocationInformation.geraLocation.sai.sac,DIRECT,T4N-R05 | T4N-R08 | T4N-R10 | T4N-R16 | T4N-R20 | T4N-R21,T4N-A13 | T4N-A17 | T4N-A34 | T4N-A55 | T4N-A70
FP-2206,T4-Nchf,Nchf ChargingDataRequest,ChargingDataRequest (LBO/PDU-session applicability projection).multipleUnitUsage.usedUnitContainer.pDUContainerInformation.userLocationInformation.geraLocation.lai.plmnId.mcc,DIRECT,T4N-R05 | T4N-R08 | T4N-R10 | T4N-R16 | T4N-R20 | T4N-R21,T4N-A13 | T4N-A17 | T4N-A34 | T4N-A55 | T4N-A70
FP-2207,T4-Nchf,Nchf ChargingDataRequest,ChargingDataRequest (LBO/PDU-session applicability projection).multipleUnitUsage.usedUnitContainer.pDUContainerInformation.userLocationInformation.geraLocation.lai.plmnId.mnc,DIRECT,T4N-R05 | T4N-R08 | T4N-R10 | T4N-R16 | T4N-R20 | T4N-R21,T4N-A13 | T4N-A17 | T4N-A34 | T4N-A55 | T4N-A70
FP-2208,T4-Nchf,Nchf ChargingDataRequest,ChargingDataRequest (LBO/PDU-session applicability projection).multipleUnitUsage.usedUnitContainer.pDUContainerInformation.userLocationInformation.geraLocation.lai.lac,DIRECT,T4N-R05 | T4N-R08 | T4N-R10 | T4N-R16 | T4N-R20 | T4N-R21,T4N-A13 | T4N-A17 | T4N-A34 | T4N-A55 | T4N-A70
FP-2209,T4-Nchf,Nchf ChargingDataRequest,ChargingDataRequest (LBO/PDU-session applicability projection).multipleUnitUsage.usedUnitContainer.pDUContainerInformation.userLocationInformation.geraLocation.rai.plmnId.mcc,DIRECT,T4N-R05 | T4N-R08 | T4N-R10 | T4N-R16 | T4N-R20 | T4N-R21,T4N-A13 | T4N-A17 | T4N-A34 | T4N-A55 | T4N-A70
FP-2210,T4-Nchf,Nchf ChargingDataRequest,ChargingDataRequest (LBO/PDU-session applicability projection).multipleUnitUsage.usedUnitContainer.pDUContainerInformation.userLocationInformation.geraLocation.rai.plmnId.mnc,DIRECT,T4N-R05 | T4N-R08 | T4N-R10 | T4N-R16 | T4N-R20 | T4N-R21,T4N-A13 | T4N-A17 | T4N-A34 | T4N-A55 | T4N-A70
FP-2211,T4-Nchf,Nchf ChargingDataRequest,ChargingDataRequest (LBO/PDU-session applicability projection).multipleUnitUsage.usedUnitContainer.pDUContainerInformation.userLocationInformation.geraLocation.rai.lac,DIRECT,T4N-R05 | T4N-R08 | T4N-R10 | T4N-R16 | T4N-R20 | T4N-R21,T4N-A13 | T4N-A17 | T4N-A34 | T4N-A55 | T4N-A70
FP-2212,T4-Nchf,Nchf ChargingDataRequest,ChargingDataRequest (LBO/PDU-session applicability projection).multipleUnitUsage.usedUnitContainer.pDUContainerInformation.userLocationInformation.geraLocation.rai.rac,DIRECT,T4N-R05 | T4N-R08 | T4N-R10 | T4N-R16 | T4N-R20 | T4N-R21,T4N-A13 | T4N-A17 | T4N-A34 | T4N-A55 | T4N-A70
FP-2213,T4-Nchf,Nchf ChargingDataRequest,ChargingDataRequest (LBO/PDU-session applicability projection).multipleUnitUsage.usedUnitContainer.pDUContainerInformation.userLocationInformation.geraLocation.vlrNumber,DIRECT,T4N-R05 | T4N-R08 | T4N-R10 | T4N-R16 | T4N-R20 | T4N-R21,T4N-A13 | T4N-A17 | T4N-A34 | T4N-A55 | T4N-A70
FP-2214,T4-Nchf,Nchf ChargingDataRequest,ChargingDataRequest (LBO/PDU-session applicability projection).multipleUnitUsage.usedUnitContainer.pDUContainerInformation.userLocationInformation.geraLocation.mscNumber,DIRECT,T4N-R05 | T4N-R08 | T4N-R10 | T4N-R16 | T4N-R20 | T4N-R21,T4N-A13 | T4N-A17 | T4N-A34 | T4N-A55 | T4N-A70
FP-2215,T4-Nchf,Nchf ChargingDataRequest,ChargingDataRequest (LBO/PDU-session applicability projection).multipleUnitUsage.usedUnitContainer.pDUContainerInformation.userLocationInformation.geraLocation.ageOfLocationInformation,DIRECT,T4N-R05 | T4N-R08 | T4N-R10 | T4N-R16 | T4N-R20 | T4N-R21,T4N-A13 | T4N-A17 | T4N-A34 | T4N-A55 | T4N-A56 | T4N-A70
FP-2216,T4-Nchf,Nchf ChargingDataRequest,ChargingDataRequest (LBO/PDU-session applicability projection).multipleUnitUsage.usedUnitContainer.pDUContainerInformation.userLocationInformation.geraLocation.ueLocationTimestamp,DIRECT,T4N-R05 | T4N-R08 | T4N-R10 | T4N-R16 | T4N-R20 | T4N-R21,T4N-A13 | T4N-A17 | T4N-A34 | T4N-A55 | T4N-A56 | T4N-A70
FP-2217,T4-Nchf,Nchf ChargingDataRequest,ChargingDataRequest (LBO/PDU-session applicability projection).multipleUnitUsage.usedUnitContainer.pDUContainerInformation.userLocationInformation.geraLocation.geographicalInformation,DIRECT,T4N-R05 | T4N-R08 | T4N-R10 | T4N-R16 | T4N-R20 | T4N-R21,T4N-A13 | T4N-A17 | T4N-A34 | T4N-A55 | T4N-A70
FP-2218,T4-Nchf,Nchf ChargingDataRequest,ChargingDataRequest (LBO/PDU-session applicability projection).multipleUnitUsage.usedUnitContainer.pDUContainerInformation.userLocationInformation.geraLocation.geodeticInformation,DIRECT,T4N-R05 | T4N-R08 | T4N-R10 | T4N-R16 | T4N-R20 | T4N-R21,T4N-A13 | T4N-A17 | T4N-A34 | T4N-A55 | T4N-A70
FP-2219,T4-Nchf,Nchf ChargingDataRequest,ChargingDataRequest (LBO/PDU-session applicability projection).multipleUnitUsage.usedUnitContainer.pDUContainerInformation.uetimeZone,DIRECT,T4N-R05 | T4N-R08 | T4N-R10 | T4N-R13 | T4N-R16 | T4N-R20 | T4N-R21,T4N-A13 | T4N-A17 | T4N-A34 | T4N-A72
FP-2220,T4-Nchf,Nchf ChargingDataRequest,ChargingDataRequest (LBO/PDU-session applicability projection).multipleUnitUsage.usedUnitContainer.pDUContainerInformation.rATType,DIRECT,T4N-R05 | T4N-R08 | T4N-R10 | T4N-R20 | T4N-R21,T4N-A13 | T4N-A17 | T4N-A34
FP-2221,T4-Nchf,Nchf ChargingDataRequest,ChargingDataRequest (LBO/PDU-session applicability projection).multipleUnitUsage.usedUnitContainer.pDUContainerInformation.servingNodeID.servingNetworkFunctionInformation.nFName,DIRECT,T4N-R04 | T4N-R05 | T4N-R08 | T4N-R10 | T4N-R14 | T4N-R20 | T4N-R21,T4N-A13 | T4N-A17 | T4N-A34 | T4N-A52
FP-2222,T4-Nchf,Nchf ChargingDataRequest,ChargingDataRequest (LBO/PDU-session applicability projection).multipleUnitUsage.usedUnitContainer.pDUContainerInformation.servingNodeID.servingNetworkFunctionInformation.nFIPv4Address,DIRECT,T4N-R04 | T4N-R05 | T4N-R08 | T4N-R10 | T4N-R14 | T4N-R20 | T4N-R21,T4N-A13 | T4N-A17 | T4N-A34 | T4N-A52
FP-2223,T4-Nchf,Nchf ChargingDataRequest,ChargingDataRequest (LBO/PDU-session applicability projection).multipleUnitUsage.usedUnitContainer.pDUContainerInformation.servingNodeID.servingNetworkFunctionInformation.nFIPv6Address,DIRECT,T4N-R04 | T4N-R05 | T4N-R08 | T4N-R10 | T4N-R14 | T4N-R20 | T4N-R21,T4N-A13 | T4N-A17 | T4N-A34 | T4N-A52
FP-2224,T4-Nchf,Nchf ChargingDataRequest,ChargingDataRequest (LBO/PDU-session applicability projection).multipleUnitUsage.usedUnitContainer.pDUContainerInformation.servingNodeID.servingNetworkFunctionInformation.nFPLMNID.mcc,DIRECT,T4N-R04 | T4N-R05 | T4N-R08 | T4N-R10 | T4N-R14 | T4N-R20 | T4N-R21,T4N-A13 | T4N-A17 | T4N-A34 | T4N-A52
FP-2225,T4-Nchf,Nchf ChargingDataRequest,ChargingDataRequest (LBO/PDU-session applicability projection).multipleUnitUsage.usedUnitContainer.pDUContainerInformation.servingNodeID.servingNetworkFunctionInformation.nFPLMNID.mnc,DIRECT,T4N-R04 | T4N-R05 | T4N-R08 | T4N-R10 | T4N-R14 | T4N-R20 | T4N-R21,T4N-A13 | T4N-A17 | T4N-A34 | T4N-A52
FP-2226,T4-Nchf,Nchf ChargingDataRequest,ChargingDataRequest (LBO/PDU-session applicability projection).multipleUnitUsage.usedUnitContainer.pDUContainerInformation.servingNodeID.servingNetworkFunctionInformation.nodeFunctionality,DIRECT,T4N-R04 | T4N-R05 | T4N-R08 | T4N-R10 | T4N-R14 | T4N-R20 | T4N-R21,T4N-A13 | T4N-A17 | T4N-A34 | T4N-A52
FP-2227,T4-Nchf,Nchf ChargingDataRequest,ChargingDataRequest (LBO/PDU-session applicability projection).multipleUnitUsage.usedUnitContainer.pDUContainerInformation.servingNodeID.servingNetworkFunctionInformation.nFFqdn,DIRECT,T4N-R04 | T4N-R05 | T4N-R08 | T4N-R10 | T4N-R14 | T4N-R20 | T4N-R21,T4N-A13 | T4N-A17 | T4N-A34 | T4N-A52
FP-2228,T4-Nchf,Nchf ChargingDataRequest,ChargingDataRequest (LBO/PDU-session applicability projection).multipleUnitUsage.usedUnitContainer.pDUContainerInformation.servingNodeID.aMFId,DIRECT,T4N-R04 | T4N-R05 | T4N-R08 | T4N-R10 | T4N-R14 | T4N-R20 | T4N-R21,T4N-A13 | T4N-A17 | T4N-A34 | T4N-A52
FP-2229,T4-Nchf,Nchf ChargingDataRequest,ChargingDataRequest (LBO/PDU-session applicability projection).multipleUnitUsage.usedUnitContainer.pDUContainerInformation.presenceReportingAreaInformation.praId,DIRECT,T4N-R05 | T4N-R08 | T4N-R10 | T4N-R16 | T4N-R20 | T4N-R21,T4N-A13 | T4N-A17 | T4N-A34 | T4N-A57
FP-2230,T4-Nchf,Nchf ChargingDataRequest,ChargingDataRequest (LBO/PDU-session applicability projection).multipleUnitUsage.usedUnitContainer.pDUContainerInformation.presenceReportingAreaInformation.additionalPraId,DIRECT,T4N-R05 | T4N-R08 | T4N-R10 | T4N-R16 | T4N-R20 | T4N-R21,T4N-A13 | T4N-A17 | T4N-A34 | T4N-A57
FP-2231,T4-Nchf,Nchf ChargingDataRequest,ChargingDataRequest (LBO/PDU-session applicability projection).multipleUnitUsage.usedUnitContainer.pDUContainerInformation.presenceReportingAreaInformation.presenceState,DIRECT,T4N-R05 | T4N-R08 | T4N-R10 | T4N-R16 | T4N-R20 | T4N-R21,T4N-A13 | T4N-A17 | T4N-A34 | T4N-A57
FP-2232,T4-Nchf,Nchf ChargingDataRequest,ChargingDataRequest (LBO/PDU-session applicability projection).multipleUnitUsage.usedUnitContainer.pDUContainerInformation.presenceReportingAreaInformation.trackingAreaList.plmnId.mcc,DIRECT,T4N-R05 | T4N-R08 | T4N-R10 | T4N-R16 | T4N-R20 | T4N-R21,T4N-A13 | T4N-A17 | T4N-A34 | T4N-A57
FP-2233,T4-Nchf,Nchf ChargingDataRequest,ChargingDataRequest (LBO/PDU-session applicability projection).multipleUnitUsage.usedUnitContainer.pDUContainerInformation.presenceReportingAreaInformation.trackingAreaList.plmnId.mnc,DIRECT,T4N-R05 | T4N-R08 | T4N-R10 | T4N-R16 | T4N-R20 | T4N-R21,T4N-A13 | T4N-A17 | T4N-A34 | T4N-A57
FP-2234,T4-Nchf,Nchf ChargingDataRequest,ChargingDataRequest (LBO/PDU-session applicability projection).multipleUnitUsage.usedUnitContainer.pDUContainerInformation.presenceReportingAreaInformation.trackingAreaList.tac,DIRECT,T4N-R05 | T4N-R08 | T4N-R10 | T4N-R16 | T4N-R20 | T4N-R21,T4N-A13 | T4N-A17 | T4N-A34 | T4N-A57
FP-2235,T4-Nchf,Nchf ChargingDataRequest,ChargingDataRequest (LBO/PDU-session applicability projection).multipleUnitUsage.usedUnitContainer.pDUContainerInformation.presenceReportingAreaInformation.trackingAreaList.nid,DIRECT,T4N-R05 | T4N-R08 | T4N-R10 | T4N-R16 | T4N-R20 | T4N-R21,T4N-A13 | T4N-A17 | T4N-A34 | T4N-A57
FP-2236,T4-Nchf,Nchf ChargingDataRequest,ChargingDataRequest (LBO/PDU-session applicability projection).multipleUnitUsage.usedUnitContainer.pDUContainerInformation.presenceReportingAreaInformation.ecgiList.plmnId.mcc,DIRECT,T4N-R05 | T4N-R08 | T4N-R10 | T4N-R16 | T4N-R20 | T4N-R21,T4N-A13 | T4N-A17 | T4N-A34 | T4N-A57
FP-2237,T4-Nchf,Nchf ChargingDataRequest,ChargingDataRequest (LBO/PDU-session applicability projection).multipleUnitUsage.usedUnitContainer.pDUContainerInformation.presenceReportingAreaInformation.ecgiList.plmnId.mnc,DIRECT,T4N-R05 | T4N-R08 | T4N-R10 | T4N-R16 | T4N-R20 | T4N-R21,T4N-A13 | T4N-A17 | T4N-A34 | T4N-A57
FP-2238,T4-Nchf,Nchf ChargingDataRequest,ChargingDataRequest (LBO/PDU-session applicability projection).multipleUnitUsage.usedUnitContainer.pDUContainerInformation.presenceReportingAreaInformation.ecgiList.eutraCellId,DIRECT,T4N-R05 | T4N-R08 | T4N-R10 | T4N-R16 | T4N-R20 | T4N-R21,T4N-A13 | T4N-A17 | T4N-A34 | T4N-A57
FP-2239,T4-Nchf,Nchf ChargingDataRequest,ChargingDataRequest (LBO/PDU-session applicability projection).multipleUnitUsage.usedUnitContainer.pDUContainerInformation.presenceReportingAreaInformation.ecgiList.nid,DIRECT,T4N-R05 | T4N-R08 | T4N-R10 | T4N-R16 | T4N-R20 | T4N-R21,T4N-A13 | T4N-A17 | T4N-A34 | T4N-A57
FP-2240,T4-Nchf,Nchf ChargingDataRequest,ChargingDataRequest (LBO/PDU-session applicability projection).multipleUnitUsage.usedUnitContainer.pDUContainerInformation.presenceReportingAreaInformation.ncgiList.plmnId.mcc,DIRECT,T4N-R05 | T4N-R08 | T4N-R10 | T4N-R16 | T4N-R20 | T4N-R21,T4N-A13 | T4N-A17 | T4N-A34 | T4N-A57
FP-2241,T4-Nchf,Nchf ChargingDataRequest,ChargingDataRequest (LBO/PDU-session applicability projection).multipleUnitUsage.usedUnitContainer.pDUContainerInformation.presenceReportingAreaInformation.ncgiList.plmnId.mnc,DIRECT,T4N-R05 | T4N-R08 | T4N-R10 | T4N-R16 | T4N-R20 | T4N-R21,T4N-A13 | T4N-A17 | T4N-A34 | T4N-A57
FP-2242,T4-Nchf,Nchf ChargingDataRequest,ChargingDataRequest (LBO/PDU-session applicability projection).multipleUnitUsage.usedUnitContainer.pDUContainerInformation.presenceReportingAreaInformation.ncgiList.nrCellId,DIRECT,T4N-R05 | T4N-R08 | T4N-R10 | T4N-R16 | T4N-R20 | T4N-R21,T4N-A13 | T4N-A17 | T4N-A34 | T4N-A57
FP-2243,T4-Nchf,Nchf ChargingDataRequest,ChargingDataRequest (LBO/PDU-session applicability projection).multipleUnitUsage.usedUnitContainer.pDUContainerInformation.presenceReportingAreaInformation.ncgiList.nid,DIRECT,T4N-R05 | T4N-R08 | T4N-R10 | T4N-R16 | T4N-R20 | T4N-R21,T4N-A13 | T4N-A17 | T4N-A34 | T4N-A57
FP-2244,T4-Nchf,Nchf ChargingDataRequest,ChargingDataRequest (LBO/PDU-session applicability projection).multipleUnitUsage.usedUnitContainer.pDUContainerInformation.presenceReportingAreaInformation.globalRanNodeIdList.plmnId.mcc,DIRECT,T4N-R05 | T4N-R08 | T4N-R10 | T4N-R16 | T4N-R20 | T4N-R21,T4N-A13 | T4N-A17 | T4N-A34 | T4N-A57
FP-2245,T4-Nchf,Nchf ChargingDataRequest,ChargingDataRequest (LBO/PDU-session applicability projection).multipleUnitUsage.usedUnitContainer.pDUContainerInformation.presenceReportingAreaInformation.globalRanNodeIdList.plmnId.mnc,DIRECT,T4N-R05 | T4N-R08 | T4N-R10 | T4N-R16 | T4N-R20 | T4N-R21,T4N-A13 | T4N-A17 | T4N-A34 | T4N-A57
FP-2246,T4-Nchf,Nchf ChargingDataRequest,ChargingDataRequest (LBO/PDU-session applicability projection).multipleUnitUsage.usedUnitContainer.pDUContainerInformation.presenceReportingAreaInformation.globalRanNodeIdList.n3IwfId,DIRECT,T4N-R05 | T4N-R08 | T4N-R10 | T4N-R16 | T4N-R20 | T4N-R21,T4N-A13 | T4N-A17 | T4N-A34 | T4N-A57
FP-2247,T4-Nchf,Nchf ChargingDataRequest,ChargingDataRequest (LBO/PDU-session applicability projection).multipleUnitUsage.usedUnitContainer.pDUContainerInformation.presenceReportingAreaInformation.globalRanNodeIdList.gNbId.bitLength,DIRECT,T4N-R05 | T4N-R08 | T4N-R10 | T4N-R16 | T4N-R20 | T4N-R21,T4N-A13 | T4N-A17 | T4N-A34 | T4N-A57
FP-2248,T4-Nchf,Nchf ChargingDataRequest,ChargingDataRequest (LBO/PDU-session applicability projection).multipleUnitUsage.usedUnitContainer.pDUContainerInformation.presenceReportingAreaInformation.globalRanNodeIdList.gNbId.gNBValue,DIRECT,T4N-R05 | T4N-R08 | T4N-R10 | T4N-R16 | T4N-R20 | T4N-R21,T4N-A13 | T4N-A17 | T4N-A34 | T4N-A57
FP-2249,T4-Nchf,Nchf ChargingDataRequest,ChargingDataRequest (LBO/PDU-session applicability projection).multipleUnitUsage.usedUnitContainer.pDUContainerInformation.presenceReportingAreaInformation.globalRanNodeIdList.ngeNbId,DIRECT,T4N-R05 | T4N-R08 | T4N-R10 | T4N-R16 | T4N-R20 | T4N-R21,T4N-A13 | T4N-A17 | T4N-A34 | T4N-A57
FP-2250,T4-Nchf,Nchf ChargingDataRequest,ChargingDataRequest (LBO/PDU-session applicability projection).multipleUnitUsage.usedUnitContainer.pDUContainerInformation.presenceReportingAreaInformation.globalRanNodeIdList.wagfId,DIRECT,T4N-R05 | T4N-R08 | T4N-R10 | T4N-R16 | T4N-R20 | T4N-R21,T4N-A13 | T4N-A17 | T4N-A34 | T4N-A57
FP-2251,T4-Nchf,Nchf ChargingDataRequest,ChargingDataRequest (LBO/PDU-session applicability projection).multipleUnitUsage.usedUnitContainer.pDUContainerInformation.presenceReportingAreaInformation.globalRanNodeIdList.tngfId,DIRECT,T4N-R05 | T4N-R08 | T4N-R10 | T4N-R16 | T4N-R20 | T4N-R21,T4N-A13 | T4N-A17 | T4N-A34 | T4N-A57
FP-2252,T4-Nchf,Nchf ChargingDataRequest,ChargingDataRequest (LBO/PDU-session applicability projection).multipleUnitUsage.usedUnitContainer.pDUContainerInformation.presenceReportingAreaInformation.globalRanNodeIdList.nid,DIRECT,T4N-R05 | T4N-R08 | T4N-R10 | T4N-R16 | T4N-R20 | T4N-R21,T4N-A13 | T4N-A17 | T4N-A34 | T4N-A57
FP-2253,T4-Nchf,Nchf ChargingDataRequest,ChargingDataRequest (LBO/PDU-session applicability projection).multipleUnitUsage.usedUnitContainer.pDUContainerInformation.presenceReportingAreaInformation.globalRanNodeIdList.eNbId,DIRECT,T4N-R05 | T4N-R08 | T4N-R10 | T4N-R16 | T4N-R20 | T4N-R21,T4N-A13 | T4N-A17 | T4N-A34 | T4N-A57
FP-2254,T4-Nchf,Nchf ChargingDataRequest,ChargingDataRequest (LBO/PDU-session applicability projection).multipleUnitUsage.usedUnitContainer.pDUContainerInformation.presenceReportingAreaInformation.globaleNbIdList.plmnId.mcc,DIRECT,T4N-R05 | T4N-R08 | T4N-R10 | T4N-R16 | T4N-R20 | T4N-R21,T4N-A13 | T4N-A17 | T4N-A34 | T4N-A57
FP-2255,T4-Nchf,Nchf ChargingDataRequest,ChargingDataRequest (LBO/PDU-session applicability projection).multipleUnitUsage.usedUnitContainer.pDUContainerInformation.presenceReportingAreaInformation.globaleNbIdList.plmnId.mnc,DIRECT,T4N-R05 | T4N-R08 | T4N-R10 | T4N-R16 | T4N-R20 | T4N-R21,T4N-A13 | T4N-A17 | T4N-A34 | T4N-A57
FP-2256,T4-Nchf,Nchf ChargingDataRequest,ChargingDataRequest (LBO/PDU-session applicability projection).multipleUnitUsage.usedUnitContainer.pDUContainerInformation.presenceReportingAreaInformation.globaleNbIdList.n3IwfId,DIRECT,T4N-R05 | T4N-R08 | T4N-R10 | T4N-R16 | T4N-R20 | T4N-R21,T4N-A13 | T4N-A17 | T4N-A34 | T4N-A57
FP-2257,T4-Nchf,Nchf ChargingDataRequest,ChargingDataRequest (LBO/PDU-session applicability projection).multipleUnitUsage.usedUnitContainer.pDUContainerInformation.presenceReportingAreaInformation.globaleNbIdList.gNbId.bitLength,DIRECT,T4N-R05 | T4N-R08 | T4N-R10 | T4N-R16 | T4N-R20 | T4N-R21,T4N-A13 | T4N-A17 | T4N-A34 | T4N-A57
FP-2258,T4-Nchf,Nchf ChargingDataRequest,ChargingDataRequest (LBO/PDU-session applicability projection).multipleUnitUsage.usedUnitContainer.pDUContainerInformation.presenceReportingAreaInformation.globaleNbIdList.gNbId.gNBValue,DIRECT,T4N-R05 | T4N-R08 | T4N-R10 | T4N-R16 | T4N-R20 | T4N-R21,T4N-A13 | T4N-A17 | T4N-A34 | T4N-A57
FP-2259,T4-Nchf,Nchf ChargingDataRequest,ChargingDataRequest (LBO/PDU-session applicability projection).multipleUnitUsage.usedUnitContainer.pDUContainerInformation.presenceReportingAreaInformation.globaleNbIdList.ngeNbId,DIRECT,T4N-R05 | T4N-R08 | T4N-R10 | T4N-R16 | T4N-R20 | T4N-R21,T4N-A13 | T4N-A17 | T4N-A34 | T4N-A57
FP-2260,T4-Nchf,Nchf ChargingDataRequest,ChargingDataRequest (LBO/PDU-session applicability projection).multipleUnitUsage.usedUnitContainer.pDUContainerInformation.presenceReportingAreaInformation.globaleNbIdList.wagfId,DIRECT,T4N-R05 | T4N-R08 | T4N-R10 | T4N-R16 | T4N-R20 | T4N-R21,T4N-A13 | T4N-A17 | T4N-A34 | T4N-A57
FP-2261,T4-Nchf,Nchf ChargingDataRequest,ChargingDataRequest (LBO/PDU-session applicability projection).multipleUnitUsage.usedUnitContainer.pDUContainerInformation.presenceReportingAreaInformation.globaleNbIdList.tngfId,DIRECT,T4N-R05 | T4N-R08 | T4N-R10 | T4N-R16 | T4N-R20 | T4N-R21,T4N-A13 | T4N-A17 | T4N-A34 | T4N-A57
FP-2262,T4-Nchf,Nchf ChargingDataRequest,ChargingDataRequest (LBO/PDU-session applicability projection).multipleUnitUsage.usedUnitContainer.pDUContainerInformation.presenceReportingAreaInformation.globaleNbIdList.nid,DIRECT,T4N-R05 | T4N-R08 | T4N-R10 | T4N-R16 | T4N-R20 | T4N-R21,T4N-A13 | T4N-A17 | T4N-A34 | T4N-A57
FP-2263,T4-Nchf,Nchf ChargingDataRequest,ChargingDataRequest (LBO/PDU-session applicability projection).multipleUnitUsage.usedUnitContainer.pDUContainerInformation.presenceReportingAreaInformation.globaleNbIdList.eNbId,DIRECT,T4N-R05 | T4N-R08 | T4N-R10 | T4N-R16 | T4N-R20 | T4N-R21,T4N-A13 | T4N-A17 | T4N-A34 | T4N-A57
FP-2264,T4-Nchf,Nchf ChargingDataRequest,ChargingDataRequest (LBO/PDU-session applicability projection).multipleUnitUsage.usedUnitContainer.pDUContainerInformation.3gppPSDataOffStatus,DIRECT,T4N-R05 | T4N-R08 | T4N-R10 | T4N-R14 | T4N-R20 | T4N-R21,T4N-A13 | T4N-A17 | T4N-A34 | T4N-A63
FP-2265,T4-Nchf,Nchf ChargingDataRequest,ChargingDataRequest (LBO/PDU-session applicability projection).multipleUnitUsage.usedUnitContainer.pDUContainerInformation.sponsorIdentity,DIRECT,T4N-R05 | T4N-R08 | T4N-R10 | T4N-R18 | T4N-R20 | T4N-R21,T4N-A13 | T4N-A17 | T4N-A34 | T4N-A62
FP-2266,T4-Nchf,Nchf ChargingDataRequest,ChargingDataRequest (LBO/PDU-session applicability projection).multipleUnitUsage.usedUnitContainer.pDUContainerInformation.applicationserviceProviderIdentity,DIRECT,T4N-R05 | T4N-R08 | T4N-R10 | T4N-R18 | T4N-R20 | T4N-R21,T4N-A13 | T4N-A17 | T4N-A34 | T4N-A62
FP-2267,T4-Nchf,Nchf ChargingDataRequest,ChargingDataRequest (LBO/PDU-session applicability projection).multipleUnitUsage.usedUnitContainer.pDUContainerInformation.chargingRuleBaseName,DIRECT,T4N-R05 | T4N-R08 | T4N-R10 | T4N-R18 | T4N-R20 | T4N-R21,T4N-A13 | T4N-A17 | T4N-A34 | T4N-A62
FP-2268,T4-Nchf,Nchf ChargingDataRequest,ChargingDataRequest (LBO/PDU-session applicability projection).multipleUnitUsage.usedUnitContainer.pDUContainerInformation.mAPDUSteeringFunctionality,DIRECT,T4N-R05 | T4N-R08 | T4N-R10 | T4N-R19 | T4N-R20 | T4N-R21,T4N-A13 | T4N-A17 | T4N-A34 | T4N-A64
FP-2269,T4-Nchf,Nchf ChargingDataRequest,ChargingDataRequest (LBO/PDU-session applicability projection).multipleUnitUsage.usedUnitContainer.pDUContainerInformation.mAPDUSteeringMode.steerModeValue,DIRECT,T4N-R05 | T4N-R08 | T4N-R10 | T4N-R20 | T4N-R21,T4N-A13 | T4N-A17 | T4N-A34
FP-2270,T4-Nchf,Nchf ChargingDataRequest,ChargingDataRequest (LBO/PDU-session applicability projection).multipleUnitUsage.usedUnitContainer.pDUContainerInformation.mAPDUSteeringMode.active,DIRECT,T4N-R05 | T4N-R08 | T4N-R10 | T4N-R20 | T4N-R21,T4N-A13 | T4N-A17 | T4N-A34
FP-2271,T4-Nchf,Nchf ChargingDataRequest,ChargingDataRequest (LBO/PDU-session applicability projection).multipleUnitUsage.usedUnitContainer.pDUContainerInformation.mAPDUSteeringMode.standby,DIRECT,T4N-R05 | T4N-R08 | T4N-R10 | T4N-R20 | T4N-R21,T4N-A13 | T4N-A17 | T4N-A34
FP-2272,T4-Nchf,Nchf ChargingDataRequest,ChargingDataRequest (LBO/PDU-session applicability projection).multipleUnitUsage.usedUnitContainer.pDUContainerInformation.mAPDUSteeringMode.3gLoad,DIRECT,T4N-R05 | T4N-R08 | T4N-R10 | T4N-R20 | T4N-R21,T4N-A13 | T4N-A17 | T4N-A34
FP-2273,T4-Nchf,Nchf ChargingDataRequest,ChargingDataRequest (LBO/PDU-session applicability projection).multipleUnitUsage.usedUnitContainer.pDUContainerInformation.mAPDUSteeringMode.prioAcc,DIRECT,T4N-R05 | T4N-R08 | T4N-R10 | T4N-R20 | T4N-R21,T4N-A13 | T4N-A17 | T4N-A34
FP-2274,T4-Nchf,Nchf ChargingDataRequest,ChargingDataRequest (LBO/PDU-session applicability projection).multipleUnitUsage.usedUnitContainer.pDUContainerInformation.mAPDUSteeringMode.thresValue.rttThres,DIRECT,T4N-R05 | T4N-R08 | T4N-R10 | T4N-R20 | T4N-R21,T4N-A13 | T4N-A17 | T4N-A34
FP-2275,T4-Nchf,Nchf ChargingDataRequest,ChargingDataRequest (LBO/PDU-session applicability projection).multipleUnitUsage.usedUnitContainer.pDUContainerInformation.mAPDUSteeringMode.thresValue.plrThres,DIRECT,T4N-R05 | T4N-R08 | T4N-R10 | T4N-R20 | T4N-R21,T4N-A13 | T4N-A17 | T4N-A34
FP-2276,T4-Nchf,Nchf ChargingDataRequest,ChargingDataRequest (LBO/PDU-session applicability projection).multipleUnitUsage.usedUnitContainer.pDUContainerInformation.mAPDUSteeringMode.steerModeInd,DIRECT,T4N-R05 | T4N-R08 | T4N-R10 | T4N-R20 | T4N-R21,T4N-A13 | T4N-A17 | T4N-A34
FP-2277,T4-Nchf,Nchf ChargingDataRequest,ChargingDataRequest (LBO/PDU-session applicability projection).multipleUnitUsage.usedUnitContainer.pDUContainerInformation.trafficForwardingWay,DIRECT,T4N-R05 | T4N-R08 | T4N-R10 | T4N-R19 | T4N-R20 | T4N-R21,T4N-A13 | T4N-A17 | T4N-A34 | T4N-A64
FP-2278,T4-Nchf,Nchf ChargingDataRequest,ChargingDataRequest (LBO/PDU-session applicability projection).multipleUnitUsage.usedUnitContainer.pDUContainerInformation.qosMonitoringReport.ulDelays,DIRECT,T4N-R05 | T4N-R08 | T4N-R10 | T4N-R20 | T4N-R21,T4N-A13 | T4N-A17 | T4N-A34
FP-2279,T4-Nchf,Nchf ChargingDataRequest,ChargingDataRequest (LBO/PDU-session applicability projection).multipleUnitUsage.usedUnitContainer.pDUContainerInformation.qosMonitoringReport.dlDelays,DIRECT,T4N-R05 | T4N-R08 | T4N-R10 | T4N-R20 | T4N-R21,T4N-A13 | T4N-A17 | T4N-A34
FP-2280,T4-Nchf,Nchf ChargingDataRequest,ChargingDataRequest (LBO/PDU-session applicability projection).multipleUnitUsage.usedUnitContainer.pDUContainerInformation.qosMonitoringReport.rtDelays,DIRECT,T4N-R05 | T4N-R08 | T4N-R10 | T4N-R20 | T4N-R21,T4N-A13 | T4N-A17 | T4N-A34
