scenario_id,surface,message,scenario_name,field_patterns,matched_field_count,matched_field_examples,field_mapping_mode,constraint_ids,attacker_nf,violated_invariants,candidate_class,implementation_priority,testbed_support_expectation,initial_validation_status,standard_basis,required_evidence,recommended_workload
T1-A01,T1,SmPolicyDecision (Create response / Update response / UpdateNotify),Policy object map-key / embedded-ID mismatch,SmPolicyDecision\.(sessRules|pccRules|qosDecs|chgDecs|traffContDecs|umDecs|qosMonDecs|conds)\..*(sessRuleId|pccRuleId|qosId|chgId|tcId|umId|qmId|condId)$,8,SmPolicyDecision.sessRules.sessRuleId | SmPolicyDecision.pccRules.pccRuleId | SmPolicyDecision.qosDecs.qosId | SmPolicyDecision.chgDecs.chgId | SmPolicyDecision.traffContDecs.tcId | SmPolicyDecision.umDecs.umId | SmPolicyDecision.qosMonDecs.qmId | SmPolicyDecision.conds.condId,FIELD_AND_RELATION,T1-R01,V-PCF,"Sem,Ctx,Uniq",STRUCTURAL,P1,INVENTORY_REQUIRED,STD,3GPP TS 29.512 V17.18.0; TS 29.571 V17.12.0; TS 23.503 semantic context,N7 JSON before/after mutation; V-SMF parsed policy state; derived PFCP diff; Gy/OCS usage and charge; baseline/attack PCAP and logs,W1_UL_ONLY
T1-A02,T1,SmPolicyDecision (Create response / Update response / UpdateNotify),Foreign QoS reference substitution,SmPolicyDecision\.pccRules\.ref(QosData|AltQosParams)$ | SmPolicyDecision\.qosDecs\. | SmPolicyDecision\.qosChars\.,32,SmPolicyDecision.pccRules.refQosData | SmPolicyDecision.pccRules.refAltQosParams | SmPolicyDecision.qosDecs.qosId | SmPolicyDecision.qosDecs.5qi | SmPolicyDecision.qosDecs.maxbrUl | SmPolicyDecision.qosDecs.maxbrDl | SmPolicyDecision.qosDecs.gbrUl | SmPolicyDecision.qosDecs.gbrDl,FIELD_AND_RELATION,T1-R02 | T1-R09,V-PCF,"Auth,Ctx,Deriv",CONDITIONAL,P1,INVENTORY_REQUIRED,STD,3GPP TS 29.512 V17.18.0; TS 29.571 V17.12.0; TS 23.503 semantic context,N7 JSON before/after mutation; V-SMF parsed policy state; derived PFCP diff; Gy/OCS usage and charge; baseline/attack PCAP and logs,W6_DIFFERENTIATED_CONTEXT
T1-A03,T1,SmPolicyDecision (Create response / Update response / UpdateNotify),Charging-data reference substitution,SmPolicyDecision\.pccRules\.refChg(Data|N3gData)$ | SmPolicyDecision\.chgDecs\.,14,SmPolicyDecision.pccRules.refChgData | SmPolicyDecision.pccRules.refChgN3gData | SmPolicyDecision.chgDecs.chgId | SmPolicyDecision.chgDecs.meteringMethod | SmPolicyDecision.chgDecs.offline | SmPolicyDecision.chgDecs.online | SmPolicyDecision.chgDecs.sdfHandl | SmPolicyDecision.chgDecs.ratingGroup,FIELD_AND_RELATION,T1-R02 | T1-R04,V-PCF,"Auth,Ctx,Attr,Deriv",DIRECT,P1,INVENTORY_REQUIRED,STD,3GPP TS 29.512 V17.18.0; TS 29.571 V17.12.0; TS 23.503 semantic context,N7 JSON before/after mutation; V-SMF parsed policy state; derived PFCP diff; Gy/OCS usage and charge; baseline/attack PCAP and logs,W6_DIFFERENTIATED_CONTEXT
T1-A04,T1,SmPolicyDecision (Create response / Update response / UpdateNotify),Charging-reference removal suppression,SmPolicyDecision\.pccRules\.refChg(Data|N3gData)$,2,SmPolicyDecision.pccRules.refChgData | SmPolicyDecision.pccRules.refChgN3gData,FIELD_AND_RELATION,T1-R02 | T1-R04 | T1-R12,V-PCF,"Auth,Comp,Deriv",DIRECT,P1,INVENTORY_REQUIRED,STD,3GPP TS 29.512 V17.18.0; TS 29.571 V17.12.0; TS 23.503 semantic context,N7 JSON before/after mutation; V-SMF parsed policy state; derived PFCP diff; Gy/OCS usage and charge; baseline/attack PCAP and logs,W1_UL_ONLY
T1-A05,T1,SmPolicyDecision (Create response / Update response / UpdateNotify),Duplicate charging attribution at policy layer,SmPolicyDecision\.pccRules\.(flowInfos|appId|precedence|refChgData) | SmPolicyDecision\.chgDecs\.,30,SmPolicyDecision.pccRules.flowInfos.flowDescription | SmPolicyDecision.pccRules.flowInfos.ethFlowDescription.destMacAddr | SmPolicyDecision.pccRules.flowInfos.ethFlowDescription.ethType | SmPolicyDecision.pccRules.flowInfos.ethFlowDescription.fDesc | SmPolicyDecision.pccRules.flowInfos.ethFlowDescription.fDir | SmPolicyDecision.pccRules.flowInfos.ethFlowDescription.sourceMacAddr | SmPolicyDecision.pccRules.flowInfos.ethFlowDescription.vlanTags | SmPolicyDecision.pccRules.flowInfos.ethFlowDescription.srcMacAddrEnd,FIELD_AND_RELATION,T1-R04 | T1-R05,V-PCF,"Uniq,Auth,Deriv",DIRECT,P1,INVENTORY_REQUIRED,STD,3GPP TS 29.512 V17.18.0; TS 29.571 V17.12.0; TS 23.503 semantic context,N7 JSON before/after mutation; V-SMF parsed policy state; derived PFCP diff; Gy/OCS usage and charge; baseline/attack PCAP and logs,W6_DIFFERENTIATED_CONTEXT
T1-A06,T1,SmPolicyDecision (Create response / Update response / UpdateNotify),IP flow-description scope expansion,SmPolicyDecision\.pccRules\.flowInfos\.flowDescription$ | SmPolicyDecision\.pccRules\.flowInfos\.fDesc$,1,SmPolicyDecision.pccRules.flowInfos.flowDescription,FIELD_AND_RELATION,T1-R04 | T1-R05,V-PCF,"Auth,Deriv",DIRECT,P1,INVENTORY_REQUIRED,STD,3GPP TS 29.512 V17.18.0; TS 29.571 V17.12.0; TS 23.503 semantic context,N7 JSON before/after mutation; V-SMF parsed policy state; derived PFCP diff; Gy/OCS usage and charge; baseline/attack PCAP and logs,W1_UL_ONLY
T1-A07,T1,SmPolicyDecision (Create response / Update response / UpdateNotify),Ethernet selector scope expansion,SmPolicyDecision\.pccRules\.flowInfos\.ethFlowDescription\.,8,SmPolicyDecision.pccRules.flowInfos.ethFlowDescription.destMacAddr | SmPolicyDecision.pccRules.flowInfos.ethFlowDescription.ethType | SmPolicyDecision.pccRules.flowInfos.ethFlowDescription.fDesc | SmPolicyDecision.pccRules.flowInfos.ethFlowDescription.fDir | SmPolicyDecision.pccRules.flowInfos.ethFlowDescription.sourceMacAddr | SmPolicyDecision.pccRules.flowInfos.ethFlowDescription.vlanTags | SmPolicyDecision.pccRules.flowInfos.ethFlowDescription.srcMacAddrEnd | SmPolicyDecision.pccRules.flowInfos.ethFlowDescription.destMacAddrEnd,FIELD_AND_RELATION,T1-R04,V-PCF,"Auth,Ctx,Attr",CONDITIONAL,P2,INVENTORY_REQUIRED,STD,3GPP TS 29.512 V17.18.0; TS 29.571 V17.12.0; TS 23.503 semantic context,N7 JSON before/after mutation; V-SMF parsed policy state; derived PFCP diff; Gy/OCS usage and charge; baseline/attack PCAP and logs,W3_ASYMMETRIC_UL_DL
T1-A08,T1,SmPolicyDecision (Create response / Update response / UpdateNotify),Auxiliary packet-filter selector substitution,SmPolicyDecision\.pccRules\.flowInfos\.(tosTrafficClass|spi|flowLabel|flowDirection|packetFilterUsage|packFiltId)$,6,SmPolicyDecision.pccRules.flowInfos.packFiltId | SmPolicyDecision.pccRules.flowInfos.packetFilterUsage | SmPolicyDecision.pccRules.flowInfos.tosTrafficClass | SmPolicyDecision.pccRules.flowInfos.spi | SmPolicyDecision.pccRules.flowInfos.flowLabel | SmPolicyDecision.pccRules.flowInfos.flowDirection,FIELD_AND_RELATION,T1-R04,V-PCF,"Auth,Sem,Deriv",CONDITIONAL,P2,INVENTORY_REQUIRED,STD,3GPP TS 29.512 V17.18.0; TS 29.571 V17.12.0; TS 23.503 semantic context,N7 JSON before/after mutation; V-SMF parsed policy state; derived PFCP diff; Gy/OCS usage and charge; baseline/attack PCAP and logs,W3_ASYMMETRIC_UL_DL
T1-A09,T1,SmPolicyDecision (Create response / Update response / UpdateNotify),PCC precedence capture,SmPolicyDecision\.pccRules\.(precedence|packFiltAllPrec)$,2,SmPolicyDecision.pccRules.precedence | SmPolicyDecision.pccRules.packFiltAllPrec,FIELD_AND_RELATION,T1-R05,V-PCF,"Auth,Ctx,Deriv",DIRECT,P1,INVENTORY_REQUIRED,STD,3GPP TS 29.512 V17.18.0; TS 29.571 V17.12.0; TS 23.503 semantic context,N7 JSON before/after mutation; V-SMF parsed policy state; derived PFCP diff; Gy/OCS usage and charge; baseline/attack PCAP and logs,W6_DIFFERENTIATED_CONTEXT
T1-A10,T1,SmPolicyDecision (Create response / Update response / UpdateNotify),Application identity substitution,SmPolicyDecision\.pccRules\.(appId|appDescriptor|contVer)$,3,SmPolicyDecision.pccRules.appId | SmPolicyDecision.pccRules.appDescriptor | SmPolicyDecision.pccRules.contVer,FIELD_AND_RELATION,T1-R04 | T1-R10,V-PCF,"Ctx,Attr,Deriv",CONDITIONAL,P2,INVENTORY_REQUIRED,STD,3GPP TS 29.512 V17.18.0; TS 29.571 V17.12.0; TS 23.503 semantic context,N7 JSON before/after mutation; V-SMF parsed policy state; derived PFCP diff; Gy/OCS usage and charge; baseline/attack PCAP and logs,W6_DIFFERENTIATED_CONTEXT
T1-A11,T1,SmPolicyDecision (Create response / Update response / UpdateNotify),Selective PCC-rule deletion or omission,SmPolicyDecision\.pccRules\.,48,SmPolicyDecision.pccRules.flowInfos.flowDescription | SmPolicyDecision.pccRules.flowInfos.ethFlowDescription.destMacAddr | SmPolicyDecision.pccRules.flowInfos.ethFlowDescription.ethType | SmPolicyDecision.pccRules.flowInfos.ethFlowDescription.fDesc | SmPolicyDecision.pccRules.flowInfos.ethFlowDescription.fDir | SmPolicyDecision.pccRules.flowInfos.ethFlowDescription.sourceMacAddr | SmPolicyDecision.pccRules.flowInfos.ethFlowDescription.vlanTags | SmPolicyDecision.pccRules.flowInfos.ethFlowDescription.srcMacAddrEnd,FIELD_AND_RELATION,T1-R04 | T1-R12,V-PCF,"Auth,Comp,Deriv",DIRECT,P1,INVENTORY_REQUIRED,STD,3GPP TS 29.512 V17.18.0; TS 29.571 V17.12.0; TS 23.503 semantic context,N7 JSON before/after mutation; V-SMF parsed policy state; derived PFCP diff; Gy/OCS usage and charge; baseline/attack PCAP and logs,W1_UL_ONLY
T1-A12,T1,SmPolicyDecision (Create response / Update response / UpdateNotify),Duplicate PCC-rule insertion,SmPolicyDecision\.pccRules\.,48,SmPolicyDecision.pccRules.flowInfos.flowDescription | SmPolicyDecision.pccRules.flowInfos.ethFlowDescription.destMacAddr | SmPolicyDecision.pccRules.flowInfos.ethFlowDescription.ethType | SmPolicyDecision.pccRules.flowInfos.ethFlowDescription.fDesc | SmPolicyDecision.pccRules.flowInfos.ethFlowDescription.fDir | SmPolicyDecision.pccRules.flowInfos.ethFlowDescription.sourceMacAddr | SmPolicyDecision.pccRules.flowInfos.ethFlowDescription.vlanTags | SmPolicyDecision.pccRules.flowInfos.ethFlowDescription.srcMacAddrEnd,FIELD_AND_RELATION,T1-R01 | T1-R04,V-PCF,"Uniq,Deriv",DIRECT,P1,INVENTORY_REQUIRED,STD,3GPP TS 29.512 V17.18.0; TS 29.571 V17.12.0; TS 23.503 semantic context,N7 JSON before/after mutation; V-SMF parsed policy state; derived PFCP diff; Gy/OCS usage and charge; baseline/attack PCAP and logs,W6_DIFFERENTIATED_CONTEXT
T1-A13,T1,SmPolicyDecision (Create response / Update response / UpdateNotify),Rating-Group substitution,SmPolicyDecision\.chgDecs\.ratingGroup$,1,SmPolicyDecision.chgDecs.ratingGroup,FIELD_AND_RELATION,T1-R04,V-PCF,"Ctx,Attr,Deriv",DIRECT,P1,INVENTORY_REQUIRED,STD,3GPP TS 29.512 V17.18.0; TS 29.571 V17.12.0; TS 23.503 semantic context,N7 JSON before/after mutation; V-SMF parsed policy state; derived PFCP diff; Gy/OCS usage and charge; baseline/attack PCAP and logs,W6_DIFFERENTIATED_CONTEXT
T1-A14,T1,SmPolicyDecision (Create response / Update response / UpdateNotify),Service-Identifier substitution,SmPolicyDecision\.chgDecs\.serviceId$,1,SmPolicyDecision.chgDecs.serviceId,FIELD_AND_RELATION,T1-R04,V-PCF,"Ctx,Attr",CONDITIONAL,P2,INVENTORY_REQUIRED,STD,3GPP TS 29.512 V17.18.0; TS 29.571 V17.12.0; TS 23.503 semantic context,N7 JSON before/after mutation; V-SMF parsed policy state; derived PFCP diff; Gy/OCS usage and charge; baseline/attack PCAP and logs,W6_DIFFERENTIATED_CONTEXT
T1-A15,T1,SmPolicyDecision (Create response / Update response / UpdateNotify),Metering-method substitution,SmPolicyDecision\.chgDecs\.meteringMethod$,1,SmPolicyDecision.chgDecs.meteringMethod,FIELD_AND_RELATION,T1-R08,V-PCF,"Auth,Acc,Comp,Deriv",DIRECT,P1,INVENTORY_REQUIRED,STD,3GPP TS 29.512 V17.18.0; TS 29.571 V17.12.0; TS 23.503 semantic context,N7 JSON before/after mutation; V-SMF parsed policy state; derived PFCP diff; Gy/OCS usage and charge; baseline/attack PCAP and logs,W7_TIME_BOUNDARY
T1-A16,T1,SmPolicyDecision (Create response / Update response / UpdateNotify),Online/offline charging-mode inconsistency,SmPolicyDecision\.(online|offline|offlineChOnly)$ | SmPolicyDecision\.chgDecs\.(online|offline)$,5,SmPolicyDecision.chgDecs.offline | SmPolicyDecision.chgDecs.online | SmPolicyDecision.offline | SmPolicyDecision.online | SmPolicyDecision.offlineChOnly,FIELD_AND_RELATION,T1-R08,V-PCF,"Sem,Comp,Uniq,Deriv",STRUCTURAL,P1,INVENTORY_REQUIRED,STD,3GPP TS 29.512 V17.18.0; TS 29.571 V17.12.0; TS 23.503 semantic context,N7 JSON before/after mutation; V-SMF parsed policy state; derived PFCP diff; Gy/OCS usage and charge; baseline/attack PCAP and logs,W1_UL_ONLY
T1-A17,T1,SmPolicyDecision (Create response / Update response / UpdateNotify),Reporting-level substitution,SmPolicyDecision\.chgDecs\.reportingLevel$,1,SmPolicyDecision.chgDecs.reportingLevel,FIELD_AND_RELATION,T1-R08,V-PCF,"Ctx,Uniq,Comp",CONDITIONAL,P2,INVENTORY_REQUIRED,STD,3GPP TS 29.512 V17.18.0; TS 29.571 V17.12.0; TS 23.503 semantic context,N7 JSON before/after mutation; V-SMF parsed policy state; derived PFCP diff; Gy/OCS usage and charge; baseline/attack PCAP and logs,W6_DIFFERENTIATED_CONTEXT
T1-A18,T1,SmPolicyDecision (Create response / Update response / UpdateNotify),SDF-handling semantic manipulation,SmPolicyDecision\.chgDecs\.sdfHandl$,1,SmPolicyDecision.chgDecs.sdfHandl,FIELD_AND_RELATION,T1-R04 | T1-R08,V-PCF,"Sem,Auth,Comp",CONDITIONAL,P2,INVENTORY_REQUIRED,STD,3GPP TS 29.512 V17.18.0; TS 29.571 V17.12.0; TS 23.503 semantic context,N7 JSON before/after mutation; V-SMF parsed policy state; derived PFCP diff; Gy/OCS usage and charge; baseline/attack PCAP and logs,W1_UL_ONLY
T1-A19,T1,SmPolicyDecision (Create response / Update response / UpdateNotify),Sponsor/application-provider attribution substitution,SmPolicyDecision\.chgDecs\.(sponsorId|appSvcProvId)$,2,SmPolicyDecision.chgDecs.sponsorId | SmPolicyDecision.chgDecs.appSvcProvId,FIELD_AND_RELATION,T1-R10,V-PCF,"Attr,Ctx",CONDITIONAL,P2,INVENTORY_REQUIRED,STD,3GPP TS 29.512 V17.18.0; TS 29.571 V17.12.0; TS 23.503 semantic context,N7 JSON before/after mutation; V-SMF parsed policy state; derived PFCP diff; Gy/OCS usage and charge; baseline/attack PCAP and logs,W5_TWO_SUBSCRIBERS
T1-A20,T1,SmPolicyDecision (Create response / Update response / UpdateNotify),AF charging identifier substitution or reuse,SmPolicyDecision\.chgDecs\.(afChargingIdentifier|afChargId)$,2,SmPolicyDecision.chgDecs.afChargingIdentifier | SmPolicyDecision.chgDecs.afChargId,FIELD_AND_RELATION,T1-R10,V-PCF,"Attr,Uniq,Ctx",CONDITIONAL,P2,INVENTORY_REQUIRED,STD,3GPP TS 29.512 V17.18.0; TS 29.571 V17.12.0; TS 23.503 semantic context,N7 JSON before/after mutation; V-SMF parsed policy state; derived PFCP diff; Gy/OCS usage and charge; baseline/attack PCAP and logs,W1_UL_ONLY
T1-A21,T1,SmPolicyDecision (Create response / Update response / UpdateNotify),Usage-monitoring volume-threshold manipulation,SmPolicyDecision\.umDecs\.(volumeThreshold|volumeThresholdUplink|volumeThresholdDownlink|nextVolThreshold|nextVolThresholdUplink|nextVolThresholdDownlink)$,6,SmPolicyDecision.umDecs.volumeThreshold | SmPolicyDecision.umDecs.volumeThresholdUplink | SmPolicyDecision.umDecs.volumeThresholdDownlink | SmPolicyDecision.umDecs.nextVolThreshold | SmPolicyDecision.umDecs.nextVolThresholdUplink | SmPolicyDecision.umDecs.nextVolThresholdDownlink,FIELD_AND_RELATION,T1-R07,V-PCF,"Comp,Uniq,Acc,Deriv",DIRECT,P1,INVENTORY_REQUIRED,STD,3GPP TS 29.512 V17.18.0; TS 29.571 V17.12.0; TS 23.503 semantic context,N7 JSON before/after mutation; V-SMF parsed policy state; derived PFCP diff; Gy/OCS usage and charge; baseline/attack PCAP and logs,W1_UL_ONLY
T1-A22,T1,SmPolicyDecision (Create response / Update response / UpdateNotify),Usage-monitoring time/inactivity manipulation,SmPolicyDecision\.umDecs\.(timeThreshold|nextTimeThreshold|inactivityTime)$,3,SmPolicyDecision.umDecs.timeThreshold | SmPolicyDecision.umDecs.nextTimeThreshold | SmPolicyDecision.umDecs.inactivityTime,FIELD_AND_RELATION,T1-R07,V-PCF,"Comp,Uniq,Acc",CONDITIONAL,P2,INVENTORY_REQUIRED,STD,3GPP TS 29.512 V17.18.0; TS 29.571 V17.12.0; TS 23.503 semantic context,N7 JSON before/after mutation; V-SMF parsed policy state; derived PFCP diff; Gy/OCS usage and charge; baseline/attack PCAP and logs,W7_TIME_BOUNDARY
T1-A23,T1,SmPolicyDecision (Create response / Update response / UpdateNotify),Monitoring-time or tariff-boundary shift,SmPolicyDecision\.umDecs\.monitoringTime$,1,SmPolicyDecision.umDecs.monitoringTime,FIELD_AND_RELATION,T1-R07,V-PCF,"Ctx,Acc",CONDITIONAL,P2,INVENTORY_REQUIRED,STD,3GPP TS 29.512 V17.18.0; TS 29.571 V17.12.0; TS 23.503 semantic context,N7 JSON before/after mutation; V-SMF parsed policy state; derived PFCP diff; Gy/OCS usage and charge; baseline/attack PCAP and logs,W6_DIFFERENTIATED_CONTEXT
T1-A24,T1,SmPolicyDecision (Create response / Update response / UpdateNotify),Excluded PCC-rule list manipulation,SmPolicyDecision\.umDecs\.exUsagePccRuleIds$,1,SmPolicyDecision.umDecs.exUsagePccRuleIds,FIELD_AND_RELATION,T1-R03 | T1-R04,V-PCF,"Auth,Comp,Deriv",DIRECT,P1,INVENTORY_REQUIRED,STD,3GPP TS 29.512 V17.18.0; TS 29.571 V17.12.0; TS 23.503 semantic context,N7 JSON before/after mutation; V-SMF parsed policy state; derived PFCP diff; Gy/OCS usage and charge; baseline/attack PCAP and logs,W1_UL_ONLY
T1-A25,T1,SmPolicyDecision (Create response / Update response / UpdateNotify),Default-QoS 5QI tariff rewrite,SmPolicyDecision\.sessRules\.authDefQos\.5qi$,1,SmPolicyDecision.sessRules.authDefQos.5qi,FIELD_AND_RELATION,T1-R09,V-PCF,"Auth,Ctx",DIRECT,P0,EXISTING_POC_REGRESSION,E2E,3GPP TS 29.512 V17.18.0; TS 29.571 V17.12.0; TS 23.503 semantic context,N7 JSON before/after mutation; V-SMF parsed policy state; derived PFCP diff; Gy/OCS usage and charge; baseline/attack PCAP and logs,W6_DIFFERENTIATED_CONTEXT
T1-A26,T1,SmPolicyDecision (Create response / Update response / UpdateNotify),Referenced QoS/QoS-characteristics 5QI substitution,SmPolicyDecision\.(qosDecs|qosChars)\.5qi$,2,SmPolicyDecision.qosDecs.5qi | SmPolicyDecision.qosChars.5qi,FIELD_AND_RELATION,T1-R02 | T1-R09,V-PCF,"Auth,Ctx,Deriv",CONDITIONAL,P1,INVENTORY_REQUIRED,STD,3GPP TS 29.512 V17.18.0; TS 29.571 V17.12.0; TS 23.503 semantic context,N7 JSON before/after mutation; V-SMF parsed policy state; derived PFCP diff; Gy/OCS usage and charge; baseline/attack PCAP and logs,W6_DIFFERENTIATED_CONTEXT
T1-A27,T1,SmPolicyDecision (Create response / Update response / UpdateNotify),QoS attribute tariff-context substitution,SmPolicyDecision\.(sessRules\.authDefQos|qosDecs|qosChars)\.(priorityLevel|averWindow|maxDataBurstVol|extMaxDataBurstVol|maxbrUl|maxbrDl|gbrUl|gbrDl|packetDelayBudget|packetErrorRate)$,23,SmPolicyDecision.sessRules.authDefQos.priorityLevel | SmPolicyDecision.sessRules.authDefQos.averWindow | SmPolicyDecision.sessRules.authDefQos.maxDataBurstVol | SmPolicyDecision.sessRules.authDefQos.maxbrUl | SmPolicyDecision.sessRules.authDefQos.maxbrDl | SmPolicyDecision.sessRules.authDefQos.gbrUl | SmPolicyDecision.sessRules.authDefQos.gbrDl | SmPolicyDecision.sessRules.authDefQos.extMaxDataBurstVol,FIELD_AND_RELATION,T1-R09,V-PCF,"Ctx,Auth",CONDITIONAL,P2,INVENTORY_REQUIRED,STD,3GPP TS 29.512 V17.18.0; TS 29.571 V17.12.0; TS 23.503 semantic context,N7 JSON before/after mutation; V-SMF parsed policy state; derived PFCP diff; Gy/OCS usage and charge; baseline/attack PCAP and logs,W6_DIFFERENTIATED_CONTEXT
T1-A28,T1,SmPolicyDecision (Create response / Update response / UpdateNotify),Policy condition time-window manipulation,SmPolicyDecision\.conds\.(activationTime|deactivationTime)$ | SmPolicyDecision\.(pccRules|sessRules)\.refCondData$,4,SmPolicyDecision.sessRules.refCondData | SmPolicyDecision.pccRules.refCondData | SmPolicyDecision.conds.activationTime | SmPolicyDecision.conds.deactivationTime,FIELD_AND_RELATION,T1-R06,V-PCF,"Auth,Ctx,Comp",CONDITIONAL,P2,INVENTORY_REQUIRED,STD,3GPP TS 29.512 V17.18.0; TS 29.571 V17.12.0; TS 23.503 semantic context,N7 JSON before/after mutation; V-SMF parsed policy state; derived PFCP diff; Gy/OCS usage and charge; baseline/attack PCAP and logs,W6_DIFFERENTIATED_CONTEXT
T1-A29,T1,SmPolicyDecision (Create response / Update response / UpdateNotify),Policy condition access/RAT substitution,SmPolicyDecision\.conds\.(accessType|ratType)$ | SmPolicyDecision\.(pccRules|sessRules)\.refCondData$,4,SmPolicyDecision.sessRules.refCondData | SmPolicyDecision.pccRules.refCondData | SmPolicyDecision.conds.accessType | SmPolicyDecision.conds.ratType,FIELD_AND_RELATION,T1-R06,V-PCF,"Ctx,Auth",CONDITIONAL,P2,INVENTORY_REQUIRED,STD,3GPP TS 29.512 V17.18.0; TS 29.571 V17.12.0; TS 23.503 semantic context,N7 JSON before/after mutation; V-SMF parsed policy state; derived PFCP diff; Gy/OCS usage and charge; baseline/attack PCAP and logs,W6_DIFFERENTIATED_CONTEXT
T1-A30,T1,SmPolicyDecision (Create response / Update response / UpdateNotify),CHF endpoint or instance substitution,SmPolicyDecision\.chargingInfo\.,6,SmPolicyDecision.chargingInfo.primaryChfAddress | SmPolicyDecision.chargingInfo.secondaryChfAddress | SmPolicyDecision.chargingInfo.primaryChfSetId | SmPolicyDecision.chargingInfo.primaryChfInstanceId | SmPolicyDecision.chargingInfo.secondaryChfSetId | SmPolicyDecision.chargingInfo.secondaryChfInstanceId,FIELD_AND_RELATION,T1-R11,V-PCF,"Auth,Ctx,Attr",DIRECT,P1,INVENTORY_REQUIRED,STD,3GPP TS 29.512 V17.18.0; TS 29.571 V17.12.0; TS 23.503 semantic context,N7 JSON before/after mutation; V-SMF parsed policy state; derived PFCP diff; Gy/OCS usage and charge; baseline/attack PCAP and logs,W1_UL_ONLY
T1-A31,T1,SmPolicyDecision (Create response / Update response / UpdateNotify),CHF failover-pair inconsistency,SmPolicyDecision\.chargingInfo\.(primary|secondary),6,SmPolicyDecision.chargingInfo.primaryChfAddress | SmPolicyDecision.chargingInfo.secondaryChfAddress | SmPolicyDecision.chargingInfo.primaryChfSetId | SmPolicyDecision.chargingInfo.primaryChfInstanceId | SmPolicyDecision.chargingInfo.secondaryChfSetId | SmPolicyDecision.chargingInfo.secondaryChfInstanceId,FIELD_AND_RELATION,T1-R11,V-PCF,"Uniq,Ctx,Attr",STRUCTURAL,P2,INVENTORY_REQUIRED,STD,3GPP TS 29.512 V17.18.0; TS 29.571 V17.12.0; TS 23.503 semantic context,N7 JSON before/after mutation; V-SMF parsed policy state; derived PFCP diff; Gy/OCS usage and charge; baseline/attack PCAP and logs,W1_UL_ONLY
T1-A32,T1,SmPolicyDecision (Create response / Update response / UpdateNotify),Stale SmPolicyDecision replay or rollback,SmPolicyDecision\.,0,,RELATION_ONLY,T1-R12,V-PCF or intermediate host,"Fresh,Ctx,Deriv",DIRECT,P1,INVENTORY_REQUIRED,STD,3GPP TS 29.512 V17.18.0; TS 29.571 V17.12.0; TS 23.503 semantic context,N7 JSON before/after mutation; V-SMF parsed policy state; derived PFCP diff; Gy/OCS usage and charge; baseline/attack PCAP and logs,W4_TWO_ACCOUNTING_BOUNDARIES
T1-A33,T1,SmPolicyDecision (Create response / Update response / UpdateNotify),Cross-subscriber/session policy-decision substitution,SmPolicyDecision\.,0,,RELATION_ONLY,T1-R13,V-PCF or intermediate host,"Attr,Ctx,Deriv",DIRECT,P1,INVENTORY_REQUIRED,STD,3GPP TS 29.512 V17.18.0; TS 29.571 V17.12.0; TS 23.503 semantic context,N7 JSON before/after mutation; V-SMF parsed policy state; derived PFCP diff; Gy/OCS usage and charge; baseline/attack PCAP and logs,W5_TWO_SUBSCRIBERS
T1-A34,T1,SmPolicyDecision (Create response / Update response / UpdateNotify),Nullable/removable update semantic confusion,SmPolicyDecision\..*nullable,0,,RELATION_ONLY,T1-R12,V-PCF,"Sem,Comp,Fresh",STRUCTURAL,P1,INVENTORY_REQUIRED,STD,3GPP TS 29.512 V17.18.0; TS 29.571 V17.12.0; TS 23.503 semantic context,N7 JSON before/after mutation; V-SMF parsed policy state; derived PFCP diff; Gy/OCS usage and charge; baseline/attack PCAP and logs,W1_UL_ONLY
T1-A35,T1,SmPolicyDecision (Create response / Update response / UpdateNotify),Duplicate JSON key or object collision,SmPolicyDecision\.(pccRules|chgDecs|umDecs|qosDecs|sessRules)\.,0,,RELATION_ONLY,T1-R01 | T1-R12,V-PCF or serializer host,"Sem,Uniq,Deriv",STRUCTURAL,P2,INVENTORY_REQUIRED,STD,3GPP TS 29.512 V17.18.0; TS 29.571 V17.12.0; TS 23.503 semantic context,N7 JSON before/after mutation; V-SMF parsed policy state; derived PFCP diff; Gy/OCS usage and charge; baseline/attack PCAP and logs,W4_TWO_ACCOUNTING_BOUNDARIES
T1-A36,T1,SmPolicyDecision (Create response / Update response / UpdateNotify),Revalidation-time manipulation,SmPolicyDecision\.revalidationTime$,1,SmPolicyDecision.revalidationTime,FIELD_AND_RELATION,T1-R12,V-PCF,"Fresh,Ctx",CONDITIONAL,P2,INVENTORY_REQUIRED,STD,3GPP TS 29.512 V17.18.0; TS 29.571 V17.12.0; TS 23.503 semantic context,N7 JSON before/after mutation; V-SMF parsed policy state; derived PFCP diff; Gy/OCS usage and charge; baseline/attack PCAP and logs,W6_DIFFERENTIATED_CONTEXT
T1-A37,T1,SmPolicyDecision (Create response / Update response / UpdateNotify),Policy-control-trigger manipulation,SmPolicyDecision\.policyCtrlReqTriggers$,1,SmPolicyDecision.policyCtrlReqTriggers,FIELD_AND_RELATION,T1-R12,V-PCF,"Fresh,Comp,Uniq",CONDITIONAL,P2,INVENTORY_REQUIRED,STD,3GPP TS 29.512 V17.18.0; TS 29.571 V17.12.0; TS 23.503 semantic context,N7 JSON before/after mutation; V-SMF parsed policy state; derived PFCP diff; Gy/OCS usage and charge; baseline/attack PCAP and logs,W6_DIFFERENTIATED_CONTEXT
T1-A38,T1,SmPolicyDecision (Create response / Update response / UpdateNotify),Last-requested usage/rule-data manipulation,SmPolicyDecision\.(lastReqRuleData|lastReqUsageData)\.,4,SmPolicyDecision.lastReqRuleData.refPccRuleIds | SmPolicyDecision.lastReqRuleData.reqData | SmPolicyDecision.lastReqUsageData.refUmIds | SmPolicyDecision.lastReqUsageData.allUmIds,FIELD_AND_RELATION,T1-R02 | T1-R03 | T1-R12,V-PCF,"Comp,Ctx,Fresh",CONDITIONAL,P2,INVENTORY_REQUIRED,STD,3GPP TS 29.512 V17.18.0; TS 29.571 V17.12.0; TS 23.503 semantic context,N7 JSON before/after mutation; V-SMF parsed policy state; derived PFCP diff; Gy/OCS usage and charge; baseline/attack PCAP and logs,W1_UL_ONLY
T1-A39,T1,SmPolicyDecision (Create response / Update response / UpdateNotify),PRA/location-context substitution,SmPolicyDecision\.praInfos\.,35,SmPolicyDecision.praInfos.praId | SmPolicyDecision.praInfos.additionalPraId | SmPolicyDecision.praInfos.presenceState | SmPolicyDecision.praInfos.trackingAreaList.plmnId.mcc | SmPolicyDecision.praInfos.trackingAreaList.plmnId.mnc | SmPolicyDecision.praInfos.trackingAreaList.tac | SmPolicyDecision.praInfos.trackingAreaList.nid | SmPolicyDecision.praInfos.ecgiList.plmnId.mcc,FIELD_AND_RELATION,T1-R06 | T1-R13,V-PCF,"Ctx,Auth",CONDITIONAL,P3,INVENTORY_REQUIRED,STD,3GPP TS 29.512 V17.18.0; TS 29.571 V17.12.0; TS 23.503 semantic context,N7 JSON before/after mutation; V-SMF parsed policy state; derived PFCP diff; Gy/OCS usage and charge; baseline/attack PCAP and logs,W6_DIFFERENTIATED_CONTEXT
T1-A40,T1,SmPolicyDecision (Create response / Update response / UpdateNotify),Traffic-control/steering accounting-path divergence,SmPolicyDecision\.traffContDecs\.(flowStatus|trafficSteeringPolId|routeToLocs|steerFun|steerMode|mulAccCtrl|traffCorreInd|simConnInd|simConnTerm),29,SmPolicyDecision.traffContDecs.flowStatus | SmPolicyDecision.traffContDecs.trafficSteeringPolIdDl | SmPolicyDecision.traffContDecs.trafficSteeringPolIdUl | SmPolicyDecision.traffContDecs.routeToLocs.dnai | SmPolicyDecision.traffContDecs.routeToLocs.routeInfo.ipv4Addr | SmPolicyDecision.traffContDecs.routeToLocs.routeInfo.ipv6Addr | SmPolicyDecision.traffContDecs.routeToLocs.routeInfo.portNumber | SmPolicyDecision.traffContDecs.routeToLocs.routeProfId,FIELD_AND_RELATION,T1-R04,V-PCF,"Uniq,Comp,Ctx,Deriv",CONDITIONAL,P3,INVENTORY_REQUIRED,STD,3GPP TS 29.512 V17.18.0; TS 29.571 V17.12.0; TS 23.503 semantic context,N7 JSON before/after mutation; V-SMF parsed policy state; derived PFCP diff; Gy/OCS usage and charge; baseline/attack PCAP and logs,W1_UL_ONLY
T1-A41,T1,SmPolicyDecision (Create response / Update response / UpdateNotify),SessionRule usage-monitoring reference removal/substitution,SmPolicyDecision\.sessRules\.(refUmData|refUmN3gData)$,2,SmPolicyDecision.sessRules.refUmData | SmPolicyDecision.sessRules.refUmN3gData,FIELD_AND_RELATION,T1-R03 | T1-R07,V-PCF,"Auth,Comp,Ctx",DIRECT,P1,INVENTORY_REQUIRED,STD,3GPP TS 29.512 V17.18.0 SessionRule and UsageMonitoringData; TS 23.503 semantic context,N7 JSON; V-SMF policy state; derived URR graph; usage report; CCR/OCS record; logs/PCAP,W1_UL_ONLY
T2-A01,T2,PFCP Session Establishment Request / PFCP Session Modification Request,Cross-session PFCP SEID substitution,PFCP Session (Establishment|Modification) Request\.PFCP Header\.seid$,2,PFCP Session Establishment Request.PFCP Header.seid | PFCP Session Modification Request.PFCP Header.seid,FIELD_AND_RELATION,T2-R01,V-SMF,"Ctx,Attr,Deriv",DIRECT,P1,INVENTORY_REQUIRED,STD,"3GPP TS 29.244 V17.10.0 §§7.2, 7.5.2, 7.5.4, 8.2; TS 23.501/23.502/23.503 semantic context",N4 request bytes and decoded IE tree; UPF pre/post rule state; packet-to-PDR/URR mapping; PFCP usage reports; Gy/OCS usage; baseline/attack logs and PCAP,W3_ASYMMETRIC_UL_DL
T2-A02,T2,PFCP Session Establishment Request / PFCP Session Modification Request,PFCP rule-operation replay,PFCP Session (Establishment|Modification) Request\.PFCP Header\.(sequenceNumber|FO)$,4,PFCP Session Establishment Request.PFCP Header.FO | PFCP Session Establishment Request.PFCP Header.sequenceNumber | PFCP Session Modification Request.PFCP Header.FO | PFCP Session Modification Request.PFCP Header.sequenceNumber,FIELD_AND_RELATION,T2-R02 | T2-R16,V-SMF or intermediate host,"Fresh,Uniq,Deriv",DIRECT,P1,INVENTORY_REQUIRED,STD,"3GPP TS 29.244 V17.10.0 §§7.2, 7.5.2, 7.5.4, 8.2; TS 23.501/23.502/23.503 semantic context",N4 request bytes and decoded IE tree; UPF pre/post rule state; packet-to-PDR/URR mapping; PFCP usage reports; Gy/OCS usage; baseline/attack logs and PCAP,W4_TWO_ACCOUNTING_BOUNDARIES
T2-A03,T2,PFCP Session Establishment Request / PFCP Session Modification Request,CP F-SEID or Node-ID ownership substitution,PFCP Session (Establishment|Modification) Request\.(CP F-SEID|Node ID)\. | PFCP Session (Establishment|Modification) Request\.PGW-C/SMF FQ- CSID$,20,PFCP Session Establishment Request.Node ID.nodeIdType | PFCP Session Establishment Request.Node ID.ipv4Address | PFCP Session Establishment Request.Node ID.ipv6Address | PFCP Session Establishment Request.Node ID.fqdn | PFCP Session Establishment Request.CP F-SEID.V4 | PFCP Session Establishment Request.CP F-SEID.V6 | PFCP Session Establishment Request.CP F-SEID.SEID | PFCP Session Establishment Request.CP F-SEID.ipv4Address,FIELD_AND_RELATION,T2-R03,V-SMF,"Ctx,Attr",DIRECT,P1,INVENTORY_REQUIRED,STD,"3GPP TS 29.244 V17.10.0 §§7.2, 7.5.2, 7.5.4, 8.2; TS 23.501/23.502/23.503 semantic context",N4 request bytes and decoded IE tree; UPF pre/post rule state; packet-to-PDR/URR mapping; PFCP usage reports; Gy/OCS usage; baseline/attack logs and PCAP,W5_TWO_SUBSCRIBERS
T2-A04,T2,PFCP Session Establishment Request,Forged recovery timestamp resets rule/counter epoch,PFCP Session Establishment Request\.Recovery Time Stamp$ | PFCP Session Establishment Request\.PFCPSEReq- Flags\.RESTI$,2,PFCP Session Establishment Request.PFCPSEReq- Flags.RESTI | PFCP Session Establishment Request.Recovery Time Stamp,FIELD_AND_RELATION,T2-R20,V-SMF,"Fresh,Comp,Uniq",DIRECT,P1,INVENTORY_REQUIRED,STD,"3GPP TS 29.244 V17.10.0 §§7.2, 7.5.2, 7.5.4, 8.2; TS 23.501/23.502/23.503 semantic context",N4 request bytes and decoded IE tree; UPF pre/post rule state; packet-to-PDR/URR mapping; PFCP usage reports; Gy/OCS usage; baseline/attack logs and PCAP,W7_TIME_BOUNDARY
T2-A05,T2,PFCP Session Establishment Request / PFCP Session Modification Request,PDR-ID collision or reuse,PFCP Session (Establishment|Modification) Request\.(Create|Update|Remove) PDR\.PDR ID\.pdrId$,4,PFCP Session Establishment Request.Create PDR.PDR ID.pdrId | PFCP Session Modification Request.Remove PDR.PDR ID.pdrId | PFCP Session Modification Request.Create PDR.PDR ID.pdrId | PFCP Session Modification Request.Update PDR.PDR ID.pdrId,FIELD_AND_RELATION,T2-R04 | T2-R16,V-SMF,"Uniq,Sem,Deriv",STRUCTURAL,P1,INVENTORY_REQUIRED,STD,"3GPP TS 29.244 V17.10.0 §§7.2, 7.5.2, 7.5.4, 8.2; TS 23.501/23.502/23.503 semantic context",N4 request bytes and decoded IE tree; UPF pre/post rule state; packet-to-PDR/URR mapping; PFCP usage reports; Gy/OCS usage; baseline/attack logs and PCAP,W4_TWO_ACCOUNTING_BOUNDARIES
T2-A06,T2,PFCP Session Establishment Request / PFCP Session Modification Request,Duplicate semantic PDR installation,PFCP Session (Establishment|Modification) Request\.Create PDR\.,180,PFCP Session Establishment Request.Create PDR.PDR ID.pdrId | PFCP Session Establishment Request.Create PDR.Precedence.precedence | PFCP Session Establishment Request.Create PDR.PDI.Source Interface.interfaceValue | PFCP Session Establishment Request.Create PDR.PDI.Source Interface.interfaceType | PFCP Session Establishment Request.Create PDR.PDI.Local F-TEID.CHID | PFCP Session Establishment Request.Create PDR.PDI.Local F-TEID.CH | PFCP Session Establishment Request.Create PDR.PDI.Local F-TEID.V6 | PFCP Session Establishment Request.Create PDR.PDI.Local F-TEID.V4,FIELD_AND_RELATION,T2-R05 | T2-R24,V-SMF,"Uniq,Acc",DIRECT,P1,INVENTORY_REQUIRED,STD,"3GPP TS 29.244 V17.10.0 §§7.2, 7.5.2, 7.5.4, 8.2; TS 23.501/23.502/23.503 semantic context",N4 request bytes and decoded IE tree; UPF pre/post rule state; packet-to-PDR/URR mapping; PFCP usage reports; Gy/OCS usage; baseline/attack logs and PCAP,W5_TWO_SUBSCRIBERS
T2-A07,T2,PFCP Session Establishment Request / PFCP Session Modification Request,SDF flow-description scope expansion,PFCP Session (Establishment|Modification) Request\.(Create|Update) PDR\.PDI\..*SDF Filter\.flowDescription$ | PFCP Session (Establishment|Modification) Request\.(Create|Update) PDR\.PDI\..*SDF Filter\.flowDescriptionLength$,12,PFCP Session Establishment Request.Create PDR.PDI.SDF Filter.flowDescriptionLength | PFCP Session Establishment Request.Create PDR.PDI.SDF Filter.flowDescription | PFCP Session Establishment Request.Create PDR.PDI.Ethernet Packet Filter.SDF Filter.flowDescriptionLength | PFCP Session Establishment Request.Create PDR.PDI.Ethernet Packet Filter.SDF Filter.flowDescription | PFCP Session Modification Request.Create PDR.PDI.SDF Filter.flowDescriptionLength | PFCP Session Modification Request.Create PDR.PDI.SDF Filter.flowDescription | PFCP Session Modification Request.Create PDR.PDI.Ethernet Packet Filter.SDF Filter.flowDescriptionLength | PFCP Session Modification Request.Create PDR.PDI.Ethernet Packet Filter.SDF Filter.flowDescription,FIELD_AND_RELATION,T2-R05,V-SMF,"Auth,Deriv",DIRECT,P0,EXISTING_POC_REGRESSION,PAR,"3GPP TS 29.244 V17.10.0 §§7.2, 7.5.2, 7.5.4, 8.2; TS 23.501/23.502/23.503 semantic context",N4 request bytes and decoded IE tree; UPF pre/post rule state; packet-to-PDR/URR mapping; PFCP usage reports; Gy/OCS usage; baseline/attack logs and PCAP,W3_ASYMMETRIC_UL_DL
T2-A08,T2,PFCP Session Establishment Request / PFCP Session Modification Request,SDF flag/length/payload semantic mismatch,PFCP Session (Establishment|Modification) Request\.(Create|Update) PDR\.PDI\..*SDF Filter\.(FD|TTC|SPI|FL|BID|flowDescriptionLength|flowDescription|tosTrafficClass|securityParameterIndex|flowLabel|sdfFilterId)$,66,PFCP Session Establishment Request.Create PDR.PDI.SDF Filter.BID | PFCP Session Establishment Request.Create PDR.PDI.SDF Filter.FL | PFCP Session Establishment Request.Create PDR.PDI.SDF Filter.SPI | PFCP Session Establishment Request.Create PDR.PDI.SDF Filter.TTC | PFCP Session Establishment Request.Create PDR.PDI.SDF Filter.FD | PFCP Session Establishment Request.Create PDR.PDI.SDF Filter.flowDescriptionLength | PFCP Session Establishment Request.Create PDR.PDI.SDF Filter.flowDescription | PFCP Session Establishment Request.Create PDR.PDI.SDF Filter.tosTrafficClass,FIELD_AND_RELATION,T2-R05,V-SMF,"Sem,Auth,Comp",STRUCTURAL,P1,INVENTORY_REQUIRED,STD,"3GPP TS 29.244 V17.10.0 §§7.2, 7.5.2, 7.5.4, 8.2; TS 23.501/23.502/23.503 semantic context",N4 request bytes and decoded IE tree; UPF pre/post rule state; packet-to-PDR/URR mapping; PFCP usage reports; Gy/OCS usage; baseline/attack logs and PCAP,W4_TWO_ACCOUNTING_BOUNDARIES
T2-A09,T2,PFCP Session Establishment Request / PFCP Session Modification Request,UE-IP address/prefix/direction substitution,PFCP Session (Establishment|Modification) Request\.(Create|Update) PDR\.PDI\.UE IP address\.,27,PFCP Session Establishment Request.Create PDR.PDI.UE IP address.CHV6 | PFCP Session Establishment Request.Create PDR.PDI.UE IP address.IPV6D | PFCP Session Establishment Request.Create PDR.PDI.UE IP address.SD | PFCP Session Establishment Request.Create PDR.PDI.UE IP address.V4 | PFCP Session Establishment Request.Create PDR.PDI.UE IP address.V6 | PFCP Session Establishment Request.Create PDR.PDI.UE IP address.ipv4Address | PFCP Session Establishment Request.Create PDR.PDI.UE IP address.ipv6Address | PFCP Session Establishment Request.Create PDR.PDI.UE IP address.ipv6PrefixDelegationBits,FIELD_AND_RELATION,T2-R05 | T2-R19,V-SMF,"Attr,Ctx,Auth,Comp",DIRECT,P1,INVENTORY_REQUIRED,STD,"3GPP TS 29.244 V17.10.0 §§7.2, 7.5.2, 7.5.4, 8.2; TS 23.501/23.502/23.503 semantic context",N4 request bytes and decoded IE tree; UPF pre/post rule state; packet-to-PDR/URR mapping; PFCP usage reports; Gy/OCS usage; baseline/attack logs and PCAP,W5_TWO_SUBSCRIBERS
T2-A10,T2,PFCP Session Establishment Request / PFCP Session Modification Request,Source-interface substitution,PFCP Session (Establishment|Modification) Request\.(Create|Update) PDR\.PDI\.Source Interface\.,6,PFCP Session Establishment Request.Create PDR.PDI.Source Interface.interfaceValue | PFCP Session Establishment Request.Create PDR.PDI.Source Interface.interfaceType | PFCP Session Modification Request.Create PDR.PDI.Source Interface.interfaceValue | PFCP Session Modification Request.Create PDR.PDI.Source Interface.interfaceType | PFCP Session Modification Request.Update PDR.PDI.Source Interface.interfaceValue | PFCP Session Modification Request.Update PDR.PDI.Source Interface.interfaceType,FIELD_AND_RELATION,T2-R05,V-SMF,"Sem,Ctx,Comp",DIRECT,P1,INVENTORY_REQUIRED,STD,"3GPP TS 29.244 V17.10.0 §§7.2, 7.5.2, 7.5.4, 8.2; TS 23.501/23.502/23.503 semantic context",N4 request bytes and decoded IE tree; UPF pre/post rule state; packet-to-PDR/URR mapping; PFCP usage reports; Gy/OCS usage; baseline/attack logs and PCAP,W3_ASYMMETRIC_UL_DL
T2-A11,T2,PFCP Session Establishment Request / PFCP Session Modification Request,PDI Network-Instance/DNN substitution,PFCP Session (Establishment|Modification) Request\.(Create|Update) PDR\.PDI\.Network Instance\.(length|apnOrDnn)$,6,PFCP Session Establishment Request.Create PDR.PDI.Network Instance.length | PFCP Session Establishment Request.Create PDR.PDI.Network Instance.apnOrDnn | PFCP Session Modification Request.Create PDR.PDI.Network Instance.length | PFCP Session Modification Request.Create PDR.PDI.Network Instance.apnOrDnn | PFCP Session Modification Request.Update PDR.PDI.Network Instance.length | PFCP Session Modification Request.Update PDR.PDI.Network Instance.apnOrDnn,FIELD_AND_RELATION,T2-R05 | T2-R19,V-SMF,"Ctx,Auth,Attr",CONDITIONAL,P1,INVENTORY_REQUIRED,STD,"3GPP TS 29.244 V17.10.0 §§7.2, 7.5.2, 7.5.4, 8.2; TS 23.501/23.502/23.503 semantic context",N4 request bytes and decoded IE tree; UPF pre/post rule state; packet-to-PDR/URR mapping; PFCP usage reports; Gy/OCS usage; baseline/attack logs and PCAP,W6_DIFFERENTIATED_CONTEXT
T2-A12,T2,PFCP Session Establishment Request / PFCP Session Modification Request,PDI Application-ID substitution,PFCP Session (Establishment|Modification) Request\.(Create|Update) PDR\.PDI\.Application ID$,3,PFCP Session Establishment Request.Create PDR.PDI.Application ID | PFCP Session Modification Request.Create PDR.PDI.Application ID | PFCP Session Modification Request.Update PDR.PDI.Application ID,FIELD_AND_RELATION,T2-R05 | T2-R19,V-SMF,"Ctx,Attr,Auth",CONDITIONAL,P2,INVENTORY_REQUIRED,STD,"3GPP TS 29.244 V17.10.0 §§7.2, 7.5.2, 7.5.4, 8.2; TS 23.501/23.502/23.503 semantic context",N4 request bytes and decoded IE tree; UPF pre/post rule state; packet-to-PDR/URR mapping; PFCP usage reports; Gy/OCS usage; baseline/attack logs and PCAP,W6_DIFFERENTIATED_CONTEXT
T2-A13,T2,PFCP Session Establishment Request / PFCP Session Modification Request,Ethernet packet-filter scope expansion,PFCP Session (Establishment|Modification) Request\.(Create|Update) PDR\.PDI\.Ethernet Packet Filter\.,51,PFCP Session Establishment Request.Create PDR.PDI.Ethernet Packet Filter.Ethernet Filter ID | PFCP Session Establishment Request.Create PDR.PDI.Ethernet Packet Filter.Ethernet Filter Properties | PFCP Session Establishment Request.Create PDR.PDI.Ethernet Packet Filter.MAC address | PFCP Session Establishment Request.Create PDR.PDI.Ethernet Packet Filter.Ethertype | PFCP Session Establishment Request.Create PDR.PDI.Ethernet Packet Filter.C-TAG | PFCP Session Establishment Request.Create PDR.PDI.Ethernet Packet Filter.S-TAG | PFCP Session Establishment Request.Create PDR.PDI.Ethernet Packet Filter.SDF Filter.BID | PFCP Session Establishment Request.Create PDR.PDI.Ethernet Packet Filter.SDF Filter.FL,FIELD_AND_RELATION,T2-R05,V-SMF,"Auth,Attr,Ctx",CONDITIONAL,P2,INVENTORY_REQUIRED,STD,"3GPP TS 29.244 V17.10.0 §§7.2, 7.5.2, 7.5.4, 8.2; TS 23.501/23.502/23.503 semantic context",N4 request bytes and decoded IE tree; UPF pre/post rule state; packet-to-PDR/URR mapping; PFCP usage reports; Gy/OCS usage; baseline/attack logs and PCAP,W3_ASYMMETRIC_UL_DL
T2-A14,T2,PFCP Session Establishment Request / PFCP Session Modification Request,PDI QFI selector substitution,PFCP Session (Establishment|Modification) Request\.(Create|Update) PDR\.PDI\.QFI$,3,PFCP Session Establishment Request.Create PDR.PDI.QFI | PFCP Session Modification Request.Create PDR.PDI.QFI | PFCP Session Modification Request.Update PDR.PDI.QFI,FIELD_AND_RELATION,T2-R05 | T2-R08 | T2-R22,V-SMF,"Ctx,Attr,Auth",CONDITIONAL,P1,INVENTORY_REQUIRED,STD,"3GPP TS 29.244 V17.10.0 §§7.2, 7.5.2, 7.5.4, 8.2; TS 23.501/23.502/23.503 semantic context",N4 request bytes and decoded IE tree; UPF pre/post rule state; packet-to-PDR/URR mapping; PFCP usage reports; Gy/OCS usage; baseline/attack logs and PCAP,W6_DIFFERENTIATED_CONTEXT
T2-A15,T2,PFCP Session Establishment Request / PFCP Session Modification Request,Traffic-endpoint reference substitution,PFCP Session (Establishment|Modification) Request\.(Create|Update) PDR\.PDI\.Traffic Endpoint ID$ | PFCP Session (Establishment|Modification) Request\.(Create|Update) PDR\.PDI\.(Local F-TEID|Redundant Transmission Detection Parameters)\.,57,PFCP Session Establishment Request.Create PDR.PDI.Local F-TEID.CHID | PFCP Session Establishment Request.Create PDR.PDI.Local F-TEID.CH | PFCP Session Establishment Request.Create PDR.PDI.Local F-TEID.V6 | PFCP Session Establishment Request.Create PDR.PDI.Local F-TEID.V4 | PFCP Session Establishment Request.Create PDR.PDI.Local F-TEID.TEID | PFCP Session Establishment Request.Create PDR.PDI.Local F-TEID.ipv4Address | PFCP Session Establishment Request.Create PDR.PDI.Local F-TEID.ipv6Address | PFCP Session Establishment Request.Create PDR.PDI.Local F-TEID.chooseId,FIELD_AND_RELATION,T2-R05 | T2-R09,V-SMF,"Ctx,Attr,Comp",CONDITIONAL,P2,INVENTORY_REQUIRED,STD,"3GPP TS 29.244 V17.10.0 §§7.2, 7.5.2, 7.5.4, 8.2; TS 23.501/23.502/23.503 semantic context",N4 request bytes and decoded IE tree; UPF pre/post rule state; packet-to-PDR/URR mapping; PFCP usage reports; Gy/OCS usage; baseline/attack logs and PCAP,W3_ASYMMETRIC_UL_DL
T2-A16,T2,PFCP Session Establishment Request / PFCP Session Modification Request,"Multicast, DNS, or framed-route selector expansion",PFCP Session (Establishment|Modification) Request\.(Create|Update) PDR\.PDI\.(IP Multicast Addressing Info|DNS Query Filter|Framed-Route|Framed-Routing|Framed-IPv6- Route),18,PFCP Session Establishment Request.Create PDR.PDI.Framed-Route | PFCP Session Establishment Request.Create PDR.PDI.Framed-Routing | PFCP Session Establishment Request.Create PDR.PDI.Framed-IPv6- Route | PFCP Session Establishment Request.Create PDR.PDI.IP Multicast Addressing Info.IP Multicast Address | PFCP Session Establishment Request.Create PDR.PDI.IP Multicast Addressing Info.Source IP Address | PFCP Session Establishment Request.Create PDR.PDI.DNS Query Filter | PFCP Session Modification Request.Create PDR.PDI.Framed-Route | PFCP Session Modification Request.Create PDR.PDI.Framed-Routing,FIELD_AND_RELATION,T2-R05,V-SMF,"Auth,Ctx",CONDITIONAL,P3,INVENTORY_REQUIRED,STD,"3GPP TS 29.244 V17.10.0 §§7.2, 7.5.2, 7.5.4, 8.2; TS 23.501/23.502/23.503 semantic context",N4 request bytes and decoded IE tree; UPF pre/post rule state; packet-to-PDR/URR mapping; PFCP usage reports; Gy/OCS usage; baseline/attack logs and PCAP,W3_ASYMMETRIC_UL_DL
T2-A17,T2,PFCP Session Establishment Request / PFCP Session Modification Request,PDR precedence manipulation,PFCP Session (Establishment|Modification) Request\.(Create|Update) PDR\.Precedence\.precedence$,3,PFCP Session Establishment Request.Create PDR.Precedence.precedence | PFCP Session Modification Request.Create PDR.Precedence.precedence | PFCP Session Modification Request.Update PDR.Precedence.precedence,FIELD_AND_RELATION,T2-R05,V-SMF,"Auth,Comp,Ctx",DIRECT,P0,EXISTING_POC_REGRESSION,PAR/E2E,"3GPP TS 29.244 V17.10.0 §§7.2, 7.5.2, 7.5.4, 8.2; TS 23.501/23.502/23.503 semantic context",N4 request bytes and decoded IE tree; UPF pre/post rule state; packet-to-PDR/URR mapping; PFCP usage reports; Gy/OCS usage; baseline/attack logs and PCAP,W3_ASYMMETRIC_UL_DL
T2-A18,T2,PFCP Session Establishment Request / PFCP Session Modification Request,PDR activation/deactivation time manipulation,PFCP Session (Establishment|Modification) Request\.(Create|Update) PDR\.(Activation Time|Deactivation Time)$,6,PFCP Session Establishment Request.Create PDR.Activation Time | PFCP Session Establishment Request.Create PDR.Deactivation Time | PFCP Session Modification Request.Create PDR.Activation Time | PFCP Session Modification Request.Create PDR.Deactivation Time | PFCP Session Modification Request.Update PDR.Activation Time | PFCP Session Modification Request.Update PDR.Deactivation Time,FIELD_AND_RELATION,T2-R23,V-SMF,"Auth,Comp,Fresh",CONDITIONAL,P2,INVENTORY_REQUIRED,STD,"3GPP TS 29.244 V17.10.0 §§7.2, 7.5.2, 7.5.4, 8.2; TS 23.501/23.502/23.503 semantic context",N4 request bytes and decoded IE tree; UPF pre/post rule state; packet-to-PDR/URR mapping; PFCP usage reports; Gy/OCS usage; baseline/attack logs and PCAP,W6_DIFFERENTIATED_CONTEXT
T2-A19,T2,PFCP Session Establishment Request / PFCP Session Modification Request,Predefined-rule activation/deactivation substitution,PFCP Session (Establishment|Modification) Request\.(Create|Update) PDR\.(Activate Predefined Rules|Deactivate Predefined Rules)$,4,PFCP Session Establishment Request.Create PDR.Activate Predefined Rules | PFCP Session Modification Request.Create PDR.Activate Predefined Rules | PFCP Session Modification Request.Update PDR.Activate Predefined Rules | PFCP Session Modification Request.Update PDR.Deactivate Predefined Rules,FIELD_AND_RELATION,T2-R05 | T2-R16,V-SMF,"Auth,Comp,Ctx",CONDITIONAL,P2,INVENTORY_REQUIRED,STD,"3GPP TS 29.244 V17.10.0 §§7.2, 7.5.2, 7.5.4, 8.2; TS 23.501/23.502/23.503 semantic context",N4 request bytes and decoded IE tree; UPF pre/post rule state; packet-to-PDR/URR mapping; PFCP usage reports; Gy/OCS usage; baseline/attack logs and PCAP,W3_ASYMMETRIC_UL_DL
T2-A20,T2,PFCP Session Establishment Request / PFCP Session Modification Request,Outer-header-removal accounting ambiguity,PFCP Session (Establishment|Modification) Request\.(Create|Update) PDR\.Outer Header Removal$,3,PFCP Session Establishment Request.Create PDR.Outer Header Removal | PFCP Session Modification Request.Create PDR.Outer Header Removal | PFCP Session Modification Request.Update PDR.Outer Header Removal,FIELD_AND_RELATION,T2-R05 | T2-R21,V-SMF,"Sem,Ctx,Comp",CONDITIONAL,P3,INVENTORY_REQUIRED,STD,"3GPP TS 29.244 V17.10.0 §§7.2, 7.5.2, 7.5.4, 8.2; TS 23.501/23.502/23.503 semantic context",N4 request bytes and decoded IE tree; UPF pre/post rule state; packet-to-PDR/URR mapping; PFCP usage reports; Gy/OCS usage; baseline/attack logs and PCAP,W3_ASYMMETRIC_UL_DL
T2-A21,T2,PFCP Session Establishment Request / PFCP Session Modification Request,PDR-to-FAR reference substitution,PFCP Session (Establishment|Modification) Request\.(Create|Update) PDR\.FAR ID\.farId$ | PFCP Session (Establishment|Modification) Request\.(Create|Update) FAR\.FAR ID\.farId$,6,PFCP Session Establishment Request.Create PDR.FAR ID.farId | PFCP Session Establishment Request.Create FAR.FAR ID.farId | PFCP Session Modification Request.Create PDR.FAR ID.farId | PFCP Session Modification Request.Create FAR.FAR ID.farId | PFCP Session Modification Request.Update PDR.FAR ID.farId | PFCP Session Modification Request.Update FAR.FAR ID.farId,FIELD_AND_RELATION,T2-R06 | T2-R16 | T2-R21,V-SMF,"Ctx,Sem,Comp",STRUCTURAL,P1,INVENTORY_REQUIRED,STD,"3GPP TS 29.244 V17.10.0 §§7.2, 7.5.2, 7.5.4, 8.2; TS 23.501/23.502/23.503 semantic context",N4 request bytes and decoded IE tree; UPF pre/post rule state; packet-to-PDR/URR mapping; PFCP usage reports; Gy/OCS usage; baseline/attack logs and PCAP,W3_ASYMMETRIC_UL_DL
T2-A22,T2,PFCP Session Establishment Request / PFCP Session Modification Request,Duplicate URR attribution,PFCP Session (Establishment|Modification) Request\.(Create|Update) PDR\.URR ID\.urrId$,3,PFCP Session Establishment Request.Create PDR.URR ID.urrId | PFCP Session Modification Request.Create PDR.URR ID.urrId | PFCP Session Modification Request.Update PDR.URR ID.urrId,FIELD_AND_RELATION,T2-R07 | T2-R24,V-SMF,"Uniq,Acc",DIRECT,P0,EXISTING_POC_REGRESSION,E2E,"3GPP TS 29.244 V17.10.0 §§7.2, 7.5.2, 7.5.4, 8.2; TS 23.501/23.502/23.503 semantic context",N4 request bytes and decoded IE tree; UPF pre/post rule state; packet-to-PDR/URR mapping; PFCP usage reports; Gy/OCS usage; baseline/attack logs and PCAP,W3_ASYMMETRIC_UL_DL
T2-A23,T2,PFCP Session Establishment Request / PFCP Session Modification Request,URR injection into previously unmetered PDR,PFCP Session (Establishment|Modification) Request\.(Create|Update) PDR\.URR ID$ | PFCP Session (Establishment|Modification) Request\.Create URR\.,132,PFCP Session Establishment Request.Create URR.URR ID.urrId | PFCP Session Establishment Request.Create URR.Measurement Method.EVENT | PFCP Session Establishment Request.Create URR.Measurement Method.VOLUM | PFCP Session Establishment Request.Create URR.Measurement Method.DURAT | PFCP Session Establishment Request.Create URR.Reporting Triggers.PERIO | PFCP Session Establishment Request.Create URR.Reporting Triggers.VOLTH | PFCP Session Establishment Request.Create URR.Reporting Triggers.TIMTH | PFCP Session Establishment Request.Create URR.Reporting Triggers.QUHTI,FIELD_AND_RELATION,T2-R07,V-SMF,"Auth,Deriv",DIRECT,P0,EXISTING_POC_REGRESSION,STR,"3GPP TS 29.244 V17.10.0 §§7.2, 7.5.2, 7.5.4, 8.2; TS 23.501/23.502/23.503 semantic context",N4 request bytes and decoded IE tree; UPF pre/post rule state; packet-to-PDR/URR mapping; PFCP usage reports; Gy/OCS usage; baseline/attack logs and PCAP,W3_ASYMMETRIC_UL_DL
T2-A24,T2,PFCP Session Establishment Request / PFCP Session Modification Request,URR detachment from chargeable PDR,PFCP Session (Establishment|Modification) Request\.(Create|Update) PDR\.URR ID$ | PFCP Session Modification Request\.Remove URR,1,PFCP Session Modification Request.Remove URR.URR ID.urrId,FIELD_AND_RELATION,T2-R07 | T2-R16,V-SMF,"Comp,Auth,Deriv",DIRECT,P0,EXISTING_POC_REGRESSION,E2E,"3GPP TS 29.244 V17.10.0 §§7.2, 7.5.2, 7.5.4, 8.2; TS 23.501/23.502/23.503 semantic context",N4 request bytes and decoded IE tree; UPF pre/post rule state; packet-to-PDR/URR mapping; PFCP usage reports; Gy/OCS usage; baseline/attack logs and PCAP,W3_ASYMMETRIC_UL_DL
T2-A25,T2,PFCP Session Establishment Request / PFCP Session Modification Request,Foreign URR reference substitution,PFCP Session (Establishment|Modification) Request\.(Create|Update) PDR\.URR ID\.urrId$,3,PFCP Session Establishment Request.Create PDR.URR ID.urrId | PFCP Session Modification Request.Create PDR.URR ID.urrId | PFCP Session Modification Request.Update PDR.URR ID.urrId,FIELD_AND_RELATION,T2-R07 | T2-R10,V-SMF,"Ctx,Attr,Deriv",DIRECT,P1,INVENTORY_REQUIRED,STD,"3GPP TS 29.244 V17.10.0 §§7.2, 7.5.2, 7.5.4, 8.2; TS 23.501/23.502/23.503 semantic context",N4 request bytes and decoded IE tree; UPF pre/post rule state; packet-to-PDR/URR mapping; PFCP usage reports; Gy/OCS usage; baseline/attack logs and PCAP,W6_DIFFERENTIATED_CONTEXT
T2-A26,T2,PFCP Session Establishment Request / PFCP Session Modification Request,PDR-to-QER/QFI context substitution,PFCP Session (Establishment|Modification) Request\.(Create|Update) PDR\.QER ID$ | PFCP Session (Establishment|Modification) Request\.(Create|Update) QER\.(QER ID|QoS flow identifier)$,3,PFCP Session Establishment Request.Create QER.QoS flow identifier | PFCP Session Modification Request.Create QER.QoS flow identifier | PFCP Session Modification Request.Update QER.QoS flow identifier,FIELD_AND_RELATION,T2-R08 | T2-R22,V-SMF,"Ctx,Auth,Deriv",CONDITIONAL,P1,INVENTORY_REQUIRED,STD,"3GPP TS 29.244 V17.10.0 §§7.2, 7.5.2, 7.5.4, 8.2; TS 23.501/23.502/23.503 semantic context",N4 request bytes and decoded IE tree; UPF pre/post rule state; packet-to-PDR/URR mapping; PFCP usage reports; Gy/OCS usage; baseline/attack logs and PCAP,W6_DIFFERENTIATED_CONTEXT
T2-A27,T2,PFCP Session Establishment Request / PFCP Session Modification Request,PDR-to-MAR multi-access duplication/suppression,PFCP Session (Establishment|Modification) Request\.(Create|Update) PDR\.MAR ID$ | PFCP Session (Establishment|Modification) Request\.(Create|Update) MAR\.,55,PFCP Session Establishment Request.Create MAR.MAR ID.marId | PFCP Session Establishment Request.Create MAR.Steering Functionality | PFCP Session Establishment Request.Create MAR.Steering Mode | PFCP Session Establishment Request.Create MAR.3GPP Access Forwarding Action Information.FAR ID.farId | PFCP Session Establishment Request.Create MAR.3GPP Access Forwarding Action Information.Weight | PFCP Session Establishment Request.Create MAR.3GPP Access Forwarding Action Information.Priority | PFCP Session Establishment Request.Create MAR.3GPP Access Forwarding Action Information.URR ID.urrId | PFCP Session Establishment Request.Create MAR.3GPP Access Forwarding Action Information.RAT Type,FIELD_AND_RELATION,T2-R09 | T2-R19,V-SMF,"Uniq,Comp,Ctx",CONDITIONAL,P3,INVENTORY_REQUIRED,STD,"3GPP TS 29.244 V17.10.0 §§7.2, 7.5.2, 7.5.4, 8.2; TS 23.501/23.502/23.503 semantic context",N4 request bytes and decoded IE tree; UPF pre/post rule state; packet-to-PDR/URR mapping; PFCP usage reports; Gy/OCS usage; baseline/attack logs and PCAP,W4_TWO_ACCOUNTING_BOUNDARIES
T2-A28,T2,PFCP Session Establishment Request / PFCP Session Modification Request,"URR-ID collision, overwrite, or reuse",PFCP Session (Establishment|Modification) Request\.(Create|Update|Remove|Query) URR\.URR ID\.urrId$,5,PFCP Session Establishment Request.Create URR.URR ID.urrId | PFCP Session Modification Request.Remove URR.URR ID.urrId | PFCP Session Modification Request.Create URR.URR ID.urrId | PFCP Session Modification Request.Update URR.URR ID.urrId | PFCP Session Modification Request.Query URR.URR ID.urrId,FIELD_AND_RELATION,T2-R10 | T2-R16,V-SMF,"Uniq,Fresh,Acc,Comp",STRUCTURAL,P1,INVENTORY_REQUIRED,STD,"3GPP TS 29.244 V17.10.0 §§7.2, 7.5.2, 7.5.4, 8.2; TS 23.501/23.502/23.503 semantic context",N4 request bytes and decoded IE tree; UPF pre/post rule state; packet-to-PDR/URR mapping; PFCP usage reports; Gy/OCS usage; baseline/attack logs and PCAP,W3_ASYMMETRIC_UL_DL
T2-A29,T2,PFCP Session Establishment Request / PFCP Session Modification Request,Disable volume measurement,PFCP Session (Establishment|Modification) Request\.(Create|Update) URR\.Measurement Method\.VOLUM$,3,PFCP Session Establishment Request.Create URR.Measurement Method.VOLUM | PFCP Session Modification Request.Create URR.Measurement Method.VOLUM | PFCP Session Modification Request.Update URR.Measurement Method.VOLUM,FIELD_AND_RELATION,T2-R11,V-SMF,"Comp,Auth,Deriv",DIRECT,P1,INVENTORY_REQUIRED,STD,"3GPP TS 29.244 V17.10.0 §§7.2, 7.5.2, 7.5.4, 8.2; TS 23.501/23.502/23.503 semantic context",N4 request bytes and decoded IE tree; UPF pre/post rule state; packet-to-PDR/URR mapping; PFCP usage reports; Gy/OCS usage; baseline/attack logs and PCAP,W3_ASYMMETRIC_UL_DL
T2-A30,T2,PFCP Session Establishment Request / PFCP Session Modification Request,Metering-basis substitution,PFCP Session (Establishment|Modification) Request\.(Create|Update) URR\.Measurement Method\.(EVENT|VOLUM|DURAT)$,9,PFCP Session Establishment Request.Create URR.Measurement Method.EVENT | PFCP Session Establishment Request.Create URR.Measurement Method.VOLUM | PFCP Session Establishment Request.Create URR.Measurement Method.DURAT | PFCP Session Modification Request.Create URR.Measurement Method.EVENT | PFCP Session Modification Request.Create URR.Measurement Method.VOLUM | PFCP Session Modification Request.Create URR.Measurement Method.DURAT | PFCP Session Modification Request.Update URR.Measurement Method.EVENT | PFCP Session Modification Request.Update URR.Measurement Method.VOLUM,FIELD_AND_RELATION,T2-R11,V-SMF,"Acc,Ctx,Deriv",DIRECT,P1,INVENTORY_REQUIRED,STD,"3GPP TS 29.244 V17.10.0 §§7.2, 7.5.2, 7.5.4, 8.2; TS 23.501/23.502/23.503 semantic context",N4 request bytes and decoded IE tree; UPF pre/post rule state; packet-to-PDR/URR mapping; PFCP usage reports; Gy/OCS usage; baseline/attack logs and PCAP,W7_TIME_BOUNDARY
T2-A31,T2,PFCP Session Establishment Request / PFCP Session Modification Request,Required reporting-trigger suppression,PFCP Session (Establishment|Modification) Request\.(Create|Update) URR\.Reporting Triggers\.,57,PFCP Session Establishment Request.Create URR.Reporting Triggers.PERIO | PFCP Session Establishment Request.Create URR.Reporting Triggers.VOLTH | PFCP Session Establishment Request.Create URR.Reporting Triggers.TIMTH | PFCP Session Establishment Request.Create URR.Reporting Triggers.QUHTI | PFCP Session Establishment Request.Create URR.Reporting Triggers.START | PFCP Session Establishment Request.Create URR.Reporting Triggers.STOPT | PFCP Session Establishment Request.Create URR.Reporting Triggers.DROTH | PFCP Session Establishment Request.Create URR.Reporting Triggers.LIUSA,FIELD_AND_RELATION,T2-R12,V-SMF,"Comp,Deriv",DIRECT,P1,INVENTORY_REQUIRED,STD,"3GPP TS 29.244 V17.10.0 §§7.2, 7.5.2, 7.5.4, 8.2; TS 23.501/23.502/23.503 semantic context",N4 request bytes and decoded IE tree; UPF pre/post rule state; packet-to-PDR/URR mapping; PFCP usage reports; Gy/OCS usage; baseline/attack logs and PCAP,W3_ASYMMETRIC_UL_DL
T2-A32,T2,PFCP Session Establishment Request / PFCP Session Modification Request,Spurious or duplicate reporting-trigger injection,PFCP Session (Establishment|Modification) Request\.(Create|Update) URR\.Reporting Triggers\.,57,PFCP Session Establishment Request.Create URR.Reporting Triggers.PERIO | PFCP Session Establishment Request.Create URR.Reporting Triggers.VOLTH | PFCP Session Establishment Request.Create URR.Reporting Triggers.TIMTH | PFCP Session Establishment Request.Create URR.Reporting Triggers.QUHTI | PFCP Session Establishment Request.Create URR.Reporting Triggers.START | PFCP Session Establishment Request.Create URR.Reporting Triggers.STOPT | PFCP Session Establishment Request.Create URR.Reporting Triggers.DROTH | PFCP Session Establishment Request.Create URR.Reporting Triggers.LIUSA,FIELD_AND_RELATION,T2-R12 | T2-R24,V-SMF,"Uniq,Sem",STRUCTURAL,P1,INVENTORY_REQUIRED,STD,"3GPP TS 29.244 V17.10.0 §§7.2, 7.5.2, 7.5.4, 8.2; TS 23.501/23.502/23.503 semantic context",N4 request bytes and decoded IE tree; UPF pre/post rule state; packet-to-PDR/URR mapping; PFCP usage reports; Gy/OCS usage; baseline/attack logs and PCAP,W4_TWO_ACCOUNTING_BOUNDARIES
T2-A33,T2,PFCP Session Establishment Request / PFCP Session Modification Request,Volume-threshold manipulation,PFCP Session (Establishment|Modification) Request\.(Create|Update) URR\.(Volume Threshold|Subsequent Volume Threshold)$,6,PFCP Session Establishment Request.Create URR.Volume Threshold | PFCP Session Establishment Request.Create URR.Subsequent Volume Threshold | PFCP Session Modification Request.Create URR.Volume Threshold | PFCP Session Modification Request.Create URR.Subsequent Volume Threshold | PFCP Session Modification Request.Update URR.Volume Threshold | PFCP Session Modification Request.Update URR.Subsequent Volume Threshold,FIELD_AND_RELATION,T2-R12 | T2-R13,V-SMF,"Comp,Uniq,Acc",DIRECT,P1,INVENTORY_REQUIRED,STD,"3GPP TS 29.244 V17.10.0 §§7.2, 7.5.2, 7.5.4, 8.2; TS 23.501/23.502/23.503 semantic context",N4 request bytes and decoded IE tree; UPF pre/post rule state; packet-to-PDR/URR mapping; PFCP usage reports; Gy/OCS usage; baseline/attack logs and PCAP,W3_ASYMMETRIC_UL_DL
T2-A34,T2,PFCP Session Establishment Request / PFCP Session Modification Request,Volume-quota manipulation,PFCP Session (Establishment|Modification) Request\.(Create|Update) URR\.(Volume Quota|Subsequent Volume Quota)$,6,PFCP Session Establishment Request.Create URR.Volume Quota | PFCP Session Establishment Request.Create URR.Subsequent Volume Quota | PFCP Session Modification Request.Create URR.Volume Quota | PFCP Session Modification Request.Create URR.Subsequent Volume Quota | PFCP Session Modification Request.Update URR.Volume Quota | PFCP Session Modification Request.Update URR.Subsequent Volume Quota,FIELD_AND_RELATION,T2-R12 | T2-R13 | T2-R15,V-SMF,"Auth,Acc,Comp",DIRECT,P1,INVENTORY_REQUIRED,STD,"3GPP TS 29.244 V17.10.0 §§7.2, 7.5.2, 7.5.4, 8.2; TS 23.501/23.502/23.503 semantic context",N4 request bytes and decoded IE tree; UPF pre/post rule state; packet-to-PDR/URR mapping; PFCP usage reports; Gy/OCS usage; baseline/attack logs and PCAP,W3_ASYMMETRIC_UL_DL
T2-A35,T2,PFCP Session Establishment Request / PFCP Session Modification Request,"Time threshold, quota, or measurement-period manipulation",PFCP Session (Establishment|Modification) Request\.(Create|Update) URR\.(Time Threshold|Time Quota|Subsequent Time Threshold|Subsequent Time Quota|Measurement Period)$,15,PFCP Session Establishment Request.Create URR.Measurement Period | PFCP Session Establishment Request.Create URR.Time Threshold | PFCP Session Establishment Request.Create URR.Time Quota | PFCP Session Establishment Request.Create URR.Subsequent Time Threshold | PFCP Session Establishment Request.Create URR.Subsequent Time Quota | PFCP Session Modification Request.Create URR.Measurement Period | PFCP Session Modification Request.Create URR.Time Threshold | PFCP Session Modification Request.Create URR.Time Quota,FIELD_AND_RELATION,T2-R11 | T2-R12 | T2-R13,V-SMF,"Acc,Comp,Uniq",CONDITIONAL,P2,INVENTORY_REQUIRED,STD,"3GPP TS 29.244 V17.10.0 §§7.2, 7.5.2, 7.5.4, 8.2; TS 23.501/23.502/23.503 semantic context",N4 request bytes and decoded IE tree; UPF pre/post rule state; packet-to-PDR/URR mapping; PFCP usage reports; Gy/OCS usage; baseline/attack logs and PCAP,W7_TIME_BOUNDARY
T2-A36,T2,PFCP Session Establishment Request / PFCP Session Modification Request,Event threshold or quota manipulation,PFCP Session (Establishment|Modification) Request\.(Create|Update) URR\.(Event Threshold|Event Quota|Subsequent Event Threshold|Subsequent Event Quota)$,12,PFCP Session Establishment Request.Create URR.Event Threshold | PFCP Session Establishment Request.Create URR.Event Quota | PFCP Session Establishment Request.Create URR.Subsequent Event Threshold | PFCP Session Establishment Request.Create URR.Subsequent Event Quota | PFCP Session Modification Request.Create URR.Event Threshold | PFCP Session Modification Request.Create URR.Event Quota | PFCP Session Modification Request.Create URR.Subsequent Event Threshold | PFCP Session Modification Request.Create URR.Subsequent Event Quota,FIELD_AND_RELATION,T2-R11 | T2-R12 | T2-R13,V-SMF,"Acc,Comp,Uniq,Sem",CONDITIONAL,P2,INVENTORY_REQUIRED,STD,"3GPP TS 29.244 V17.10.0 §§7.2, 7.5.2, 7.5.4, 8.2; TS 23.501/23.502/23.503 semantic context",N4 request bytes and decoded IE tree; UPF pre/post rule state; packet-to-PDR/URR mapping; PFCP usage reports; Gy/OCS usage; baseline/attack logs and PCAP,W3_ASYMMETRIC_UL_DL
T2-A37,T2,PFCP Session Establishment Request / PFCP Session Modification Request,Monitoring-time tariff-boundary shift,PFCP Session (Establishment|Modification) Request\.(Create|Update) URR\.(Monitoring Time|Additional Monitoring Time\.),24,PFCP Session Establishment Request.Create URR.Monitoring Time | PFCP Session Establishment Request.Create URR.Additional Monitoring Time.Monitoring Time | PFCP Session Establishment Request.Create URR.Additional Monitoring Time.Subsequent Volume Threshold | PFCP Session Establishment Request.Create URR.Additional Monitoring Time.Subsequent Time Threshold | PFCP Session Establishment Request.Create URR.Additional Monitoring Time.Subsequent Volume Quota | PFCP Session Establishment Request.Create URR.Additional Monitoring Time.Subsequent Time Quota | PFCP Session Establishment Request.Create URR.Additional Monitoring Time.Subsequent Event Threshold | PFCP Session Establishment Request.Create URR.Additional Monitoring Time.Subsequent Event Quota,FIELD_AND_RELATION,T2-R13,V-SMF,"Ctx,Fresh,Acc",CONDITIONAL,P2,INVENTORY_REQUIRED,STD,"3GPP TS 29.244 V17.10.0 §§7.2, 7.5.2, 7.5.4, 8.2; TS 23.501/23.502/23.503 semantic context",N4 request bytes and decoded IE tree; UPF pre/post rule state; packet-to-PDR/URR mapping; PFCP usage reports; Gy/OCS usage; baseline/attack logs and PCAP,W6_DIFFERENTIATED_CONTEXT
T2-A38,T2,PFCP Session Establishment Request / PFCP Session Modification Request,Subsequent threshold/quota overlap or gap,PFCP Session (Establishment|Modification) Request\.(Create|Update) URR\.(Subsequent|Additional Monitoring Time\.),39,PFCP Session Establishment Request.Create URR.Subsequent Volume Threshold | PFCP Session Establishment Request.Create URR.Subsequent Time Threshold | PFCP Session Establishment Request.Create URR.Subsequent Volume Quota | PFCP Session Establishment Request.Create URR.Subsequent Time Quota | PFCP Session Establishment Request.Create URR.Subsequent Event Threshold | PFCP Session Establishment Request.Create URR.Subsequent Event Quota | PFCP Session Establishment Request.Create URR.Additional Monitoring Time.Monitoring Time | PFCP Session Establishment Request.Create URR.Additional Monitoring Time.Subsequent Volume Threshold,FIELD_AND_RELATION,T2-R13,V-SMF,"Uniq,Comp,Fresh",STRUCTURAL,P1,INVENTORY_REQUIRED,STD,"3GPP TS 29.244 V17.10.0 §§7.2, 7.5.2, 7.5.4, 8.2; TS 23.501/23.502/23.503 semantic context",N4 request bytes and decoded IE tree; UPF pre/post rule state; packet-to-PDR/URR mapping; PFCP usage reports; Gy/OCS usage; baseline/attack logs and PCAP,W3_ASYMMETRIC_UL_DL
T2-A39,T2,PFCP Session Establishment Request / PFCP Session Modification Request,Linked-URR cycle or cross-purpose linking,PFCP Session (Establishment|Modification) Request\.(Create|Update) URR\.Linked URR ID$ | PFCP Session (Establishment|Modification) Request\.(Create|Update) URR\.Reporting Triggers\.LIUSA$,6,PFCP Session Establishment Request.Create URR.Reporting Triggers.LIUSA | PFCP Session Establishment Request.Create URR.Linked URR ID | PFCP Session Modification Request.Create URR.Reporting Triggers.LIUSA | PFCP Session Modification Request.Create URR.Linked URR ID | PFCP Session Modification Request.Update URR.Reporting Triggers.LIUSA | PFCP Session Modification Request.Update URR.Linked URR ID,FIELD_AND_RELATION,T2-R14,V-SMF,"Uniq,Sem,Ctx",STRUCTURAL,P1,INVENTORY_REQUIRED,STD,"3GPP TS 29.244 V17.10.0 §§7.2, 7.5.2, 7.5.4, 8.2; TS 23.501/23.502/23.503 semantic context",N4 request bytes and decoded IE tree; UPF pre/post rule state; packet-to-PDR/URR mapping; PFCP usage reports; Gy/OCS usage; baseline/attack logs and PCAP,W4_TWO_ACCOUNTING_BOUNDARIES
T2-A40,T2,PFCP Session Establishment Request / PFCP Session Modification Request,Quota-action FAR substitution,PFCP Session (Establishment|Modification) Request\.(Create|Update) URR\.FAR ID for Quota Action\.farId$,3,PFCP Session Establishment Request.Create URR.FAR ID for Quota Action.farId | PFCP Session Modification Request.Create URR.FAR ID for Quota Action.farId | PFCP Session Modification Request.Update URR.FAR ID for Quota Action.farId,FIELD_AND_RELATION,T2-R15 | T2-R21,V-SMF,"Auth,Ctx,Comp",DIRECT,P1,INVENTORY_REQUIRED,STD,"3GPP TS 29.244 V17.10.0 §§7.2, 7.5.2, 7.5.4, 8.2; TS 23.501/23.502/23.503 semantic context",N4 request bytes and decoded IE tree; UPF pre/post rule state; packet-to-PDR/URR mapping; PFCP usage reports; Gy/OCS usage; baseline/attack logs and PCAP,W3_ASYMMETRIC_UL_DL
T2-A41,T2,PFCP Session Establishment Request / PFCP Session Modification Request,Quota-action exempt-SDF scope manipulation,PFCP Session (Establishment|Modification) Request\.(Create|Update) URR\.Exempted SDF Filter for Quota Action\.,33,PFCP Session Establishment Request.Create URR.Exempted SDF Filter for Quota Action.BID | PFCP Session Establishment Request.Create URR.Exempted SDF Filter for Quota Action.FL | PFCP Session Establishment Request.Create URR.Exempted SDF Filter for Quota Action.SPI | PFCP Session Establishment Request.Create URR.Exempted SDF Filter for Quota Action.TTC | PFCP Session Establishment Request.Create URR.Exempted SDF Filter for Quota Action.FD | PFCP Session Establishment Request.Create URR.Exempted SDF Filter for Quota Action.flowDescriptionLength | PFCP Session Establishment Request.Create URR.Exempted SDF Filter for Quota Action.flowDescription | PFCP Session Establishment Request.Create URR.Exempted SDF Filter for Quota Action.tosTrafficClass,FIELD_AND_RELATION,T2-R15,V-SMF,"Auth,Comp,Sem",DIRECT,P1,INVENTORY_REQUIRED,STD,"3GPP TS 29.244 V17.10.0 §§7.2, 7.5.2, 7.5.4, 8.2; TS 23.501/23.502/23.503 semantic context",N4 request bytes and decoded IE tree; UPF pre/post rule state; packet-to-PDR/URR mapping; PFCP usage reports; Gy/OCS usage; baseline/attack logs and PCAP,W3_ASYMMETRIC_UL_DL
T2-A42,T2,PFCP Session Establishment Request / PFCP Session Modification Request,Quota-action exempt-application substitution,PFCP Session (Establishment|Modification) Request\.(Create|Update) URR\.Exempted Application ID for Quota Action$,3,PFCP Session Establishment Request.Create URR.Exempted Application ID for Quota Action | PFCP Session Modification Request.Create URR.Exempted Application ID for Quota Action | PFCP Session Modification Request.Update URR.Exempted Application ID for Quota Action,FIELD_AND_RELATION,T2-R15,V-SMF,"Auth,Ctx,Comp",CONDITIONAL,P2,INVENTORY_REQUIRED,STD,"3GPP TS 29.244 V17.10.0 §§7.2, 7.5.2, 7.5.4, 8.2; TS 23.501/23.502/23.503 semantic context",N4 request bytes and decoded IE tree; UPF pre/post rule state; packet-to-PDR/URR mapping; PFCP usage reports; Gy/OCS usage; baseline/attack logs and PCAP,W3_ASYMMETRIC_UL_DL
T2-A43,T2,PFCP Session Establishment Request / PFCP Session Modification Request,Number-of-Reports manipulation,PFCP Session (Establishment|Modification) Request\.(Create|Update) URR\.Number of Reports$,3,PFCP Session Establishment Request.Create URR.Number of Reports | PFCP Session Modification Request.Create URR.Number of Reports | PFCP Session Modification Request.Update URR.Number of Reports,FIELD_AND_RELATION,T2-R12,V-SMF,"Comp,Uniq",CONDITIONAL,P2,INVENTORY_REQUIRED,STD,"3GPP TS 29.244 V17.10.0 §§7.2, 7.5.2, 7.5.4, 8.2; TS 23.501/23.502/23.503 semantic context",N4 request bytes and decoded IE tree; UPF pre/post rule state; packet-to-PDR/URR mapping; PFCP usage reports; Gy/OCS usage; baseline/attack logs and PCAP,W3_ASYMMETRIC_UL_DL
T2-A44,T2,PFCP Session Establishment Request / PFCP Session Modification Request,Measurement-Information flag manipulation,PFCP Session (Establishment|Modification) Request\.(Create|Update) URR\.Measurement Information$,3,PFCP Session Establishment Request.Create URR.Measurement Information | PFCP Session Modification Request.Create URR.Measurement Information | PFCP Session Modification Request.Update URR.Measurement Information,FIELD_AND_RELATION,T2-R11 | T2-R13 | T2-R17,V-SMF,"Sem,Comp,Uniq,Acc",STRUCTURAL,P1,INVENTORY_REQUIRED,STD,"3GPP TS 29.244 V17.10.0 §§7.2, 7.5.2, 7.5.4, 8.2; TS 23.501/23.502/23.503 semantic context",N4 request bytes and decoded IE tree; UPF pre/post rule state; packet-to-PDR/URR mapping; PFCP usage reports; Gy/OCS usage; baseline/attack logs and PCAP,W3_ASYMMETRIC_UL_DL
T2-A45,T2,PFCP Session Establishment Request / PFCP Session Modification Request,"Quota-holding, validity, or inactivity timer manipulation",PFCP Session (Establishment|Modification) Request\.(Create|Update) URR\.(Quota Holding Time|Quota Validity Time|Inactivity Detection Time|Ethernet Inactivity Timer|User Plane Inactivity Timer)$,15,PFCP Session Establishment Request.Create URR.Quota Holding Time | PFCP Session Establishment Request.Create URR.Quota Validity Time | PFCP Session Establishment Request.Create URR.Inactivity Detection Time | PFCP Session Establishment Request.Create URR.Ethernet Inactivity Timer | PFCP Session Establishment Request.Create URR.User Plane Inactivity Timer | PFCP Session Modification Request.Create URR.Quota Holding Time | PFCP Session Modification Request.Create URR.Quota Validity Time | PFCP Session Modification Request.Create URR.Inactivity Detection Time,FIELD_AND_RELATION,T2-R12,V-SMF,"Comp,Fresh,Uniq",CONDITIONAL,P2,INVENTORY_REQUIRED,STD,"3GPP TS 29.244 V17.10.0 §§7.2, 7.5.2, 7.5.4, 8.2; TS 23.501/23.502/23.503 semantic context",N4 request bytes and decoded IE tree; UPF pre/post rule state; packet-to-PDR/URR mapping; PFCP usage reports; Gy/OCS usage; baseline/attack logs and PCAP,W7_TIME_BOUNDARY
T2-A46,T2,PFCP Session Modification Request,SUMPC counter-summation manipulation,PFCP Session (Establishment|Modification) Request\.(PFCPSEReq- Flags|PFCPSMReq- Flags)\.SUMPC$,2,PFCP Session Establishment Request.PFCPSEReq- Flags.SUMPC | PFCP Session Modification Request.PFCPSMReq- Flags.SUMPC,FIELD_AND_RELATION,T2-R17,V-SMF,"Uniq,Comp,Deriv",DIRECT,P1,INVENTORY_REQUIRED,STD,"3GPP TS 29.244 V17.10.0 §§7.2, 7.5.2, 7.5.4, 8.2; TS 23.501/23.502/23.503 semantic context",N4 request bytes and decoded IE tree; UPF pre/post rule state; packet-to-PDR/URR mapping; PFCP usage reports; Gy/OCS usage; baseline/attack logs and PCAP,W3_ASYMMETRIC_UL_DL
T2-A47,T2,PFCP Session Modification Request,RUMUC measurement-update/reset manipulation,PFCP Session Modification Request\.PFCPSMReq- Flags\.RUMUC$,1,PFCP Session Modification Request.PFCPSMReq- Flags.RUMUC,FIELD_AND_RELATION,T2-R17,V-SMF,"Uniq,Comp,Fresh",DIRECT,P1,INVENTORY_REQUIRED,STD,"3GPP TS 29.244 V17.10.0 §§7.2, 7.5.2, 7.5.4, 8.2; TS 23.501/23.502/23.503 semantic context",N4 request bytes and decoded IE tree; UPF pre/post rule state; packet-to-PDR/URR mapping; PFCP usage reports; Gy/OCS usage; baseline/attack logs and PCAP,W3_ASYMMETRIC_UL_DL
T2-A48,T2,PFCP Session Modification Request,QAURR or Query-URR stale-usage application,PFCP Session Modification Request\.PFCPSMReq- Flags\.QAURR$ | PFCP Session Modification Request\.(Query URR|Query URR Reference),3,PFCP Session Modification Request.PFCPSMReq- Flags.QAURR | PFCP Session Modification Request.Query URR.URR ID.urrId | PFCP Session Modification Request.Query URR Reference.queryUrrReference,FIELD_AND_RELATION,T2-R17 | T2-R18,V-SMF,"Fresh,Uniq,Ctx",DIRECT,P1,INVENTORY_REQUIRED,STD,"3GPP TS 29.244 V17.10.0 §§7.2, 7.5.2, 7.5.4, 8.2; TS 23.501/23.502/23.503 semantic context",N4 request bytes and decoded IE tree; UPF pre/post rule state; packet-to-PDR/URR mapping; PFCP usage reports; Gy/OCS usage; baseline/attack logs and PCAP,W4_TWO_ACCOUNTING_BOUNDARIES
T2-A49,T2,PFCP Session Modification Request,Non-atomic partial commit of rule removal,PFCP Session Modification Request\.Remove (PDR|FAR|URR|QER|Traffic Endpoint|MAR|SRR|BAR),8,PFCP Session Modification Request.Remove PDR.PDR ID.pdrId | PFCP Session Modification Request.Remove FAR.FAR ID.farId | PFCP Session Modification Request.Remove URR.URR ID.urrId | PFCP Session Modification Request.Remove QER.QER ID.qerId | PFCP Session Modification Request.Remove BAR.BAR ID.barId | PFCP Session Modification Request.Remove Traffic Endpoint.Traffic Endpoint ID | PFCP Session Modification Request.Remove MAR.MAR ID.marId | PFCP Session Modification Request.Remove SRR.SRR ID.srrId,FIELD_AND_RELATION,T2-R16,V-SMF,"Sem,Comp,Uniq,Deriv",STRUCTURAL,P1,INVENTORY_REQUIRED,STD,"3GPP TS 29.244 V17.10.0 §§7.2, 7.5.2, 7.5.4, 8.2; TS 23.501/23.502/23.503 semantic context",N4 request bytes and decoded IE tree; UPF pre/post rule state; packet-to-PDR/URR mapping; PFCP usage reports; Gy/OCS usage; baseline/attack logs and PCAP,W3_ASYMMETRIC_UL_DL
T2-A50,T2,PFCP Session Modification Request,PDR removal creates forwarding/measurement orphan,PFCP Session Modification Request\.Remove PDR,1,PFCP Session Modification Request.Remove PDR.PDR ID.pdrId,FIELD_AND_RELATION,T2-R05 | T2-R16,V-SMF,"Comp,Auth",DIRECT,P1,INVENTORY_REQUIRED,STD,"3GPP TS 29.244 V17.10.0 §§7.2, 7.5.2, 7.5.4, 8.2; TS 23.501/23.502/23.503 semantic context",N4 request bytes and decoded IE tree; UPF pre/post rule state; packet-to-PDR/URR mapping; PFCP usage reports; Gy/OCS usage; baseline/attack logs and PCAP,W3_ASYMMETRIC_UL_DL
T2-A51,T2,PFCP Session Establishment Request / PFCP Session Modification Request,S-NSSAI substitution,PFCP Session (Establishment|Modification) Request\.S-NSSAI\.(sst|sd)$,4,PFCP Session Establishment Request.S-NSSAI.sst | PFCP Session Establishment Request.S-NSSAI.sd | PFCP Session Modification Request.S-NSSAI.sst | PFCP Session Modification Request.S-NSSAI.sd,FIELD_AND_RELATION,T2-R19,V-SMF,"Ctx,Auth",CONDITIONAL,P0,EXISTING_POC_REGRESSION,STR,"3GPP TS 29.244 V17.10.0 §§7.2, 7.5.2, 7.5.4, 8.2; TS 23.501/23.502/23.503 semantic context",N4 request bytes and decoded IE tree; UPF pre/post rule state; packet-to-PDR/URR mapping; PFCP usage reports; Gy/OCS usage; baseline/attack logs and PCAP,W6_DIFFERENTIATED_CONTEXT
T2-A52,T2,PFCP Session Establishment Request,User-ID cross-subscriber substitution,PFCP Session Establishment Request\.User ID$,1,PFCP Session Establishment Request.User ID,FIELD_AND_RELATION,T2-R19,V-SMF,"Attr,Ctx",CONDITIONAL,P1,INVENTORY_REQUIRED,STD,"3GPP TS 29.244 V17.10.0 §§7.2, 7.5.2, 7.5.4, 8.2; TS 23.501/23.502/23.503 semantic context",N4 request bytes and decoded IE tree; UPF pre/post rule state; packet-to-PDR/URR mapping; PFCP usage reports; Gy/OCS usage; baseline/attack logs and PCAP,W5_TWO_SUBSCRIBERS
T2-A53,T2,PFCP Session Establishment Request / PFCP Session Modification Request,"APN/DNN, PDN-type, or RAT-type context substitution",PFCP Session Establishment Request\.APN/DNN\.apnOrDnn$ | PFCP Session Establishment Request\.PDN Type\.pdnType$ | PFCP Session Establishment Request\.RAT Type$ | PFCP Session (Establishment|Modification) Request\.(Create|Update) PDR\.RAT Type$ | PFCP Session (Establishment|Modification) Request\.(Create|Update) Traffic Endpoint\.RAT Type$,9,PFCP Session Establishment Request.Create PDR.RAT Type | PFCP Session Establishment Request.Create Traffic Endpoint.RAT Type | PFCP Session Establishment Request.PDN Type.pdnType | PFCP Session Establishment Request.APN/DNN.apnOrDnn | PFCP Session Establishment Request.RAT Type | PFCP Session Modification Request.Create PDR.RAT Type | PFCP Session Modification Request.Create Traffic Endpoint.RAT Type | PFCP Session Modification Request.Update PDR.RAT Type,FIELD_AND_RELATION,T2-R19,V-SMF,"Ctx,Attr",CONDITIONAL,P2,INVENTORY_REQUIRED,STD,"3GPP TS 29.244 V17.10.0 §§7.2, 7.5.2, 7.5.4, 8.2; TS 23.501/23.502/23.503 semantic context",N4 request bytes and decoded IE tree; UPF pre/post rule state; packet-to-PDR/URR mapping; PFCP usage reports; Gy/OCS usage; baseline/attack logs and PCAP,W6_DIFFERENTIATED_CONTEXT
T2-A54,T2,PFCP Session Establishment Request / PFCP Session Modification Request,Charge-for-dropped-traffic via FAR/URR divergence,PFCP Session (Establishment|Modification) Request\.(Create|Update) FAR\.Apply Action\.(DROP|FORW)$,6,PFCP Session Establishment Request.Create FAR.Apply Action.DROP | PFCP Session Establishment Request.Create FAR.Apply Action.FORW | PFCP Session Modification Request.Create FAR.Apply Action.DROP | PFCP Session Modification Request.Create FAR.Apply Action.FORW | PFCP Session Modification Request.Update FAR.Apply Action.DROP | PFCP Session Modification Request.Update FAR.Apply Action.FORW,FIELD_AND_RELATION,T2-R21,V-SMF,"Sem,Acc,Auth",CONDITIONAL,P2,INVENTORY_REQUIRED,STD,"3GPP TS 29.244 V17.10.0 §§7.2, 7.5.2, 7.5.4, 8.2; TS 23.501/23.502/23.503 semantic context",N4 request bytes and decoded IE tree; UPF pre/post rule state; packet-to-PDR/URR mapping; PFCP usage reports; Gy/OCS usage; baseline/attack logs and PCAP,W3_ASYMMETRIC_UL_DL
T2-A55,T2,PFCP Session Establishment Request / PFCP Session Modification Request,Duplicate-forwarding accounting inflation,PFCP Session (Establishment|Modification) Request\.(Create|Update) FAR\.Apply Action\.(DUPL|DFRT|DDPN)$,9,PFCP Session Establishment Request.Create FAR.Apply Action.DUPL | PFCP Session Establishment Request.Create FAR.Apply Action.DFRT | PFCP Session Establishment Request.Create FAR.Apply Action.DDPN | PFCP Session Modification Request.Create FAR.Apply Action.DUPL | PFCP Session Modification Request.Create FAR.Apply Action.DFRT | PFCP Session Modification Request.Create FAR.Apply Action.DDPN | PFCP Session Modification Request.Update FAR.Apply Action.DUPL | PFCP Session Modification Request.Update FAR.Apply Action.DFRT,FIELD_AND_RELATION,T2-R21 | T2-R24,V-SMF,"Acc,Uniq,Sem",CONDITIONAL,P2,INVENTORY_REQUIRED,STD,"3GPP TS 29.244 V17.10.0 §§7.2, 7.5.2, 7.5.4, 8.2; TS 23.501/23.502/23.503 semantic context",N4 request bytes and decoded IE tree; UPF pre/post rule state; packet-to-PDR/URR mapping; PFCP usage reports; Gy/OCS usage; baseline/attack logs and PCAP,W4_TWO_ACCOUNTING_BOUNDARIES
T2-A56,T2,PFCP Session Establishment Request / PFCP Session Modification Request,FAR forwarding-context substitution,PFCP Session (Establishment|Modification) Request\.(Create|Update) FAR\.(Forwarding Parameters|Update Forwarding Parameters)\.(Network Instance|Redirect Information|Forwarding Policy|Linked Traffic Endpoint ID|Destination Interface),24,PFCP Session Establishment Request.Create FAR.Forwarding Parameters.Destination Interface.interfaceValue | PFCP Session Establishment Request.Create FAR.Forwarding Parameters.Destination Interface.interfaceType | PFCP Session Establishment Request.Create FAR.Forwarding Parameters.Network Instance.length | PFCP Session Establishment Request.Create FAR.Forwarding Parameters.Network Instance.apnOrDnn | PFCP Session Establishment Request.Create FAR.Forwarding Parameters.Redirect Information | PFCP Session Establishment Request.Create FAR.Forwarding Parameters.Forwarding Policy | PFCP Session Establishment Request.Create FAR.Forwarding Parameters.Linked Traffic Endpoint ID | PFCP Session Establishment Request.Create FAR.Forwarding Parameters.Destination Interface Type,FIELD_AND_RELATION,T2-R06 | T2-R21,V-SMF,"Ctx,Auth,Sem",CONDITIONAL,P2,INVENTORY_REQUIRED,STD,"3GPP TS 29.244 V17.10.0 §§7.2, 7.5.2, 7.5.4, 8.2; TS 23.501/23.502/23.503 semantic context",N4 request bytes and decoded IE tree; UPF pre/post rule state; packet-to-PDR/URR mapping; PFCP usage reports; Gy/OCS usage; baseline/attack logs and PCAP,W6_DIFFERENTIATED_CONTEXT
T2-A57,T2,PFCP Session Establishment Request / PFCP Session Modification Request,FAR-ID collision or overwrite,PFCP Session (Establishment|Modification) Request\.(Create|Update|Remove) FAR\.FAR ID\.farId$,4,PFCP Session Establishment Request.Create FAR.FAR ID.farId | PFCP Session Modification Request.Remove FAR.FAR ID.farId | PFCP Session Modification Request.Create FAR.FAR ID.farId | PFCP Session Modification Request.Update FAR.FAR ID.farId,FIELD_AND_RELATION,T2-R06 | T2-R16,V-SMF,"Uniq,Sem,Deriv",STRUCTURAL,P2,INVENTORY_REQUIRED,STD,"3GPP TS 29.244 V17.10.0 §§7.2, 7.5.2, 7.5.4, 8.2; TS 23.501/23.502/23.503 semantic context",N4 request bytes and decoded IE tree; UPF pre/post rule state; packet-to-PDR/URR mapping; PFCP usage reports; Gy/OCS usage; baseline/attack logs and PCAP,W3_ASYMMETRIC_UL_DL
T2-A58,T2,PFCP Session Establishment Request / PFCP Session Modification Request,QER QFI/QoS tariff-context substitution,PFCP Session (Establishment|Modification) Request\.(Create|Update) QER\.(QoS flow identifier|Maximum Bitrate|Guaranteed Bitrate|Packet Rate|Averaging Window|Paging Policy Indicator|Reflective QoS|QER Correlation ID)$,24,PFCP Session Establishment Request.Create QER.QER Correlation ID | PFCP Session Establishment Request.Create QER.Maximum Bitrate | PFCP Session Establishment Request.Create QER.Guaranteed Bitrate | PFCP Session Establishment Request.Create QER.Packet Rate | PFCP Session Establishment Request.Create QER.QoS flow identifier | PFCP Session Establishment Request.Create QER.Reflective QoS | PFCP Session Establishment Request.Create QER.Paging Policy Indicator | PFCP Session Establishment Request.Create QER.Averaging Window,FIELD_AND_RELATION,T2-R08 | T2-R22,V-SMF,"Ctx,Uniq,Auth",CONDITIONAL,P2,INVENTORY_REQUIRED,STD,"3GPP TS 29.244 V17.10.0 §§7.2, 7.5.2, 7.5.4, 8.2; TS 23.501/23.502/23.503 semantic context",N4 request bytes and decoded IE tree; UPF pre/post rule state; packet-to-PDR/URR mapping; PFCP usage reports; Gy/OCS usage; baseline/attack logs and PCAP,W6_DIFFERENTIATED_CONTEXT
T2-A59,T2,PFCP Session Establishment Request / PFCP Session Modification Request,Traffic-endpoint UE-IP/F-TEID cross-session substitution,PFCP Session (Establishment|Modification) Request\.(Create|Update) Traffic Endpoint\.(UE IP address|Local F-TEID|Traffic Endpoint ID|Network Instance|QFI),63,PFCP Session Establishment Request.Create Traffic Endpoint.Traffic Endpoint ID | PFCP Session Establishment Request.Create Traffic Endpoint.Local F-TEID.CHID | PFCP Session Establishment Request.Create Traffic Endpoint.Local F-TEID.CH | PFCP Session Establishment Request.Create Traffic Endpoint.Local F-TEID.V6 | PFCP Session Establishment Request.Create Traffic Endpoint.Local F-TEID.V4 | PFCP Session Establishment Request.Create Traffic Endpoint.Local F-TEID.TEID | PFCP Session Establishment Request.Create Traffic Endpoint.Local F-TEID.ipv4Address | PFCP Session Establishment Request.Create Traffic Endpoint.Local F-TEID.ipv6Address,FIELD_AND_RELATION,T2-R09 | T2-R19,V-SMF,"Ctx,Attr,Auth",DIRECT,P2,INVENTORY_REQUIRED,STD,"3GPP TS 29.244 V17.10.0 §§7.2, 7.5.2, 7.5.4, 8.2; TS 23.501/23.502/23.503 semantic context",N4 request bytes and decoded IE tree; UPF pre/post rule state; packet-to-PDR/URR mapping; PFCP usage reports; Gy/OCS usage; baseline/attack logs and PCAP,W5_TWO_SUBSCRIBERS
T2-A60,T2,PFCP Session Establishment Request / PFCP Session Modification Request,Packet-replication/redundancy duplicate measurement,PFCP Session (Establishment|Modification) Request\.(Create|Update) PDR\.(Packet Replication and Detection Carry-On Information|IP Multicast Addressing Info|Transport Delay Reporting) | PFCP Session (Establishment|Modification) Request\.(Create|Update) Traffic Endpoint\.Redundant Transmission Detection Parameters,44,PFCP Session Establishment Request.Create PDR.Packet Replication and Detection Carry-On Information | PFCP Session Establishment Request.Create PDR.IP Multicast Addressing Info.IP Multicast Address | PFCP Session Establishment Request.Create PDR.IP Multicast Addressing Info.Source IP Address | PFCP Session Establishment Request.Create PDR.Transport Delay Reporting.Preceding UL GTP-U Peer | PFCP Session Establishment Request.Create PDR.Transport Delay Reporting.DSCP | PFCP Session Establishment Request.Create Traffic Endpoint.Redundant Transmission Detection Parameters.Local F-TEID for Redundant Transmission.CHID | PFCP Session Establishment Request.Create Traffic Endpoint.Redundant Transmission Detection Parameters.Local F-TEID for Redundant Transmission.CH | PFCP Session Establishment Request.Create Traffic Endpoint.Redundant Transmission Detection Parameters.Local F-TEID for Redundant Transmission.V6,FIELD_AND_RELATION,T2-R05 | T2-R09 | T2-R21,V-SMF,"Uniq,Acc,Sem",CONDITIONAL,P3,INVENTORY_REQUIRED,STD,"3GPP TS 29.244 V17.10.0 §§7.2, 7.5.2, 7.5.4, 8.2; TS 23.501/23.502/23.503 semantic context",N4 request bytes and decoded IE tree; UPF pre/post rule state; packet-to-PDR/URR mapping; PFCP usage reports; Gy/OCS usage; baseline/attack logs and PCAP,W4_TWO_ACCOUNTING_BOUNDARIES
T2-A61,T2,PFCP Session Establishment Request / PFCP Session Modification Request,MBS/multicast session attribution substitution,PFCP Session (Establishment|Modification) Request\..*(MBS Session Identifier|Area Session ID|MBS Session N4 Control Information),16,PFCP Session Establishment Request.Create PDR.PDI.MBS Session Identifier | PFCP Session Establishment Request.Create PDR.PDI.Area Session ID | PFCP Session Establishment Request.Create Traffic Endpoint.MBS Session Identifier | PFCP Session Establishment Request.Create Traffic Endpoint.Area Session ID | PFCP Session Establishment Request.MBS Session N4 Control Information.MBS Session Identifier | PFCP Session Establishment Request.MBS Session N4 Control Information.Area Session ID | PFCP Session Establishment Request.MBS Session N4 Control Information.Multicast Transport Information | PFCP Session Modification Request.Create PDR.PDI.MBS Session Identifier,FIELD_AND_RELATION,T2-R09 | T2-R19,V-SMF,"Attr,Ctx,Uniq",CONDITIONAL,P3,INVENTORY_REQUIRED,STD,"3GPP TS 29.244 V17.10.0 §§7.2, 7.5.2, 7.5.4, 8.2; TS 23.501/23.502/23.503 semantic context",N4 request bytes and decoded IE tree; UPF pre/post rule state; packet-to-PDR/URR mapping; PFCP usage reports; Gy/OCS usage; baseline/attack logs and PCAP,W3_ASYMMETRIC_UL_DL
T2-A62,T2,PFCP Session Establishment Request / PFCP Session Modification Request,PFCP IE length/presence parser differential,PFCP Session (Establishment|Modification) Request\.PFCP Header\.messageLength$ | PFCP Session (Establishment|Modification) Request\..*\.(length|V4|V6|CH|CHID|FD|TTC|SPI|FL|BID)$,127,PFCP Session Establishment Request.PFCP Header.messageLength | PFCP Session Establishment Request.CP F-SEID.V4 | PFCP Session Establishment Request.CP F-SEID.V6 | PFCP Session Establishment Request.Create PDR.PDI.Local F-TEID.CHID | PFCP Session Establishment Request.Create PDR.PDI.Local F-TEID.CH | PFCP Session Establishment Request.Create PDR.PDI.Local F-TEID.V6 | PFCP Session Establishment Request.Create PDR.PDI.Local F-TEID.V4 | PFCP Session Establishment Request.Create PDR.PDI.Network Instance.length,FIELD_AND_RELATION,T2-R16,V-SMF,"Sem,Comp,Deriv",STRUCTURAL,P1,INVENTORY_REQUIRED,STD,"3GPP TS 29.244 V17.10.0 §§7.2, 7.5.2, 7.5.4, 8.2; TS 23.501/23.502/23.503 semantic context",N4 request bytes and decoded IE tree; UPF pre/post rule state; packet-to-PDR/URR mapping; PFCP usage reports; Gy/OCS usage; baseline/attack logs and PCAP,W3_ASYMMETRIC_UL_DL
T2-A63,T2,PFCP Session Modification Request,DETEID/endpoint deletion stale-path accounting,PFCP Session Modification Request\.PFCPSMReq- Flags\.DETEID$ | PFCP Session Modification Request\.Remove Traffic Endpoint,2,PFCP Session Modification Request.Remove Traffic Endpoint.Traffic Endpoint ID | PFCP Session Modification Request.PFCPSMReq- Flags.DETEID,FIELD_AND_RELATION,T2-R09 | T2-R16,V-SMF,"Fresh,Comp,Uniq,Ctx",CONDITIONAL,P2,INVENTORY_REQUIRED,STD,"3GPP TS 29.244 V17.10.0 §§7.2, 7.5.2, 7.5.4, 8.2; TS 23.501/23.502/23.503 semantic context",N4 request bytes and decoded IE tree; UPF pre/post rule state; packet-to-PDR/URR mapping; PFCP usage reports; Gy/OCS usage; baseline/attack logs and PCAP,W3_ASYMMETRIC_UL_DL
T2-A64,T2,PFCP Session Establishment Request / PFCP Session Modification Request,Repeated grouped-IE ordering ambiguity,PFCP Session (Establishment|Modification) Request\.(Create|Update) (PDR|FAR|URR|QER)\.,586,PFCP Session Establishment Request.Create PDR.PDR ID.pdrId | PFCP Session Establishment Request.Create PDR.Precedence.precedence | PFCP Session Establishment Request.Create PDR.PDI.Source Interface.interfaceValue | PFCP Session Establishment Request.Create PDR.PDI.Source Interface.interfaceType | PFCP Session Establishment Request.Create PDR.PDI.Local F-TEID.CHID | PFCP Session Establishment Request.Create PDR.PDI.Local F-TEID.CH | PFCP Session Establishment Request.Create PDR.PDI.Local F-TEID.V6 | PFCP Session Establishment Request.Create PDR.PDI.Local F-TEID.V4,FIELD_AND_RELATION,T2-R16 | T2-R24,V-SMF,"Sem,Uniq,Deriv",STRUCTURAL,P1,INVENTORY_REQUIRED,STD,"3GPP TS 29.244 V17.10.0 §§7.2, 7.5.2, 7.5.4, 8.2; TS 23.501/23.502/23.503 semantic context",N4 request bytes and decoded IE tree; UPF pre/post rule state; packet-to-PDR/URR mapping; PFCP usage reports; Gy/OCS usage; baseline/attack logs and PCAP,W3_ASYMMETRIC_UL_DL
T2-A65,T2,PFCP Session Establishment Request / PFCP Session Modification Request,Accounting-lifecycle manipulation via User Plane Inactivity Timer,PFCP Session (Establishment|Modification) Request\.User Plane Inactivity Timer$,2,PFCP Session Establishment Request.User Plane Inactivity Timer | PFCP Session Modification Request.User Plane Inactivity Timer,FIELD_AND_RELATION,T2-R23 | T3-R19,V-SMF,"Comp,Fresh,Sem",CONDITIONAL,P2,INVENTORY_REQUIRED,STD,3GPP TS 29.244 V17.10.0 Session Establishment/Modification Request; usage-report lifecycle semantics,PFCP requests; UPF timer/session state; Usage Reports; CCR/OCS records; logs/PCAP,W7_TIME_BOUNDARY
T3-A01,T3,PFCP Session Modification Response / Session Deletion Response / Session Report Request (Usage Report carriers),Cross-session Usage-Report SEID substitution,PFCP Session (Modification Response|Deletion Response|Report Request)\.PFCP Header\.seid$,3,PFCP Session Modification Response.PFCP Header.seid | PFCP Session Deletion Response.PFCP Header.seid | PFCP Session Report Request.PFCP Header.seid,FIELD_AND_RELATION,T3-R01,V-UPF,"Ctx,Attr,Deriv",DIRECT,P1,INVENTORY_REQUIRED,STD,"3GPP TS 29.244 V17.10.0 §§7.5.5.2, 7.5.7.2, 7.5.8.3, 8.2",raw PFCP bytes and decoded tree; V-SMF handler branch; per-session/URR accepted state before/after; outgoing CCR/Nchf request; OCS/CHF record; baseline/attack PCAP/logs,W6_DIFFERENTIATED_CONTEXT
T3-A02,T3,PFCP Session Modification Response / Session Deletion Response / Session Report Request (Usage Report carriers),Semantic Usage-Report replay,PFCP Session (Modification Response|Deletion Response|Report Request)\.PFCP Header\.sequenceNumber$ | PFCP Session (Modification Response|Deletion Response|Report Request)\.Usage Report\.(URR ID|UR-SEQN),9,PFCP Session Modification Response.PFCP Header.sequenceNumber | PFCP Session Modification Response.Usage Report.URR ID.urrId | PFCP Session Modification Response.Usage Report.UR-SEQN.urSeqn | PFCP Session Deletion Response.PFCP Header.sequenceNumber | PFCP Session Deletion Response.Usage Report.URR ID.urrId | PFCP Session Deletion Response.Usage Report.UR-SEQN.urSeqn | PFCP Session Report Request.PFCP Header.sequenceNumber | PFCP Session Report Request.Usage Report.URR ID.urrId,FIELD_AND_RELATION,T3-R02 | T3-R08,V-UPF or intermediate host,"Fresh,Uniq",DIRECT,P0,EXISTING_POC_REGRESSION,E2E,"3GPP TS 29.244 V17.10.0 §§7.5.5.2, 7.5.7.2, 7.5.8.3, 8.2",raw PFCP bytes and decoded tree; V-SMF handler branch; per-session/URR accepted state before/after; outgoing CCR/Nchf request; OCS/CHF record; baseline/attack PCAP/logs,W5_TWO_SUBSCRIBERS
T3-A03,T3,PFCP Session Modification Response / Session Deletion Response / Session Report Request (Usage Report carriers),Same-identity report equivocation,PFCP Session (Modification Response|Deletion Response|Report Request)\.PFCP Header\.sequenceNumber$ | PFCP Session (Modification Response|Deletion Response|Report Request)\.Usage Report\.(UR-SEQN|Volume Measurement|Duration Measurement),45,PFCP Session Modification Response.PFCP Header.sequenceNumber | PFCP Session Modification Response.Usage Report.UR-SEQN.urSeqn | PFCP Session Modification Response.Usage Report.Volume Measurement.TOVOL | PFCP Session Modification Response.Usage Report.Volume Measurement.ULVOL | PFCP Session Modification Response.Usage Report.Volume Measurement.DLVOL | PFCP Session Modification Response.Usage Report.Volume Measurement.TONOP | PFCP Session Modification Response.Usage Report.Volume Measurement.ULNOP | PFCP Session Modification Response.Usage Report.Volume Measurement.DLNOP,FIELD_AND_RELATION,T3-R02 | T3-R08 | T3-R20,V-UPF,"Sem,Fresh,Acc",STRUCTURAL,P1,INVENTORY_REQUIRED,STD,"3GPP TS 29.244 V17.10.0 §§7.5.5.2, 7.5.7.2, 7.5.8.3, 8.2",raw PFCP bytes and decoded tree; V-SMF handler branch; per-session/URR accepted state before/after; outgoing CCR/Nchf request; OCS/CHF record; baseline/attack PCAP/logs,W4_TWO_ACCOUNTING_BOUNDARIES
T3-A04,T3,PFCP Session Report Request,Old-CP-F-SEID substitution or rollback,PFCP Session Report Request\.Old CP F-SEID\.,5,PFCP Session Report Request.Old CP F-SEID.V4 | PFCP Session Report Request.Old CP F-SEID.V6 | PFCP Session Report Request.Old CP F-SEID.SEID | PFCP Session Report Request.Old CP F-SEID.ipv4Address | PFCP Session Report Request.Old CP F-SEID.ipv6Address,FIELD_AND_RELATION,T3-R01,V-UPF,"Ctx,Attr,Fresh",CONDITIONAL,P2,INVENTORY_REQUIRED,STD,"3GPP TS 29.244 V17.10.0 §§7.5.5.2, 7.5.7.2, 7.5.8.3, 8.2",raw PFCP bytes and decoded tree; V-SMF handler branch; per-session/URR accepted state before/after; outgoing CCR/Nchf request; OCS/CHF record; baseline/attack PCAP/logs,W6_DIFFERENTIATED_CONTEXT
T3-A05,T3,PFCP Session Report Request,Report-Type dispatch suppression,PFCP Session Report Request\.Report Type\.(USAR|ERIR)$,2,PFCP Session Report Request.Report Type.USAR | PFCP Session Report Request.Report Type.ERIR,FIELD_AND_RELATION,T3-R03,V-UPF,"Sem,Comp",DIRECT,P0,EXISTING_POC_REGRESSION,E2E,"3GPP TS 29.244 V17.10.0 §§7.5.5.2, 7.5.7.2, 7.5.8.3, 8.2",raw PFCP bytes and decoded tree; V-SMF handler branch; per-session/URR accepted state before/after; outgoing CCR/Nchf request; OCS/CHF record; baseline/attack PCAP/logs,W3_ASYMMETRIC_UL_DL
T3-A06,T3,PFCP Session Report Request,Multiple Report-Type flags cause double processing,PFCP Session Report Request\.Report Type\.,7,PFCP Session Report Request.Report Type.DLDR | PFCP Session Report Request.Report Type.USAR | PFCP Session Report Request.Report Type.ERIR | PFCP Session Report Request.Report Type.UPIR | PFCP Session Report Request.Report Type.TMIR | PFCP Session Report Request.Report Type.SESR | PFCP Session Report Request.Report Type.UISR,FIELD_AND_RELATION,T3-R03,V-UPF,"Uniq,Sem",STRUCTURAL,P1,INVENTORY_REQUIRED,STD,"3GPP TS 29.244 V17.10.0 §§7.5.5.2, 7.5.7.2, 7.5.8.3, 8.2",raw PFCP bytes and decoded tree; V-SMF handler branch; per-session/URR accepted state before/after; outgoing CCR/Nchf request; OCS/CHF record; baseline/attack PCAP/logs,W4_TWO_ACCOUNTING_BOUNDARIES
T3-A07,T3,PFCP Session Modification Response / Session Deletion Response / Session Report Request (Usage Report carriers),Duplicate report across PFCP carriers,PFCP Session (Modification Response|Deletion Response|Report Request)\.Usage Report\.,0,,RELATION_ONLY,T3-R04 | T3-R08,V-UPF,"Fresh,Uniq,Ctx",DIRECT,P1,INVENTORY_REQUIRED,STD,"3GPP TS 29.244 V17.10.0 §§7.5.5.2, 7.5.7.2, 7.5.8.3, 8.2",raw PFCP bytes and decoded tree; V-SMF handler branch; per-session/URR accepted state before/after; outgoing CCR/Nchf request; OCS/CHF record; baseline/attack PCAP/logs,W4_TWO_ACCOUNTING_BOUNDARIES
T3-A08,T3,PFCP Session Modification Response / Session Deletion Response / Session Report Request (Usage Report carriers),Intra-message duplicate Usage Report,PFCP Session (Modification Response|Deletion Response|Report Request)\.Usage Report\.,164,PFCP Session Modification Response.Usage Report.URR ID.urrId | PFCP Session Modification Response.Usage Report.UR-SEQN.urSeqn | PFCP Session Modification Response.Usage Report.Usage Report Trigger.PERIO | PFCP Session Modification Response.Usage Report.Usage Report Trigger.VOLTH | PFCP Session Modification Response.Usage Report.Usage Report Trigger.TIMTH | PFCP Session Modification Response.Usage Report.Usage Report Trigger.QUHTI | PFCP Session Modification Response.Usage Report.Usage Report Trigger.START | PFCP Session Modification Response.Usage Report.Usage Report Trigger.STOPT,FIELD_AND_RELATION,T3-R05,V-UPF,Uniq,DIRECT,P0,EXISTING_POC_REGRESSION,E2E,"3GPP TS 29.244 V17.10.0 §§7.5.5.2, 7.5.7.2, 7.5.8.3, 8.2",raw PFCP bytes and decoded tree; V-SMF handler branch; per-session/URR accepted state before/after; outgoing CCR/Nchf request; OCS/CHF record; baseline/attack PCAP/logs,W4_TWO_ACCOUNTING_BOUNDARIES
T3-A09,T3,PFCP Session Modification Response / Session Deletion Response / Session Report Request (Usage Report carriers),Near-duplicate report with same URR/UR-SEQN,PFCP Session (Modification Response|Deletion Response|Report Request)\.Usage Report\.(URR ID|UR-SEQN|Usage Report Trigger|Volume Measurement|Start Time|End Time),114,PFCP Session Modification Response.Usage Report.URR ID.urrId | PFCP Session Modification Response.Usage Report.UR-SEQN.urSeqn | PFCP Session Modification Response.Usage Report.Usage Report Trigger.PERIO | PFCP Session Modification Response.Usage Report.Usage Report Trigger.VOLTH | PFCP Session Modification Response.Usage Report.Usage Report Trigger.TIMTH | PFCP Session Modification Response.Usage Report.Usage Report Trigger.QUHTI | PFCP Session Modification Response.Usage Report.Usage Report Trigger.START | PFCP Session Modification Response.Usage Report.Usage Report Trigger.STOPT,FIELD_AND_RELATION,T3-R05 | T3-R20,V-UPF,"Sem,Uniq,Acc",STRUCTURAL,P1,INVENTORY_REQUIRED,STD,"3GPP TS 29.244 V17.10.0 §§7.5.5.2, 7.5.7.2, 7.5.8.3, 8.2",raw PFCP bytes and decoded tree; V-SMF handler branch; per-session/URR accepted state before/after; outgoing CCR/Nchf request; OCS/CHF record; baseline/attack PCAP/logs,W5_TWO_SUBSCRIBERS
T3-A10,T3,PFCP Session Modification Response / Session Deletion Response / Session Report Request (Usage Report carriers),Additional-usage-report count manipulation,PFCP Session (Modification Response|Deletion Response|Report Request)\.Additional Usage Reports Information\.(AURI|numberOfAdditionalUsageReports)$,6,PFCP Session Modification Response.Additional Usage Reports Information.AURI | PFCP Session Modification Response.Additional Usage Reports Information.numberOfAdditionalUsageReports | PFCP Session Deletion Response.Additional Usage Reports Information.AURI | PFCP Session Deletion Response.Additional Usage Reports Information.numberOfAdditionalUsageReports | PFCP Session Report Request.Additional Usage Reports Information.AURI | PFCP Session Report Request.Additional Usage Reports Information.numberOfAdditionalUsageReports,FIELD_AND_RELATION,T3-R06,V-UPF,"Comp,Uniq,Sem",DIRECT,P1,INVENTORY_REQUIRED,STD,"3GPP TS 29.244 V17.10.0 §§7.5.5.2, 7.5.7.2, 7.5.8.3, 8.2",raw PFCP bytes and decoded tree; V-SMF handler branch; per-session/URR accepted state before/after; outgoing CCR/Nchf request; OCS/CHF record; baseline/attack PCAP/logs,W7_TIME_BOUNDARY
T3-A11,T3,PFCP Session Modification Response / Session Deletion Response / Session Report Request (Usage Report carriers),"AURI follow-on omission, duplication, or replay",PFCP Session (Modification Response|Deletion Response|Report Request)\.Additional Usage Reports Information\.AURI$,3,PFCP Session Modification Response.Additional Usage Reports Information.AURI | PFCP Session Deletion Response.Additional Usage Reports Information.AURI | PFCP Session Report Request.Additional Usage Reports Information.AURI,FIELD_AND_RELATION,T3-R06,V-UPF,"Comp,Uniq,Fresh",DIRECT,P1,INVENTORY_REQUIRED,STD,"3GPP TS 29.244 V17.10.0 §§7.5.5.2, 7.5.7.2, 7.5.8.3, 8.2",raw PFCP bytes and decoded tree; V-SMF handler branch; per-session/URR accepted state before/after; outgoing CCR/Nchf request; OCS/CHF record; baseline/attack PCAP/logs,W4_TWO_ACCOUNTING_BOUNDARIES
T3-A12,T3,PFCP Session Modification Response / Session Deletion Response / Session Report Request (Usage Report carriers),Invalid-URR report suppression,PFCP Session (Modification Response|Deletion Response|Report Request)\.Usage Report\.URR ID\.urrId$,3,PFCP Session Modification Response.Usage Report.URR ID.urrId | PFCP Session Deletion Response.Usage Report.URR ID.urrId | PFCP Session Report Request.Usage Report.URR ID.urrId,FIELD_AND_RELATION,T3-R07,V-UPF,"Ctx,Comp",DIRECT,P0,EXISTING_POC_REGRESSION,E2E,"3GPP TS 29.244 V17.10.0 §§7.5.5.2, 7.5.7.2, 7.5.8.3, 8.2",raw PFCP bytes and decoded tree; V-SMF handler branch; per-session/URR accepted state before/after; outgoing CCR/Nchf request; OCS/CHF record; baseline/attack PCAP/logs,W3_ASYMMETRIC_UL_DL
T3-A13,T3,PFCP Session Modification Response / Session Deletion Response / Session Report Request (Usage Report carriers),Usage misattribution to another active URR,PFCP Session (Modification Response|Deletion Response|Report Request)\.Usage Report\.URR ID\.urrId$,3,PFCP Session Modification Response.Usage Report.URR ID.urrId | PFCP Session Deletion Response.Usage Report.URR ID.urrId | PFCP Session Report Request.Usage Report.URR ID.urrId,FIELD_AND_RELATION,T3-R07,V-UPF,"Ctx,Attr,Deriv",DIRECT,P1,INVENTORY_REQUIRED,STD,"3GPP TS 29.244 V17.10.0 §§7.5.5.2, 7.5.7.2, 7.5.8.3, 8.2",raw PFCP bytes and decoded tree; V-SMF handler branch; per-session/URR accepted state before/after; outgoing CCR/Nchf request; OCS/CHF record; baseline/attack PCAP/logs,W5_TWO_SUBSCRIBERS
T3-A14,T3,PFCP Session Modification Response / Session Deletion Response / Session Report Request (Usage Report carriers),Stale usage mixed after URR-ID reuse,PFCP Session (Modification Response|Deletion Response|Report Request)\.Usage Report\.URR ID\.urrId$,3,PFCP Session Modification Response.Usage Report.URR ID.urrId | PFCP Session Deletion Response.Usage Report.URR ID.urrId | PFCP Session Report Request.Usage Report.URR ID.urrId,FIELD_AND_RELATION,T3-R07 | T3-R08,V-UPF,"Fresh,Ctx,Uniq",DIRECT,P1,INVENTORY_REQUIRED,STD,"3GPP TS 29.244 V17.10.0 §§7.5.5.2, 7.5.7.2, 7.5.8.3, 8.2",raw PFCP bytes and decoded tree; V-SMF handler branch; per-session/URR accepted state before/after; outgoing CCR/Nchf request; OCS/CHF record; baseline/attack PCAP/logs,W4_TWO_ACCOUNTING_BOUNDARIES
T3-A15,T3,PFCP Session Modification Response / Session Deletion Response / Session Report Request (Usage Report carriers),"UR-SEQN rollback, jump, or wrap manipulation",PFCP Session (Modification Response|Deletion Response|Report Request)\.Usage Report\.UR-SEQN\.urSeqn$,3,PFCP Session Modification Response.Usage Report.UR-SEQN.urSeqn | PFCP Session Deletion Response.Usage Report.UR-SEQN.urSeqn | PFCP Session Report Request.Usage Report.UR-SEQN.urSeqn,FIELD_AND_RELATION,T3-R08,V-UPF,"Fresh,Uniq,Comp",DIRECT,P1,INVENTORY_REQUIRED,STD,"3GPP TS 29.244 V17.10.0 §§7.5.5.2, 7.5.7.2, 7.5.8.3, 8.2",raw PFCP bytes and decoded tree; V-SMF handler branch; per-session/URR accepted state before/after; outgoing CCR/Nchf request; OCS/CHF record; baseline/attack PCAP/logs,W4_TWO_ACCOUNTING_BOUNDARIES
T3-A16,T3,PFCP Session Modification Response / Session Deletion Response / Session Report Request (Usage Report carriers),Query-URR-reference replay or swap,PFCP Session (Modification Response|Deletion Response|Report Request)\.Usage Report\.Query URR Reference\.queryUrrReference$,2,PFCP Session Modification Response.Usage Report.Query URR Reference.queryUrrReference | PFCP Session Report Request.Usage Report.Query URR Reference.queryUrrReference,FIELD_AND_RELATION,T3-R09,V-UPF,"Fresh,Ctx,Uniq",DIRECT,P1,INVENTORY_REQUIRED,STD,"3GPP TS 29.244 V17.10.0 §§7.5.5.2, 7.5.7.2, 7.5.8.3, 8.2",raw PFCP bytes and decoded tree; V-SMF handler branch; per-session/URR accepted state before/after; outgoing CCR/Nchf request; OCS/CHF record; baseline/attack PCAP/logs,W4_TWO_ACCOUNTING_BOUNDARIES
T3-A17,T3,PFCP Session Modification Response / Session Deletion Response / Session Report Request (Usage Report carriers),Consistent UL/DL/total volume inflation,PFCP Session (Modification Response|Deletion Response|Report Request)\.Usage Report\.Volume Measurement\.(totalVolume|uplinkVolume|downlinkVolume)$,9,PFCP Session Modification Response.Usage Report.Volume Measurement.totalVolume | PFCP Session Modification Response.Usage Report.Volume Measurement.uplinkVolume | PFCP Session Modification Response.Usage Report.Volume Measurement.downlinkVolume | PFCP Session Deletion Response.Usage Report.Volume Measurement.totalVolume | PFCP Session Deletion Response.Usage Report.Volume Measurement.uplinkVolume | PFCP Session Deletion Response.Usage Report.Volume Measurement.downlinkVolume | PFCP Session Report Request.Usage Report.Volume Measurement.totalVolume | PFCP Session Report Request.Usage Report.Volume Measurement.uplinkVolume,FIELD_AND_RELATION,T3-R11,V-UPF,Acc,DIRECT,P0,EXISTING_POC_REGRESSION,E2E,"3GPP TS 29.244 V17.10.0 §§7.5.5.2, 7.5.7.2, 7.5.8.3, 8.2",raw PFCP bytes and decoded tree; V-SMF handler branch; per-session/URR accepted state before/after; outgoing CCR/Nchf request; OCS/CHF record; baseline/attack PCAP/logs,W3_ASYMMETRIC_UL_DL
T3-A18,T3,PFCP Session Modification Response / Session Deletion Response / Session Report Request (Usage Report carriers),Total-only volume inflation,PFCP Session (Modification Response|Deletion Response|Report Request)\.Usage Report\.Volume Measurement\.(TOVOL|ULVOL|DLVOL|totalVolume)$,12,PFCP Session Modification Response.Usage Report.Volume Measurement.TOVOL | PFCP Session Modification Response.Usage Report.Volume Measurement.ULVOL | PFCP Session Modification Response.Usage Report.Volume Measurement.DLVOL | PFCP Session Modification Response.Usage Report.Volume Measurement.totalVolume | PFCP Session Deletion Response.Usage Report.Volume Measurement.TOVOL | PFCP Session Deletion Response.Usage Report.Volume Measurement.ULVOL | PFCP Session Deletion Response.Usage Report.Volume Measurement.DLVOL | PFCP Session Deletion Response.Usage Report.Volume Measurement.totalVolume,FIELD_AND_RELATION,T3-R10 | T3-R11,V-UPF,"Acc,Sem",DIRECT,P1,INVENTORY_REQUIRED,STD,"3GPP TS 29.244 V17.10.0 §§7.5.5.2, 7.5.7.2, 7.5.8.3, 8.2",raw PFCP bytes and decoded tree; V-SMF handler branch; per-session/URR accepted state before/after; outgoing CCR/Nchf request; OCS/CHF record; baseline/attack PCAP/logs,W3_ASYMMETRIC_UL_DL
T3-A19,T3,PFCP Session Modification Response / Session Deletion Response / Session Report Request (Usage Report carriers),Single-direction volume inflation,PFCP Session (Modification Response|Deletion Response|Report Request)\.Usage Report\.Volume Measurement\.(uplinkVolume|downlinkVolume|ULVOL|DLVOL)$,12,PFCP Session Modification Response.Usage Report.Volume Measurement.ULVOL | PFCP Session Modification Response.Usage Report.Volume Measurement.DLVOL | PFCP Session Modification Response.Usage Report.Volume Measurement.uplinkVolume | PFCP Session Modification Response.Usage Report.Volume Measurement.downlinkVolume | PFCP Session Deletion Response.Usage Report.Volume Measurement.ULVOL | PFCP Session Deletion Response.Usage Report.Volume Measurement.DLVOL | PFCP Session Deletion Response.Usage Report.Volume Measurement.uplinkVolume | PFCP Session Deletion Response.Usage Report.Volume Measurement.downlinkVolume,FIELD_AND_RELATION,T3-R10 | T3-R11,V-UPF,Acc,DIRECT,P1,INVENTORY_REQUIRED,STD,"3GPP TS 29.244 V17.10.0 §§7.5.5.2, 7.5.7.2, 7.5.8.3, 8.2",raw PFCP bytes and decoded tree; V-SMF handler branch; per-session/URR accepted state before/after; outgoing CCR/Nchf request; OCS/CHF record; baseline/attack PCAP/logs,W6_DIFFERENTIATED_CONTEXT
T3-A20,T3,PFCP Session Modification Response / Session Deletion Response / Session Report Request (Usage Report carriers),Directional volume suppression,PFCP Session (Modification Response|Deletion Response|Report Request)\.Usage Report\.Volume Measurement\.(ULVOL|DLVOL|uplinkVolume|downlinkVolume)$,12,PFCP Session Modification Response.Usage Report.Volume Measurement.ULVOL | PFCP Session Modification Response.Usage Report.Volume Measurement.DLVOL | PFCP Session Modification Response.Usage Report.Volume Measurement.uplinkVolume | PFCP Session Modification Response.Usage Report.Volume Measurement.downlinkVolume | PFCP Session Deletion Response.Usage Report.Volume Measurement.ULVOL | PFCP Session Deletion Response.Usage Report.Volume Measurement.DLVOL | PFCP Session Deletion Response.Usage Report.Volume Measurement.uplinkVolume | PFCP Session Deletion Response.Usage Report.Volume Measurement.downlinkVolume,FIELD_AND_RELATION,T3-R10,V-UPF,Comp,DIRECT,P0,EXISTING_POC_REGRESSION,E2E,"3GPP TS 29.244 V17.10.0 §§7.5.5.2, 7.5.7.2, 7.5.8.3, 8.2",raw PFCP bytes and decoded tree; V-SMF handler branch; per-session/URR accepted state before/after; outgoing CCR/Nchf request; OCS/CHF record; baseline/attack PCAP/logs,W3_ASYMMETRIC_UL_DL
T3-A21,T3,PFCP Session Modification Response / Session Deletion Response / Session Report Request (Usage Report carriers),UL/DL volume direction swap,PFCP Session (Modification Response|Deletion Response|Report Request)\.Usage Report\.Volume Measurement\.(uplinkVolume|downlinkVolume)$,6,PFCP Session Modification Response.Usage Report.Volume Measurement.uplinkVolume | PFCP Session Modification Response.Usage Report.Volume Measurement.downlinkVolume | PFCP Session Deletion Response.Usage Report.Volume Measurement.uplinkVolume | PFCP Session Deletion Response.Usage Report.Volume Measurement.downlinkVolume | PFCP Session Report Request.Usage Report.Volume Measurement.uplinkVolume | PFCP Session Report Request.Usage Report.Volume Measurement.downlinkVolume,FIELD_AND_RELATION,T3-R11,V-UPF,"Ctx,Acc",CONDITIONAL,P1,INVENTORY_REQUIRED,STD,"3GPP TS 29.244 V17.10.0 §§7.5.5.2, 7.5.7.2, 7.5.8.3, 8.2",raw PFCP bytes and decoded tree; V-SMF handler branch; per-session/URR accepted state before/after; outgoing CCR/Nchf request; OCS/CHF record; baseline/attack PCAP/logs,W6_DIFFERENTIATED_CONTEXT
T3-A22,T3,PFCP Session Modification Response / Session Deletion Response / Session Report Request (Usage Report carriers),Packet-count inflation or suppression,PFCP Session (Modification Response|Deletion Response|Report Request)\.Usage Report\.Volume Measurement\.(TONOP|ULNOP|DLNOP|totalNumberOfPackets|uplinkNumberOfPackets|downlinkNumberOfPackets)$,18,PFCP Session Modification Response.Usage Report.Volume Measurement.TONOP | PFCP Session Modification Response.Usage Report.Volume Measurement.ULNOP | PFCP Session Modification Response.Usage Report.Volume Measurement.DLNOP | PFCP Session Modification Response.Usage Report.Volume Measurement.totalNumberOfPackets | PFCP Session Modification Response.Usage Report.Volume Measurement.uplinkNumberOfPackets | PFCP Session Modification Response.Usage Report.Volume Measurement.downlinkNumberOfPackets | PFCP Session Deletion Response.Usage Report.Volume Measurement.TONOP | PFCP Session Deletion Response.Usage Report.Volume Measurement.ULNOP,FIELD_AND_RELATION,T3-R10 | T3-R11,V-UPF,"Acc,Comp,Sem",CONDITIONAL,P2,INVENTORY_REQUIRED,STD,"3GPP TS 29.244 V17.10.0 §§7.5.5.2, 7.5.7.2, 7.5.8.3, 8.2",raw PFCP bytes and decoded tree; V-SMF handler branch; per-session/URR accepted state before/after; outgoing CCR/Nchf request; OCS/CHF record; baseline/attack PCAP/logs,W6_DIFFERENTIATED_CONTEXT
T3-A23,T3,PFCP Session Modification Response / Session Deletion Response / Session Report Request (Usage Report carriers),Volume arithmetic inconsistency,PFCP Session (Modification Response|Deletion Response|Report Request)\.Usage Report\.Volume Measurement\.(totalVolume|uplinkVolume|downlinkVolume)$,9,PFCP Session Modification Response.Usage Report.Volume Measurement.totalVolume | PFCP Session Modification Response.Usage Report.Volume Measurement.uplinkVolume | PFCP Session Modification Response.Usage Report.Volume Measurement.downlinkVolume | PFCP Session Deletion Response.Usage Report.Volume Measurement.totalVolume | PFCP Session Deletion Response.Usage Report.Volume Measurement.uplinkVolume | PFCP Session Deletion Response.Usage Report.Volume Measurement.downlinkVolume | PFCP Session Report Request.Usage Report.Volume Measurement.totalVolume | PFCP Session Report Request.Usage Report.Volume Measurement.uplinkVolume,FIELD_AND_RELATION,T3-R11,V-UPF,"Sem,Acc",STRUCTURAL,P1,INVENTORY_REQUIRED,STD,"3GPP TS 29.244 V17.10.0 §§7.5.5.2, 7.5.7.2, 7.5.8.3, 8.2",raw PFCP bytes and decoded tree; V-SMF handler branch; per-session/URR accepted state before/after; outgoing CCR/Nchf request; OCS/CHF record; baseline/attack PCAP/logs,W3_ASYMMETRIC_UL_DL
T3-A24,T3,PFCP Session Modification Response / Session Deletion Response / Session Report Request (Usage Report carriers),Packet-count arithmetic inconsistency,PFCP Session (Modification Response|Deletion Response|Report Request)\.Usage Report\.Volume Measurement\.(totalNumberOfPackets|uplinkNumberOfPackets|downlinkNumberOfPackets)$,9,PFCP Session Modification Response.Usage Report.Volume Measurement.totalNumberOfPackets | PFCP Session Modification Response.Usage Report.Volume Measurement.uplinkNumberOfPackets | PFCP Session Modification Response.Usage Report.Volume Measurement.downlinkNumberOfPackets | PFCP Session Deletion Response.Usage Report.Volume Measurement.totalNumberOfPackets | PFCP Session Deletion Response.Usage Report.Volume Measurement.uplinkNumberOfPackets | PFCP Session Deletion Response.Usage Report.Volume Measurement.downlinkNumberOfPackets | PFCP Session Report Request.Usage Report.Volume Measurement.totalNumberOfPackets | PFCP Session Report Request.Usage Report.Volume Measurement.uplinkNumberOfPackets,FIELD_AND_RELATION,T3-R11,V-UPF,"Sem,Acc,Comp",STRUCTURAL,P2,INVENTORY_REQUIRED,STD,"3GPP TS 29.244 V17.10.0 §§7.5.5.2, 7.5.7.2, 7.5.8.3, 8.2",raw PFCP bytes and decoded tree; V-SMF handler branch; per-session/URR accepted state before/after; outgoing CCR/Nchf request; OCS/CHF record; baseline/attack PCAP/logs,W3_ASYMMETRIC_UL_DL
T3-A25,T3,PFCP Session Modification Response / Session Deletion Response / Session Report Request (Usage Report carriers),"Unsigned counter boundary, overflow, or wrap",PFCP Session (Modification Response|Deletion Response|Report Request)\.Usage Report\.(Volume Measurement\.(totalVolume|uplinkVolume|downlinkVolume|totalNumberOfPackets|uplinkNumberOfPackets|downlinkNumberOfPackets)|Duration Measurement\.durationValue)$,21,PFCP Session Modification Response.Usage Report.Volume Measurement.totalVolume | PFCP Session Modification Response.Usage Report.Volume Measurement.uplinkVolume | PFCP Session Modification Response.Usage Report.Volume Measurement.downlinkVolume | PFCP Session Modification Response.Usage Report.Volume Measurement.totalNumberOfPackets | PFCP Session Modification Response.Usage Report.Volume Measurement.uplinkNumberOfPackets | PFCP Session Modification Response.Usage Report.Volume Measurement.downlinkNumberOfPackets | PFCP Session Modification Response.Usage Report.Duration Measurement.durationValue | PFCP Session Deletion Response.Usage Report.Volume Measurement.totalVolume,FIELD_AND_RELATION,T3-R11 | T3-R12 | T3-R20,V-UPF,"Acc,Sem,Fresh",STRUCTURAL,P1,INVENTORY_REQUIRED,STD,"3GPP TS 29.244 V17.10.0 §§7.5.5.2, 7.5.7.2, 7.5.8.3, 8.2",raw PFCP bytes and decoded tree; V-SMF handler branch; per-session/URR accepted state before/after; outgoing CCR/Nchf request; OCS/CHF record; baseline/attack PCAP/logs,W3_ASYMMETRIC_UL_DL
T3-A26,T3,PFCP Session Modification Response / Session Deletion Response / Session Report Request (Usage Report carriers),Volume flag/length/payload mismatch,PFCP Session (Modification Response|Deletion Response|Report Request)\.Usage Report\.Volume Measurement\.(TOVOL|ULVOL|DLVOL|TONOP|ULNOP|DLNOP|totalVolume|uplinkVolume|downlinkVolume|totalNumberOfPackets|uplinkNumberOfPackets|downlinkNumberOfPackets)$ | PFCP Session (Modification Response|Deletion Response|Report Request)\.PFCP Header\.messageLength$,39,PFCP Session Modification Response.PFCP Header.messageLength | PFCP Session Modification Response.Usage Report.Volume Measurement.TOVOL | PFCP Session Modification Response.Usage Report.Volume Measurement.ULVOL | PFCP Session Modification Response.Usage Report.Volume Measurement.DLVOL | PFCP Session Modification Response.Usage Report.Volume Measurement.TONOP | PFCP Session Modification Response.Usage Report.Volume Measurement.ULNOP | PFCP Session Modification Response.Usage Report.Volume Measurement.DLNOP | PFCP Session Modification Response.Usage Report.Volume Measurement.totalVolume,FIELD_AND_RELATION,T3-R10 | T3-R20,V-UPF,"Sem,Comp",DIRECT,P0,EXISTING_POC_REGRESSION,E2E,"3GPP TS 29.244 V17.10.0 §§7.5.5.2, 7.5.7.2, 7.5.8.3, 8.2",raw PFCP bytes and decoded tree; V-SMF handler branch; per-session/URR accepted state before/after; outgoing CCR/Nchf request; OCS/CHF record; baseline/attack PCAP/logs,W3_ASYMMETRIC_UL_DL
T3-A27,T3,PFCP Session Modification Response / Session Deletion Response / Session Report Request (Usage Report carriers),Hidden extra volume payload with presence flag clear,PFCP Session (Modification Response|Deletion Response|Report Request)\.Usage Report\.Volume Measurement\.(TOVOL|ULVOL|DLVOL|TONOP|ULNOP|DLNOP)$,18,PFCP Session Modification Response.Usage Report.Volume Measurement.TOVOL | PFCP Session Modification Response.Usage Report.Volume Measurement.ULVOL | PFCP Session Modification Response.Usage Report.Volume Measurement.DLVOL | PFCP Session Modification Response.Usage Report.Volume Measurement.TONOP | PFCP Session Modification Response.Usage Report.Volume Measurement.ULNOP | PFCP Session Modification Response.Usage Report.Volume Measurement.DLNOP | PFCP Session Deletion Response.Usage Report.Volume Measurement.TOVOL | PFCP Session Deletion Response.Usage Report.Volume Measurement.ULVOL,FIELD_AND_RELATION,T3-R10 | T3-R20,V-UPF,"Sem,Deriv",STRUCTURAL,P1,INVENTORY_REQUIRED,STD,"3GPP TS 29.244 V17.10.0 §§7.5.5.2, 7.5.7.2, 7.5.8.3, 8.2",raw PFCP bytes and decoded tree; V-SMF handler branch; per-session/URR accepted state before/after; outgoing CCR/Nchf request; OCS/CHF record; baseline/attack PCAP/logs,W3_ASYMMETRIC_UL_DL
T3-A28,T3,PFCP Session Modification Response / Session Deletion Response / Session Report Request (Usage Report carriers),Volume value ordering shift,PFCP Session (Modification Response|Deletion Response|Report Request)\.Usage Report\.Volume Measurement\.,36,PFCP Session Modification Response.Usage Report.Volume Measurement.TOVOL | PFCP Session Modification Response.Usage Report.Volume Measurement.ULVOL | PFCP Session Modification Response.Usage Report.Volume Measurement.DLVOL | PFCP Session Modification Response.Usage Report.Volume Measurement.TONOP | PFCP Session Modification Response.Usage Report.Volume Measurement.ULNOP | PFCP Session Modification Response.Usage Report.Volume Measurement.DLNOP | PFCP Session Modification Response.Usage Report.Volume Measurement.totalVolume | PFCP Session Modification Response.Usage Report.Volume Measurement.uplinkVolume,FIELD_AND_RELATION,T3-R10 | T3-R20,V-UPF,"Sem,Acc",STRUCTURAL,P1,INVENTORY_REQUIRED,STD,"3GPP TS 29.244 V17.10.0 §§7.5.5.2, 7.5.7.2, 7.5.8.3, 8.2",raw PFCP bytes and decoded tree; V-SMF handler branch; per-session/URR accepted state before/after; outgoing CCR/Nchf request; OCS/CHF record; baseline/attack PCAP/logs,W3_ASYMMETRIC_UL_DL
T3-A29,T3,PFCP Session Modification Response / Session Deletion Response / Session Report Request (Usage Report carriers),Duration-measurement inflation,PFCP Session (Modification Response|Deletion Response|Report Request)\.Usage Report\.Duration Measurement\.durationValue$,3,PFCP Session Modification Response.Usage Report.Duration Measurement.durationValue | PFCP Session Deletion Response.Usage Report.Duration Measurement.durationValue | PFCP Session Report Request.Usage Report.Duration Measurement.durationValue,FIELD_AND_RELATION,T3-R12,V-UPF,Acc,CONDITIONAL,P1,INVENTORY_REQUIRED,STD,"3GPP TS 29.244 V17.10.0 §§7.5.5.2, 7.5.7.2, 7.5.8.3, 8.2",raw PFCP bytes and decoded tree; V-SMF handler branch; per-session/URR accepted state before/after; outgoing CCR/Nchf request; OCS/CHF record; baseline/attack PCAP/logs,W6_DIFFERENTIATED_CONTEXT
T3-A30,T3,PFCP Session Modification Response / Session Deletion Response / Session Report Request (Usage Report carriers),Duration-measurement suppression,PFCP Session (Modification Response|Deletion Response|Report Request)\.Usage Report\.Duration Measurement\.durationValue$,3,PFCP Session Modification Response.Usage Report.Duration Measurement.durationValue | PFCP Session Deletion Response.Usage Report.Duration Measurement.durationValue | PFCP Session Report Request.Usage Report.Duration Measurement.durationValue,FIELD_AND_RELATION,T3-R12,V-UPF,"Acc,Comp",CONDITIONAL,P1,INVENTORY_REQUIRED,STD,"3GPP TS 29.244 V17.10.0 §§7.5.5.2, 7.5.7.2, 7.5.8.3, 8.2",raw PFCP bytes and decoded tree; V-SMF handler branch; per-session/URR accepted state before/after; outgoing CCR/Nchf request; OCS/CHF record; baseline/attack PCAP/logs,W7_TIME_BOUNDARY
T3-A31,T3,PFCP Session Modification Response / Session Deletion Response / Session Report Request (Usage Report carriers),Start/end timestamp tariff-window substitution,PFCP Session (Modification Response|Deletion Response|Report Request)\.Usage Report\.(Start Time|End Time)\.ntpSeconds$,6,PFCP Session Modification Response.Usage Report.Start Time.ntpSeconds | PFCP Session Modification Response.Usage Report.End Time.ntpSeconds | PFCP Session Deletion Response.Usage Report.Start Time.ntpSeconds | PFCP Session Deletion Response.Usage Report.End Time.ntpSeconds | PFCP Session Report Request.Usage Report.Start Time.ntpSeconds | PFCP Session Report Request.Usage Report.End Time.ntpSeconds,FIELD_AND_RELATION,T3-R12 | T3-R17,V-UPF,"Ctx,Acc",CONDITIONAL,P1,INVENTORY_REQUIRED,STD,"3GPP TS 29.244 V17.10.0 §§7.5.5.2, 7.5.7.2, 7.5.8.3, 8.2",raw PFCP bytes and decoded tree; V-SMF handler branch; per-session/URR accepted state before/after; outgoing CCR/Nchf request; OCS/CHF record; baseline/attack PCAP/logs,W6_DIFFERENTIATED_CONTEXT
T3-A32,T3,PFCP Session Modification Response / Session Deletion Response / Session Report Request (Usage Report carriers),Overlapping accounting intervals,PFCP Session (Modification Response|Deletion Response|Report Request)\.Usage Report\.(Start Time|End Time|Time of First Packet|Time of Last Packet)\.ntpSeconds$,12,PFCP Session Modification Response.Usage Report.Start Time.ntpSeconds | PFCP Session Modification Response.Usage Report.End Time.ntpSeconds | PFCP Session Modification Response.Usage Report.Time of First Packet.ntpSeconds | PFCP Session Modification Response.Usage Report.Time of Last Packet.ntpSeconds | PFCP Session Deletion Response.Usage Report.Start Time.ntpSeconds | PFCP Session Deletion Response.Usage Report.End Time.ntpSeconds | PFCP Session Deletion Response.Usage Report.Time of First Packet.ntpSeconds | PFCP Session Deletion Response.Usage Report.Time of Last Packet.ntpSeconds,FIELD_AND_RELATION,T3-R12,V-UPF,"Uniq,Fresh,Acc",CONDITIONAL,P1,INVENTORY_REQUIRED,STD,"3GPP TS 29.244 V17.10.0 §§7.5.5.2, 7.5.7.2, 7.5.8.3, 8.2",raw PFCP bytes and decoded tree; V-SMF handler branch; per-session/URR accepted state before/after; outgoing CCR/Nchf request; OCS/CHF record; baseline/attack PCAP/logs,W7_TIME_BOUNDARY
T3-A33,T3,PFCP Session Modification Response / Session Deletion Response / Session Report Request (Usage Report carriers),Gapped or reversed accounting interval,PFCP Session (Modification Response|Deletion Response|Report Request)\.Usage Report\.(Start Time|End Time|Time of First Packet|Time of Last Packet)\.ntpSeconds$,12,PFCP Session Modification Response.Usage Report.Start Time.ntpSeconds | PFCP Session Modification Response.Usage Report.End Time.ntpSeconds | PFCP Session Modification Response.Usage Report.Time of First Packet.ntpSeconds | PFCP Session Modification Response.Usage Report.Time of Last Packet.ntpSeconds | PFCP Session Deletion Response.Usage Report.Start Time.ntpSeconds | PFCP Session Deletion Response.Usage Report.End Time.ntpSeconds | PFCP Session Deletion Response.Usage Report.Time of First Packet.ntpSeconds | PFCP Session Deletion Response.Usage Report.Time of Last Packet.ntpSeconds,FIELD_AND_RELATION,T3-R12,V-UPF,"Sem,Comp,Acc",STRUCTURAL,P1,INVENTORY_REQUIRED,STD,"3GPP TS 29.244 V17.10.0 §§7.5.5.2, 7.5.7.2, 7.5.8.3, 8.2",raw PFCP bytes and decoded tree; V-SMF handler branch; per-session/URR accepted state before/after; outgoing CCR/Nchf request; OCS/CHF record; baseline/attack PCAP/logs,W3_ASYMMETRIC_UL_DL
T3-A34,T3,PFCP Session Modification Response / Session Deletion Response / Session Report Request (Usage Report carriers),First/last-packet time substitution,PFCP Session (Modification Response|Deletion Response|Report Request)\.Usage Report\.(Time of First Packet|Time of Last Packet)\.ntpSeconds$,6,PFCP Session Modification Response.Usage Report.Time of First Packet.ntpSeconds | PFCP Session Modification Response.Usage Report.Time of Last Packet.ntpSeconds | PFCP Session Deletion Response.Usage Report.Time of First Packet.ntpSeconds | PFCP Session Deletion Response.Usage Report.Time of Last Packet.ntpSeconds | PFCP Session Report Request.Usage Report.Time of First Packet.ntpSeconds | PFCP Session Report Request.Usage Report.Time of Last Packet.ntpSeconds,FIELD_AND_RELATION,T3-R12,V-UPF,"Ctx,Acc,Sem",CONDITIONAL,P2,INVENTORY_REQUIRED,STD,"3GPP TS 29.244 V17.10.0 §§7.5.5.2, 7.5.7.2, 7.5.8.3, 8.2",raw PFCP bytes and decoded tree; V-SMF handler branch; per-session/URR accepted state before/after; outgoing CCR/Nchf request; OCS/CHF record; baseline/attack PCAP/logs,W6_DIFFERENTIATED_CONTEXT
T3-A35,T3,PFCP Session Modification Response / Session Deletion Response / Session Report Request (Usage Report carriers),Usage-report-trigger reason substitution,PFCP Session (Modification Response|Deletion Response|Report Request)\.Usage Report\.Usage Report Trigger\.,66,PFCP Session Modification Response.Usage Report.Usage Report Trigger.PERIO | PFCP Session Modification Response.Usage Report.Usage Report Trigger.VOLTH | PFCP Session Modification Response.Usage Report.Usage Report Trigger.TIMTH | PFCP Session Modification Response.Usage Report.Usage Report Trigger.QUHTI | PFCP Session Modification Response.Usage Report.Usage Report Trigger.START | PFCP Session Modification Response.Usage Report.Usage Report Trigger.STOPT | PFCP Session Modification Response.Usage Report.Usage Report Trigger.DROTH | PFCP Session Modification Response.Usage Report.Usage Report Trigger.IMMER,FIELD_AND_RELATION,T3-R13,V-UPF,"Sem,Ctx,Comp,Uniq",DIRECT,P1,INVENTORY_REQUIRED,STD,"3GPP TS 29.244 V17.10.0 §§7.5.5.2, 7.5.7.2, 7.5.8.3, 8.2",raw PFCP bytes and decoded tree; V-SMF handler branch; per-session/URR accepted state before/after; outgoing CCR/Nchf request; OCS/CHF record; baseline/attack PCAP/logs,W6_DIFFERENTIATED_CONTEXT
T3-A36,T3,PFCP Session Modification Response / Session Deletion Response / Session Report Request (Usage Report carriers),Termination-trigger suppression,PFCP Session (Modification Response|Deletion Response|Report Request)\.Usage Report\.Usage Report Trigger\.(TERMR|TEBUR)$,6,PFCP Session Modification Response.Usage Report.Usage Report Trigger.TERMR | PFCP Session Modification Response.Usage Report.Usage Report Trigger.TEBUR | PFCP Session Deletion Response.Usage Report.Usage Report Trigger.TERMR | PFCP Session Deletion Response.Usage Report.Usage Report Trigger.TEBUR | PFCP Session Report Request.Usage Report.Usage Report Trigger.TERMR | PFCP Session Report Request.Usage Report.Usage Report Trigger.TEBUR,FIELD_AND_RELATION,T3-R13 | T3-R19,V-UPF,"Comp,Sem",DIRECT,P1,INVENTORY_REQUIRED,STD,"3GPP TS 29.244 V17.10.0 §§7.5.5.2, 7.5.7.2, 7.5.8.3, 8.2",raw PFCP bytes and decoded tree; V-SMF handler branch; per-session/URR accepted state before/after; outgoing CCR/Nchf request; OCS/CHF record; baseline/attack PCAP/logs,W3_ASYMMETRIC_UL_DL
T3-A37,T3,PFCP Session Modification Response / Session Deletion Response / Session Report Request (Usage Report carriers),Multiple trigger bits cause duplicate boundary handling,PFCP Session (Modification Response|Deletion Response|Report Request)\.Usage Report\.Usage Report Trigger\.,66,PFCP Session Modification Response.Usage Report.Usage Report Trigger.PERIO | PFCP Session Modification Response.Usage Report.Usage Report Trigger.VOLTH | PFCP Session Modification Response.Usage Report.Usage Report Trigger.TIMTH | PFCP Session Modification Response.Usage Report.Usage Report Trigger.QUHTI | PFCP Session Modification Response.Usage Report.Usage Report Trigger.START | PFCP Session Modification Response.Usage Report.Usage Report Trigger.STOPT | PFCP Session Modification Response.Usage Report.Usage Report Trigger.DROTH | PFCP Session Modification Response.Usage Report.Usage Report Trigger.IMMER,FIELD_AND_RELATION,T3-R13,V-UPF,"Uniq,Sem",STRUCTURAL,P1,INVENTORY_REQUIRED,STD,"3GPP TS 29.244 V17.10.0 §§7.5.5.2, 7.5.7.2, 7.5.8.3, 8.2",raw PFCP bytes and decoded tree; V-SMF handler branch; per-session/URR accepted state before/after; outgoing CCR/Nchf request; OCS/CHF record; baseline/attack PCAP/logs,W4_TWO_ACCOUNTING_BOUNDARIES
T3-A38,T3,PFCP Session Modification Response / Session Deletion Response / Session Report Request (Usage Report carriers),BEF/AFT dual attribution across monitoring time,PFCP Session (Modification Response|Deletion Response|Report Request)\.Usage Report\.Usage Information\.(BEF|AFT)$,6,PFCP Session Modification Response.Usage Report.Usage Information.BEF | PFCP Session Modification Response.Usage Report.Usage Information.AFT | PFCP Session Deletion Response.Usage Report.Usage Information.BEF | PFCP Session Deletion Response.Usage Report.Usage Information.AFT | PFCP Session Report Request.Usage Report.Usage Information.BEF | PFCP Session Report Request.Usage Report.Usage Information.AFT,FIELD_AND_RELATION,T3-R14 | T3-R17,V-UPF,"Uniq,Ctx,Sem",CONDITIONAL,P1,INVENTORY_REQUIRED,STD,"3GPP TS 29.244 V17.10.0 §§7.5.5.2, 7.5.7.2, 7.5.8.3, 8.2",raw PFCP bytes and decoded tree; V-SMF handler branch; per-session/URR accepted state before/after; outgoing CCR/Nchf request; OCS/CHF record; baseline/attack PCAP/logs,W6_DIFFERENTIATED_CONTEXT
T3-A39,T3,PFCP Session Modification Response / Session Deletion Response / Session Report Request (Usage Report carriers),UBE/UAE QoS-enforcement boundary substitution,PFCP Session (Modification Response|Deletion Response|Report Request)\.Usage Report\.Usage Information\.(UBE|UAE)$,6,PFCP Session Modification Response.Usage Report.Usage Information.UAE | PFCP Session Modification Response.Usage Report.Usage Information.UBE | PFCP Session Deletion Response.Usage Report.Usage Information.UAE | PFCP Session Deletion Response.Usage Report.Usage Information.UBE | PFCP Session Report Request.Usage Report.Usage Information.UAE | PFCP Session Report Request.Usage Report.Usage Information.UBE,FIELD_AND_RELATION,T3-R14,V-UPF,"Ctx,Sem,Uniq",CONDITIONAL,P2,INVENTORY_REQUIRED,STD,"3GPP TS 29.244 V17.10.0 §§7.5.5.2, 7.5.7.2, 7.5.8.3, 8.2",raw PFCP bytes and decoded tree; V-SMF handler branch; per-session/URR accepted state before/after; outgoing CCR/Nchf request; OCS/CHF record; baseline/attack PCAP/logs,W6_DIFFERENTIATED_CONTEXT
T3-A40,T3,PFCP Session Report Request,Application/PDR charging-context substitution,PFCP Session Report Request\.Usage Report\.Application Detection Information\.(Application ID|Application Instance ID|Flow Information|PDR ID),4,PFCP Session Report Request.Usage Report.Application Detection Information.Application ID | PFCP Session Report Request.Usage Report.Application Detection Information.Application Instance ID | PFCP Session Report Request.Usage Report.Application Detection Information.Flow Information | PFCP Session Report Request.Usage Report.Application Detection Information.PDR ID.pdrId,FIELD_AND_RELATION,T3-R15,V-UPF,"Ctx,Attr,Auth",CONDITIONAL,P2,INVENTORY_REQUIRED,STD,"3GPP TS 29.244 V17.10.0 §§7.5.5.2, 7.5.7.2, 7.5.8.3, 8.2",raw PFCP bytes and decoded tree; V-SMF handler branch; per-session/URR accepted state before/after; outgoing CCR/Nchf request; OCS/CHF record; baseline/attack PCAP/logs,W5_TWO_SUBSCRIBERS
T3-A41,T3,PFCP Session Report Request,UE-IP or Network-Instance substitution,PFCP Session Report Request\.Usage Report\.(UE IP address|Network Instance)\.,11,PFCP Session Report Request.Usage Report.UE IP address.CHV6 | PFCP Session Report Request.Usage Report.UE IP address.IPV6D | PFCP Session Report Request.Usage Report.UE IP address.SD | PFCP Session Report Request.Usage Report.UE IP address.V4 | PFCP Session Report Request.Usage Report.UE IP address.V6 | PFCP Session Report Request.Usage Report.UE IP address.ipv4Address | PFCP Session Report Request.Usage Report.UE IP address.ipv6Address | PFCP Session Report Request.Usage Report.UE IP address.ipv6PrefixDelegationBits,FIELD_AND_RELATION,T3-R16,V-UPF,"Attr,Ctx",DIRECT,P1,INVENTORY_REQUIRED,STD,"3GPP TS 29.244 V17.10.0 §§7.5.5.2, 7.5.7.2, 7.5.8.3, 8.2",raw PFCP bytes and decoded tree; V-SMF handler branch; per-session/URR accepted state before/after; outgoing CCR/Nchf request; OCS/CHF record; baseline/attack PCAP/logs,W5_TWO_SUBSCRIBERS
T3-A42,T3,PFCP Session Report Request,Event-timestamp tariff-context substitution,PFCP Session Report Request\.Usage Report\.Event Time Stamp\.ntpTimestamp$,1,PFCP Session Report Request.Usage Report.Event Time Stamp.ntpTimestamp,FIELD_AND_RELATION,T3-R17,V-UPF,"Ctx,Acc",CONDITIONAL,P2,INVENTORY_REQUIRED,STD,"3GPP TS 29.244 V17.10.0 §§7.5.5.2, 7.5.7.2, 7.5.8.3, 8.2",raw PFCP bytes and decoded tree; V-SMF handler branch; per-session/URR accepted state before/after; outgoing CCR/Nchf request; OCS/CHF record; baseline/attack PCAP/logs,W6_DIFFERENTIATED_CONTEXT
T3-A43,T3,PFCP Session Report Request,Multicast join/leave event duplication or substitution,PFCP Session Report Request\.Usage Report\.(Join IP Multicast Information|Leave IP Multicast Information)\.,4,PFCP Session Report Request.Usage Report.Join IP Multicast Information.IP Multicast Address | PFCP Session Report Request.Usage Report.Join IP Multicast Information.Source IP Address | PFCP Session Report Request.Usage Report.Leave IP Multicast Information.IP Multicast Address | PFCP Session Report Request.Usage Report.Leave IP Multicast Information.Source IP Address,FIELD_AND_RELATION,T3-R13 | T3-R17,V-UPF,"Uniq,Attr,Ctx",CONDITIONAL,P3,INVENTORY_REQUIRED,STD,"3GPP TS 29.244 V17.10.0 §§7.5.5.2, 7.5.7.2, 7.5.8.3, 8.2",raw PFCP bytes and decoded tree; V-SMF handler branch; per-session/URR accepted state before/after; outgoing CCR/Nchf request; OCS/CHF record; baseline/attack PCAP/logs,W4_TWO_ACCOUNTING_BOUNDARIES
T3-A44,T3,PFCP Session Modification Response / Session Deletion Response / Session Report Request (Usage Report carriers),Predefined-rule-name context substitution,PFCP Session (Modification Response|Deletion Response|Report Request)\.Usage Report\.Predefined Rules Name$,1,PFCP Session Report Request.Usage Report.Predefined Rules Name,FIELD_AND_RELATION,T3-R15,V-UPF,"Ctx,Attr",CONDITIONAL,P3,INVENTORY_REQUIRED,STD,"3GPP TS 29.244 V17.10.0 §§7.5.5.2, 7.5.7.2, 7.5.8.3, 8.2",raw PFCP bytes and decoded tree; V-SMF handler branch; per-session/URR accepted state before/after; outgoing CCR/Nchf request; OCS/CHF record; baseline/attack PCAP/logs,W6_DIFFERENTIATED_CONTEXT
T3-A45,T3,PFCP Session Modification Response,Cause/partial-failure and usage-application mismatch,PFCP Session (Modification Response|Deletion Response|Report Request)\.(Cause|Failed Rule ID|Partial Failure Information|Usage Report),169,PFCP Session Modification Response.Cause | PFCP Session Modification Response.Usage Report.URR ID.urrId | PFCP Session Modification Response.Usage Report.UR-SEQN.urSeqn | PFCP Session Modification Response.Usage Report.Usage Report Trigger.PERIO | PFCP Session Modification Response.Usage Report.Usage Report Trigger.VOLTH | PFCP Session Modification Response.Usage Report.Usage Report Trigger.TIMTH | PFCP Session Modification Response.Usage Report.Usage Report Trigger.QUHTI | PFCP Session Modification Response.Usage Report.Usage Report Trigger.START,FIELD_AND_RELATION,T3-R18,V-UPF,"Sem,Comp,Uniq",STRUCTURAL,P1,INVENTORY_REQUIRED,STD,"3GPP TS 29.244 V17.10.0 §§7.5.5.2, 7.5.7.2, 7.5.8.3, 8.2",raw PFCP bytes and decoded tree; V-SMF handler branch; per-session/URR accepted state before/after; outgoing CCR/Nchf request; OCS/CHF record; baseline/attack PCAP/logs,W3_ASYMMETRIC_UL_DL
T3-A46,T3,PFCP Session Deletion Response,Partial final-URR omission at session deletion,PFCP Session Deletion Response\.Usage Report\.,47,PFCP Session Deletion Response.Usage Report.URR ID.urrId | PFCP Session Deletion Response.Usage Report.UR-SEQN.urSeqn | PFCP Session Deletion Response.Usage Report.Usage Report Trigger.PERIO | PFCP Session Deletion Response.Usage Report.Usage Report Trigger.VOLTH | PFCP Session Deletion Response.Usage Report.Usage Report Trigger.TIMTH | PFCP Session Deletion Response.Usage Report.Usage Report Trigger.QUHTI | PFCP Session Deletion Response.Usage Report.Usage Report Trigger.START | PFCP Session Deletion Response.Usage Report.Usage Report Trigger.STOPT,FIELD_AND_RELATION,T3-R19,V-UPF,Comp,DIRECT,P1,INVENTORY_REQUIRED,STD,"3GPP TS 29.244 V17.10.0 §§7.5.5.2, 7.5.7.2, 7.5.8.3, 8.2",raw PFCP bytes and decoded tree; V-SMF handler branch; per-session/URR accepted state before/after; outgoing CCR/Nchf request; OCS/CHF record; baseline/attack PCAP/logs,W3_ASYMMETRIC_UL_DL
T3-A47,T3,PFCP Session Deletion Response,Duplicate final usage at deletion,PFCP Session Deletion Response\.Usage Report\.,47,PFCP Session Deletion Response.Usage Report.URR ID.urrId | PFCP Session Deletion Response.Usage Report.UR-SEQN.urSeqn | PFCP Session Deletion Response.Usage Report.Usage Report Trigger.PERIO | PFCP Session Deletion Response.Usage Report.Usage Report Trigger.VOLTH | PFCP Session Deletion Response.Usage Report.Usage Report Trigger.TIMTH | PFCP Session Deletion Response.Usage Report.Usage Report Trigger.QUHTI | PFCP Session Deletion Response.Usage Report.Usage Report Trigger.START | PFCP Session Deletion Response.Usage Report.Usage Report Trigger.STOPT,FIELD_AND_RELATION,T3-R04 | T3-R19,V-UPF,"Fresh,Uniq",DIRECT,P1,INVENTORY_REQUIRED,STD,"3GPP TS 29.244 V17.10.0 §§7.5.5.2, 7.5.7.2, 7.5.8.3, 8.2",raw PFCP bytes and decoded tree; V-SMF handler branch; per-session/URR accepted state before/after; outgoing CCR/Nchf request; OCS/CHF record; baseline/attack PCAP/logs,W4_TWO_ACCOUNTING_BOUNDARIES
T3-A48,T3,PFCP Session Report Request,PSDBU-induced premature state deletion,PFCP Session Report Request\.PFCPSRReq- Flags\.PSDBU$,1,PFCP Session Report Request.PFCPSRReq- Flags.PSDBU,FIELD_AND_RELATION,T3-R19,V-UPF,"Comp,Fresh,Uniq",DIRECT,P1,INVENTORY_REQUIRED,STD,"3GPP TS 29.244 V17.10.0 §§7.5.5.2, 7.5.7.2, 7.5.8.3, 8.2",raw PFCP bytes and decoded tree; V-SMF handler branch; per-session/URR accepted state before/after; outgoing CCR/Nchf request; OCS/CHF record; baseline/attack PCAP/logs,W3_ASYMMETRIC_UL_DL
T3-A49,T3,PFCP Session Modification Response / Session Deletion Response / Session Report Request (Usage Report carriers),Bundling/FO ordering causes partial report commit,PFCP Session (Modification Response|Deletion Response|Report Request)\.PFCP Header\.FO$,3,PFCP Session Modification Response.PFCP Header.FO | PFCP Session Deletion Response.PFCP Header.FO | PFCP Session Report Request.PFCP Header.FO,FIELD_AND_RELATION,T3-R02 | T3-R06,V-UPF,"Comp,Fresh,Uniq",STRUCTURAL,P2,INVENTORY_REQUIRED,STD,"3GPP TS 29.244 V17.10.0 §§7.5.5.2, 7.5.7.2, 7.5.8.3, 8.2",raw PFCP bytes and decoded tree; V-SMF handler branch; per-session/URR accepted state before/after; outgoing CCR/Nchf request; OCS/CHF record; baseline/attack PCAP/logs,W4_TWO_ACCOUNTING_BOUNDARIES
T3-A50,T3,PFCP Session Modification Response / Session Deletion Response / Session Report Request (Usage Report carriers),Raw IE ordering or unknown-IE canonicalization differential,PFCP Session (Modification Response|Deletion Response|Report Request)\.Usage Report\.,0,,RELATION_ONLY,T3-R20,V-UPF,"Sem,Deriv,Uniq",STRUCTURAL,P1,INVENTORY_REQUIRED,STD,"3GPP TS 29.244 V17.10.0 §§7.5.5.2, 7.5.7.2, 7.5.8.3, 8.2",raw PFCP bytes and decoded tree; V-SMF handler branch; per-session/URR accepted state before/after; outgoing CCR/Nchf request; OCS/CHF record; baseline/attack PCAP/logs,W4_TWO_ACCOUNTING_BOUNDARIES
T3-A51,T3,PFCP Session Deletion Response,Pending-usage-report state suppression or fabrication via PURU,PFCP Session Deletion Response\.PFCPSDRsp- Flags$,1,PFCP Session Deletion Response.PFCPSDRsp- Flags,FIELD_AND_RELATION,T3-R02 | T3-R19,V-UPF,"Comp,Fresh,Uniq,Sem",STRUCTURAL,P1,INVENTORY_REQUIRED,STD,3GPP TS 29.244 V17.10.0 §7.5.7 and §8.2.215,Deletion Response raw IE; outstanding report state; SMF usage accumulator; CCR/OCS records; logs/PCAP,W3_ASYMMETRIC_UL_DL
T4N-A01,T4-Nchf,Nchf_ConvergedCharging Create / Update / Release — ChargingDataRequest,subscriberIdentifier cross-subscriber substitution,ChargingDataRequest \(LBO/PDU-session applicability projection\)\.subscriberIdentifier$,1,ChargingDataRequest (LBO/PDU-session applicability projection).subscriberIdentifier,FIELD_AND_RELATION,T4N-R01 | T4N-R15,V-SMF,"Attr,Ctx",DIRECT,P3,EXPECTED_UNSUP_CURRENT_GY_TESTBED,STD,"3GPP TS 32.291 V17.14.0 §5.2.2.2–5.2.2.4, §6.1.6.2 and Annex A; TS 32.255 V17.14.0; TS 29.571 V17.12.0",HTTP method/path/resource ID; raw JSON and parsed CHF object; SMF local accumulator; accepted PFCP usage; CHF rating/account/balance/CDR; invocation sequence/replay state; baseline/attack logs,W5_TWO_SUBSCRIBERS
T4N-A02,T4-Nchf,Nchf_ConvergedCharging Create / Update / Release — ChargingDataRequest,Root chargingId cross-session substitution,ChargingDataRequest \(LBO/PDU-session applicability projection\)\.chargingId$,1,ChargingDataRequest (LBO/PDU-session applicability projection).chargingId,FIELD_AND_RELATION,T4N-R01 | T4N-R24,V-SMF,"Ctx,Attr,Uniq",DIRECT,P3,EXPECTED_UNSUP_CURRENT_GY_TESTBED,STD,"3GPP TS 32.291 V17.14.0 §5.2.2.2–5.2.2.4, §6.1.6.2 and Annex A; TS 32.255 V17.14.0; TS 29.571 V17.12.0",HTTP method/path/resource ID; raw JSON and parsed CHF object; SMF local accumulator; accepted PFCP usage; CHF rating/account/balance/CDR; invocation sequence/replay state; baseline/attack logs,W1_UL_ONLY
T4N-A03,T4-Nchf,Nchf_ConvergedCharging Create / Update / Release — ChargingDataRequest,"Conflicting root, nested, and home-provided charging IDs",ChargingDataRequest \(LBO/PDU-session applicability projection\)\.(chargingId|pDUSessionChargingInformation\.(chargingId|sMFchargingId|homeProvidedChargingId|sMFHomeProvidedChargingId)|roamingQBCInformation\.multipleQFIcontainer\.qFIContainerInformation\.3gppChargingId)$,6,ChargingDataRequest (LBO/PDU-session applicability projection).chargingId | ChargingDataRequest (LBO/PDU-session applicability projection).pDUSessionChargingInformation.chargingId | ChargingDataRequest (LBO/PDU-session applicability projection).pDUSessionChargingInformation.sMFchargingId | ChargingDataRequest (LBO/PDU-session applicability projection).pDUSessionChargingInformation.homeProvidedChargingId | ChargingDataRequest (LBO/PDU-session applicability projection).pDUSessionChargingInformation.sMFHomeProvidedChargingId | ChargingDataRequest (LBO/PDU-session applicability projection).roamingQBCInformation.multipleQFIcontainer.qFIContainerInformation.3gppChargingId,FIELD_AND_RELATION,T4N-R24,V-SMF,"Sem,Ctx,Attr,Uniq",STRUCTURAL,P3,EXPECTED_UNSUP_CURRENT_GY_TESTBED,STD,"3GPP TS 32.291 V17.14.0 §5.2.2.2–5.2.2.4, §6.1.6.2 and Annex A; TS 32.255 V17.14.0; TS 29.571 V17.12.0",HTTP method/path/resource ID; raw JSON and parsed CHF object; SMF local accumulator; accepted PFCP usage; CHF rating/account/balance/CDR; invocation sequence/replay state; baseline/attack logs,W6_DIFFERENTIATED_CONTEXT
T4N-A04,T4-Nchf,Nchf_ConvergedCharging Create / Update / Release — ChargingDataRequest,Invocation-sequence replay,ChargingDataRequest \(LBO/PDU-session applicability projection\)\.invocationSequenceNumber$,1,ChargingDataRequest (LBO/PDU-session applicability projection).invocationSequenceNumber,FIELD_AND_RELATION,T4N-R02,V-SMF or intermediate host,"Fresh,Uniq,Comp",DIRECT,P3,EXPECTED_UNSUP_CURRENT_GY_TESTBED,STD,"3GPP TS 32.291 V17.14.0 §5.2.2.2–5.2.2.4, §6.1.6.2 and Annex A; TS 32.255 V17.14.0; TS 29.571 V17.12.0",HTTP method/path/resource ID; raw JSON and parsed CHF object; SMF local accumulator; accepted PFCP usage; CHF rating/account/balance/CDR; invocation sequence/replay state; baseline/attack logs,W4_TWO_ACCOUNTING_BOUNDARIES
T4N-A05,T4-Nchf,Nchf_ConvergedCharging Create / Update / Release — ChargingDataRequest,Semantic replay with fresh invocation metadata,ChargingDataRequest \(LBO/PDU-session applicability projection\)\.(invocationSequenceNumber|invocationTimeStamp|retransmissionIndicator)$ | ChargingDataRequest \(LBO/PDU-session applicability projection\)\.multipleUnitUsage\.,3,ChargingDataRequest (LBO/PDU-session applicability projection).invocationTimeStamp | ChargingDataRequest (LBO/PDU-session applicability projection).invocationSequenceNumber | ChargingDataRequest (LBO/PDU-session applicability projection).retransmissionIndicator,FIELD_AND_RELATION,T4N-R02 | T4N-R05 | T4N-R08,V-SMF or intermediate host,"Fresh,Uniq",DIRECT,P3,EXPECTED_UNSUP_CURRENT_GY_TESTBED,STD,"3GPP TS 32.291 V17.14.0 §5.2.2.2–5.2.2.4, §6.1.6.2 and Annex A; TS 32.255 V17.14.0; TS 29.571 V17.12.0",HTTP method/path/resource ID; raw JSON and parsed CHF object; SMF local accumulator; accepted PFCP usage; CHF rating/account/balance/CDR; invocation sequence/replay state; baseline/attack logs,W7_TIME_BOUNDARY
T4N-A06,T4-Nchf,Nchf_ConvergedCharging Create / Update / Release — ChargingDataRequest,Retransmission-indicator confusion or equivocation,ChargingDataRequest \(LBO/PDU-session applicability projection\)\.retransmissionIndicator$,1,ChargingDataRequest (LBO/PDU-session applicability projection).retransmissionIndicator,FIELD_AND_RELATION,T4N-R02,V-SMF,"Fresh,Uniq,Sem",STRUCTURAL,P3,EXPECTED_UNSUP_CURRENT_GY_TESTBED,STD,"3GPP TS 32.291 V17.14.0 §5.2.2.2–5.2.2.4, §6.1.6.2 and Annex A; TS 32.255 V17.14.0; TS 29.571 V17.12.0",HTTP method/path/resource ID; raw JSON and parsed CHF object; SMF local accumulator; accepted PFCP usage; CHF rating/account/balance/CDR; invocation sequence/replay state; baseline/attack logs,W4_TWO_ACCOUNTING_BOUNDARIES
T4N-A07,T4-Nchf,Nchf_ConvergedCharging Create / Update / Release — ChargingDataRequest,Invocation timestamp tariff-window substitution,ChargingDataRequest \(LBO/PDU-session applicability projection\)\.invocationTimeStamp$,1,ChargingDataRequest (LBO/PDU-session applicability projection).invocationTimeStamp,FIELD_AND_RELATION,T4N-R02 | T4N-R13,V-SMF,"Ctx,Acc",CONDITIONAL,P3,EXPECTED_UNSUP_CURRENT_GY_TESTBED,STD,"3GPP TS 32.291 V17.14.0 §5.2.2.2–5.2.2.4, §6.1.6.2 and Annex A; TS 32.255 V17.14.0; TS 29.571 V17.12.0",HTTP method/path/resource ID; raw JSON and parsed CHF object; SMF local accumulator; accepted PFCP usage; CHF rating/account/balance/CDR; invocation sequence/replay state; baseline/attack logs,W6_DIFFERENTIATED_CONTEXT
T4N-A08,T4-Nchf,Nchf_ConvergedCharging Create / Update / Release — ChargingDataRequest,Create/Update/Release lifecycle substitution,ChargingDataRequest \(LBO/PDU-session applicability projection\)\.(oneTimeEvent|oneTimeEventType)$ | ChargingDataRequest \(LBO/PDU-session applicability projection\)\.multipleUnitUsage\.,2,ChargingDataRequest (LBO/PDU-session applicability projection).oneTimeEvent | ChargingDataRequest (LBO/PDU-session applicability projection).oneTimeEventType,FIELD_AND_RELATION,T4N-R03,V-SMF,"Sem,Fresh,Comp,Uniq",DIRECT,P3,EXPECTED_UNSUP_CURRENT_GY_TESTBED,STD,"3GPP TS 32.291 V17.14.0 §5.2.2.2–5.2.2.4, §6.1.6.2 and Annex A; TS 32.255 V17.14.0; TS 29.571 V17.12.0",HTTP method/path/resource ID; raw JSON and parsed CHF object; SMF local accumulator; accepted PFCP usage; CHF rating/account/balance/CDR; invocation sequence/replay state; baseline/attack logs,W1_UL_ONLY
T4N-A09,T4-Nchf,Nchf_ConvergedCharging Create / Update / Release — ChargingDataRequest,One-time-event duplication or session/event confusion,ChargingDataRequest \(LBO/PDU-session applicability projection\)\.(oneTimeEvent|oneTimeEventType)$,2,ChargingDataRequest (LBO/PDU-session applicability projection).oneTimeEvent | ChargingDataRequest (LBO/PDU-session applicability projection).oneTimeEventType,FIELD_AND_RELATION,T4N-R03,V-SMF,"Uniq,Sem,Ctx",DIRECT,P3,EXPECTED_UNSUP_CURRENT_GY_TESTBED,STD,"3GPP TS 32.291 V17.14.0 §5.2.2.2–5.2.2.4, §6.1.6.2 and Annex A; TS 32.255 V17.14.0; TS 29.571 V17.12.0",HTTP method/path/resource ID; raw JSON and parsed CHF object; SMF local accumulator; accepted PFCP usage; CHF rating/account/balance/CDR; invocation sequence/replay state; baseline/attack logs,W7_TIME_BOUNDARY
T4N-A10,T4-Nchf,Nchf_ConvergedCharging Create / Update / Release — ChargingDataRequest,notifyUri substitution,ChargingDataRequest \(LBO/PDU-session applicability projection\)\.notifyUri$,1,ChargingDataRequest (LBO/PDU-session applicability projection).notifyUri,FIELD_AND_RELATION,T4N-R03,V-SMF,"Ctx,Comp,Fresh",CONDITIONAL,P3,EXPECTED_UNSUP_CURRENT_GY_TESTBED,STD,"3GPP TS 32.291 V17.14.0 §5.2.2.2–5.2.2.4, §6.1.6.2 and Annex A; TS 32.255 V17.14.0; TS 29.571 V17.12.0",HTTP method/path/resource ID; raw JSON and parsed CHF object; SMF local accumulator; accepted PFCP usage; CHF rating/account/balance/CDR; invocation sequence/replay state; baseline/attack logs,W1_UL_ONLY
T4N-A11,T4-Nchf,Nchf_ConvergedCharging Create / Update / Release — ChargingDataRequest,NF-consumer identity substitution,ChargingDataRequest \(LBO/PDU-session applicability projection\)\.nfConsumerIdentification\.,7,ChargingDataRequest (LBO/PDU-session applicability projection).nfConsumerIdentification.nFName | ChargingDataRequest (LBO/PDU-session applicability projection).nfConsumerIdentification.nFIPv4Address | ChargingDataRequest (LBO/PDU-session applicability projection).nfConsumerIdentification.nFIPv6Address | ChargingDataRequest (LBO/PDU-session applicability projection).nfConsumerIdentification.nFPLMNID.mcc | ChargingDataRequest (LBO/PDU-session applicability projection).nfConsumerIdentification.nFPLMNID.mnc | ChargingDataRequest (LBO/PDU-session applicability projection).nfConsumerIdentification.nodeFunctionality | ChargingDataRequest (LBO/PDU-session applicability projection).nfConsumerIdentification.nFFqdn,FIELD_AND_RELATION,T4N-R04,V-SMF,"Attr,Auth,Ctx",DIRECT,P3,EXPECTED_UNSUP_CURRENT_GY_TESTBED,STD,"3GPP TS 32.291 V17.14.0 §5.2.2.2–5.2.2.4, §6.1.6.2 and Annex A; TS 32.255 V17.14.0; TS 29.571 V17.12.0",HTTP method/path/resource ID; raw JSON and parsed CHF object; SMF local accumulator; accepted PFCP usage; CHF rating/account/balance/CDR; invocation sequence/replay state; baseline/attack logs,W5_TWO_SUBSCRIBERS
T4N-A12,T4-Nchf,Nchf_ConvergedCharging Create / Update / Release — ChargingDataRequest,UPF-ID usage-producer substitution,ChargingDataRequest \(LBO/PDU-session applicability projection\)\.(multipleUnitUsage|roamingQBCInformation)\.uPFID$,2,ChargingDataRequest (LBO/PDU-session applicability projection).roamingQBCInformation.uPFID | ChargingDataRequest (LBO/PDU-session applicability projection).multipleUnitUsage.uPFID,FIELD_AND_RELATION,T4N-R04,V-SMF,"Attr,Ctx,Deriv",DIRECT,P3,EXPECTED_UNSUP_CURRENT_GY_TESTBED,STD,"3GPP TS 32.291 V17.14.0 §5.2.2.2–5.2.2.4, §6.1.6.2 and Annex A; TS 32.255 V17.14.0; TS 29.571 V17.12.0",HTTP method/path/resource ID; raw JSON and parsed CHF object; SMF local accumulator; accepted PFCP usage; CHF rating/account/balance/CDR; invocation sequence/replay state; baseline/attack logs,W5_TWO_SUBSCRIBERS
T4N-A13,T4-Nchf,Nchf_ConvergedCharging Create / Update / Release — ChargingDataRequest,Duplicate multipleUnitUsage tuple,ChargingDataRequest \(LBO/PDU-session applicability projection\)\.multipleUnitUsage\.,245,ChargingDataRequest (LBO/PDU-session applicability projection).multipleUnitUsage.ratingGroup | ChargingDataRequest (LBO/PDU-session applicability projection).multipleUnitUsage.requestedUnit.time | ChargingDataRequest (LBO/PDU-session applicability projection).multipleUnitUsage.requestedUnit.totalVolume | ChargingDataRequest (LBO/PDU-session applicability projection).multipleUnitUsage.requestedUnit.uplinkVolume | ChargingDataRequest (LBO/PDU-session applicability projection).multipleUnitUsage.requestedUnit.downlinkVolume | ChargingDataRequest (LBO/PDU-session applicability projection).multipleUnitUsage.requestedUnit.serviceSpecificUnits | ChargingDataRequest (LBO/PDU-session applicability projection).multipleUnitUsage.uPFID | ChargingDataRequest (LBO/PDU-session applicability projection).multipleUnitUsage.multihomedPDUAddress.pduIPv4Address,FIELD_AND_RELATION,T4N-R05 | T4N-R20,V-SMF,Uniq,DIRECT,P3,EXPECTED_UNSUP_CURRENT_GY_TESTBED,STD,"3GPP TS 32.291 V17.14.0 §5.2.2.2–5.2.2.4, §6.1.6.2 and Annex A; TS 32.255 V17.14.0; TS 29.571 V17.12.0",HTTP method/path/resource ID; raw JSON and parsed CHF object; SMF local accumulator; accepted PFCP usage; CHF rating/account/balance/CDR; invocation sequence/replay state; baseline/attack logs,W6_DIFFERENTIATED_CONTEXT
T4N-A14,T4-Nchf,Nchf_ConvergedCharging Create / Update / Release — ChargingDataRequest,Nchf RatingGroup substitution,ChargingDataRequest \(LBO/PDU-session applicability projection\)\.multipleUnitUsage\.ratingGroup$,1,ChargingDataRequest (LBO/PDU-session applicability projection).multipleUnitUsage.ratingGroup,FIELD_AND_RELATION,T4N-R05,V-SMF,"Ctx,Attr,Deriv",DIRECT,P3,EXPECTED_UNSUP_CURRENT_GY_TESTBED,STD,"3GPP TS 32.291 V17.14.0 §5.2.2.2–5.2.2.4, §6.1.6.2 and Annex A; TS 32.255 V17.14.0; TS 29.571 V17.12.0",HTTP method/path/resource ID; raw JSON and parsed CHF object; SMF local accumulator; accepted PFCP usage; CHF rating/account/balance/CDR; invocation sequence/replay state; baseline/attack logs,W6_DIFFERENTIATED_CONTEXT
T4N-A15,T4-Nchf,Nchf_ConvergedCharging Create / Update / Release — ChargingDataRequest,Nchf Service-ID substitution,ChargingDataRequest \(LBO/PDU-session applicability projection\)\.multipleUnitUsage\.usedUnitContainer\.serviceId$,1,ChargingDataRequest (LBO/PDU-session applicability projection).multipleUnitUsage.usedUnitContainer.serviceId,FIELD_AND_RELATION,T4N-R05,V-SMF,"Ctx,Attr",DIRECT,P3,EXPECTED_UNSUP_CURRENT_GY_TESTBED,STD,"3GPP TS 32.291 V17.14.0 §5.2.2.2–5.2.2.4, §6.1.6.2 and Annex A; TS 32.255 V17.14.0; TS 29.571 V17.12.0",HTTP method/path/resource ID; raw JSON and parsed CHF object; SMF local accumulator; accepted PFCP usage; CHF rating/account/balance/CDR; invocation sequence/replay state; baseline/attack logs,W6_DIFFERENTIATED_CONTEXT
T4N-A16,T4-Nchf,Nchf_ConvergedCharging Create / Update / Release — ChargingDataRequest,Missing/unknown rating or service fallback,ChargingDataRequest \(LBO/PDU-session applicability projection\)\.multipleUnitUsage\.(ratingGroup|usedUnitContainer\.serviceId)$,2,ChargingDataRequest (LBO/PDU-session applicability projection).multipleUnitUsage.ratingGroup | ChargingDataRequest (LBO/PDU-session applicability projection).multipleUnitUsage.usedUnitContainer.serviceId,FIELD_AND_RELATION,T4N-R05,V-SMF,"Comp,Sem,Ctx",STRUCTURAL,P3,EXPECTED_UNSUP_CURRENT_GY_TESTBED,STD,"3GPP TS 32.291 V17.14.0 §5.2.2.2–5.2.2.4, §6.1.6.2 and Annex A; TS 32.255 V17.14.0; TS 29.571 V17.12.0",HTTP method/path/resource ID; raw JSON and parsed CHF object; SMF local accumulator; accepted PFCP usage; CHF rating/account/balance/CDR; invocation sequence/replay state; baseline/attack logs,W6_DIFFERENTIATED_CONTEXT
T4N-A17,T4-Nchf,Nchf_ConvergedCharging Create / Update / Release — ChargingDataRequest,Duplicate usedUnitContainer,ChargingDataRequest \(LBO/PDU-session applicability projection\)\.multipleUnitUsage\.usedUnitContainer\.,231,ChargingDataRequest (LBO/PDU-session applicability projection).multipleUnitUsage.usedUnitContainer.serviceId | ChargingDataRequest (LBO/PDU-session applicability projection).multipleUnitUsage.usedUnitContainer.quotaManagementIndicator | ChargingDataRequest (LBO/PDU-session applicability projection).multipleUnitUsage.usedUnitContainer.triggers.triggerType | ChargingDataRequest (LBO/PDU-session applicability projection).multipleUnitUsage.usedUnitContainer.triggers.triggerCategory | ChargingDataRequest (LBO/PDU-session applicability projection).multipleUnitUsage.usedUnitContainer.triggers.timeLimit | ChargingDataRequest (LBO/PDU-session applicability projection).multipleUnitUsage.usedUnitContainer.triggers.volumeLimit | ChargingDataRequest (LBO/PDU-session applicability projection).multipleUnitUsage.usedUnitContainer.triggers.volumeLimit64 | ChargingDataRequest (LBO/PDU-session applicability projection).multipleUnitUsage.usedUnitContainer.triggers.eventLimit,FIELD_AND_RELATION,T4N-R05 | T4N-R08 | T4N-R20,V-SMF,Uniq,DIRECT,P3,EXPECTED_UNSUP_CURRENT_GY_TESTBED,STD,"3GPP TS 32.291 V17.14.0 §5.2.2.2–5.2.2.4, §6.1.6.2 and Annex A; TS 32.255 V17.14.0; TS 29.571 V17.12.0",HTTP method/path/resource ID; raw JSON and parsed CHF object; SMF local accumulator; accepted PFCP usage; CHF rating/account/balance/CDR; invocation sequence/replay state; baseline/attack logs,W4_TWO_ACCOUNTING_BOUNDARIES
T4N-A18,T4-Nchf,Nchf_ConvergedCharging Create / Update / Release — ChargingDataRequest,Used-volume inflation,ChargingDataRequest \(LBO/PDU-session applicability projection\)\.multipleUnitUsage\.usedUnitContainer\.(totalVolume|uplinkVolume|downlinkVolume)$,3,ChargingDataRequest (LBO/PDU-session applicability projection).multipleUnitUsage.usedUnitContainer.totalVolume | ChargingDataRequest (LBO/PDU-session applicability projection).multipleUnitUsage.usedUnitContainer.uplinkVolume | ChargingDataRequest (LBO/PDU-session applicability projection).multipleUnitUsage.usedUnitContainer.downlinkVolume,FIELD_AND_RELATION,T4N-R06 | T4N-R07,V-SMF,"Acc,Deriv",DIRECT,P3,EXPECTED_UNSUP_CURRENT_GY_TESTBED,STD,"3GPP TS 32.291 V17.14.0 §5.2.2.2–5.2.2.4, §6.1.6.2 and Annex A; TS 32.255 V17.14.0; TS 29.571 V17.12.0",HTTP method/path/resource ID; raw JSON and parsed CHF object; SMF local accumulator; accepted PFCP usage; CHF rating/account/balance/CDR; invocation sequence/replay state; baseline/attack logs,W3_ASYMMETRIC_UL_DL
T4N-A19,T4-Nchf,Nchf_ConvergedCharging Create / Update / Release — ChargingDataRequest,Single-direction Nchf volume inflation/suppression,ChargingDataRequest \(LBO/PDU-session applicability projection\)\.multipleUnitUsage\.usedUnitContainer\.(uplinkVolume|downlinkVolume)$,2,ChargingDataRequest (LBO/PDU-session applicability projection).multipleUnitUsage.usedUnitContainer.uplinkVolume | ChargingDataRequest (LBO/PDU-session applicability projection).multipleUnitUsage.usedUnitContainer.downlinkVolume,FIELD_AND_RELATION,T4N-R06 | T4N-R07,V-SMF,"Acc,Comp,Deriv",DIRECT,P3,EXPECTED_UNSUP_CURRENT_GY_TESTBED,STD,"3GPP TS 32.291 V17.14.0 §5.2.2.2–5.2.2.4, §6.1.6.2 and Annex A; TS 32.255 V17.14.0; TS 29.571 V17.12.0",HTTP method/path/resource ID; raw JSON and parsed CHF object; SMF local accumulator; accepted PFCP usage; CHF rating/account/balance/CDR; invocation sequence/replay state; baseline/attack logs,W3_ASYMMETRIC_UL_DL
T4N-A20,T4-Nchf,Nchf_ConvergedCharging Create / Update / Release — ChargingDataRequest,Used-volume arithmetic inconsistency,ChargingDataRequest \(LBO/PDU-session applicability projection\)\.multipleUnitUsage\.usedUnitContainer\.(totalVolume|uplinkVolume|downlinkVolume)$,3,ChargingDataRequest (LBO/PDU-session applicability projection).multipleUnitUsage.usedUnitContainer.totalVolume | ChargingDataRequest (LBO/PDU-session applicability projection).multipleUnitUsage.usedUnitContainer.uplinkVolume | ChargingDataRequest (LBO/PDU-session applicability projection).multipleUnitUsage.usedUnitContainer.downlinkVolume,FIELD_AND_RELATION,T4N-R06,V-SMF,"Sem,Acc",STRUCTURAL,P3,EXPECTED_UNSUP_CURRENT_GY_TESTBED,STD,"3GPP TS 32.291 V17.14.0 §5.2.2.2–5.2.2.4, §6.1.6.2 and Annex A; TS 32.255 V17.14.0; TS 29.571 V17.12.0",HTTP method/path/resource ID; raw JSON and parsed CHF object; SMF local accumulator; accepted PFCP usage; CHF rating/account/balance/CDR; invocation sequence/replay state; baseline/attack logs,W1_UL_ONLY
T4N-A21,T4-Nchf,Nchf_ConvergedCharging Create / Update / Release — ChargingDataRequest,Nchf UL/DL direction swap,ChargingDataRequest \(LBO/PDU-session applicability projection\)\.multipleUnitUsage\.usedUnitContainer\.(uplinkVolume|downlinkVolume)$,2,ChargingDataRequest (LBO/PDU-session applicability projection).multipleUnitUsage.usedUnitContainer.uplinkVolume | ChargingDataRequest (LBO/PDU-session applicability projection).multipleUnitUsage.usedUnitContainer.downlinkVolume,FIELD_AND_RELATION,T4N-R06 | T4N-R07,V-SMF,"Ctx,Acc,Deriv",CONDITIONAL,P3,EXPECTED_UNSUP_CURRENT_GY_TESTBED,STD,"3GPP TS 32.291 V17.14.0 §5.2.2.2–5.2.2.4, §6.1.6.2 and Annex A; TS 32.255 V17.14.0; TS 29.571 V17.12.0",HTTP method/path/resource ID; raw JSON and parsed CHF object; SMF local accumulator; accepted PFCP usage; CHF rating/account/balance/CDR; invocation sequence/replay state; baseline/attack logs,W6_DIFFERENTIATED_CONTEXT
T4N-A22,T4-Nchf,Nchf_ConvergedCharging Create / Update / Release — ChargingDataRequest,Used-time inflation or suppression,ChargingDataRequest \(LBO/PDU-session applicability projection\)\.multipleUnitUsage\.usedUnitContainer\.time$,1,ChargingDataRequest (LBO/PDU-session applicability projection).multipleUnitUsage.usedUnitContainer.time,FIELD_AND_RELATION,T4N-R07,V-SMF,"Acc,Deriv",CONDITIONAL,P3,EXPECTED_UNSUP_CURRENT_GY_TESTBED,STD,"3GPP TS 32.291 V17.14.0 §5.2.2.2–5.2.2.4, §6.1.6.2 and Annex A; TS 32.255 V17.14.0; TS 29.571 V17.12.0",HTTP method/path/resource ID; raw JSON and parsed CHF object; SMF local accumulator; accepted PFCP usage; CHF rating/account/balance/CDR; invocation sequence/replay state; baseline/attack logs,W7_TIME_BOUNDARY
T4N-A23,T4-Nchf,Nchf_ConvergedCharging Create / Update / Release — ChargingDataRequest,Service-specific-unit inflation or suppression,ChargingDataRequest \(LBO/PDU-session applicability projection\)\.multipleUnitUsage\.usedUnitContainer\.serviceSpecificUnits$,1,ChargingDataRequest (LBO/PDU-session applicability projection).multipleUnitUsage.usedUnitContainer.serviceSpecificUnits,FIELD_AND_RELATION,T4N-R07,V-SMF,"Acc,Comp,Deriv",CONDITIONAL,P3,EXPECTED_UNSUP_CURRENT_GY_TESTBED,STD,"3GPP TS 32.291 V17.14.0 §5.2.2.2–5.2.2.4, §6.1.6.2 and Annex A; TS 32.255 V17.14.0; TS 29.571 V17.12.0",HTTP method/path/resource ID; raw JSON and parsed CHF object; SMF local accumulator; accepted PFCP usage; CHF rating/account/balance/CDR; invocation sequence/replay state; baseline/attack logs,W6_DIFFERENTIATED_CONTEXT
T4N-A24,T4-Nchf,Nchf_ConvergedCharging Create / Update / Release — ChargingDataRequest,eventTimeStamps duplication or substitution,ChargingDataRequest \(LBO/PDU-session applicability projection\)\.multipleUnitUsage\.usedUnitContainer\.eventTimeStamps$,1,ChargingDataRequest (LBO/PDU-session applicability projection).multipleUnitUsage.usedUnitContainer.eventTimeStamps,FIELD_AND_RELATION,T4N-R07 | T4N-R13 | T4N-R20,V-SMF,"Uniq,Ctx,Acc",CONDITIONAL,P3,EXPECTED_UNSUP_CURRENT_GY_TESTBED,STD,"3GPP TS 32.291 V17.14.0 §5.2.2.2–5.2.2.4, §6.1.6.2 and Annex A; TS 32.255 V17.14.0; TS 29.571 V17.12.0",HTTP method/path/resource ID; raw JSON and parsed CHF object; SMF local accumulator; accepted PFCP usage; CHF rating/account/balance/CDR; invocation sequence/replay state; baseline/attack logs,W6_DIFFERENTIATED_CONTEXT
T4N-A25,T4-Nchf,Nchf_ConvergedCharging Create / Update / Release — ChargingDataRequest,Simultaneous multiple unit bases,ChargingDataRequest \(LBO/PDU-session applicability projection\)\.multipleUnitUsage\.usedUnitContainer\.(time|totalVolume|uplinkVolume|downlinkVolume|serviceSpecificUnits|eventTimeStamps)$,6,ChargingDataRequest (LBO/PDU-session applicability projection).multipleUnitUsage.usedUnitContainer.time | ChargingDataRequest (LBO/PDU-session applicability projection).multipleUnitUsage.usedUnitContainer.totalVolume | ChargingDataRequest (LBO/PDU-session applicability projection).multipleUnitUsage.usedUnitContainer.uplinkVolume | ChargingDataRequest (LBO/PDU-session applicability projection).multipleUnitUsage.usedUnitContainer.downlinkVolume | ChargingDataRequest (LBO/PDU-session applicability projection).multipleUnitUsage.usedUnitContainer.serviceSpecificUnits | ChargingDataRequest (LBO/PDU-session applicability projection).multipleUnitUsage.usedUnitContainer.eventTimeStamps,FIELD_AND_RELATION,T4N-R07,V-SMF,"Uniq,Sem,Auth",DIRECT,P3,EXPECTED_UNSUP_CURRENT_GY_TESTBED,STD,"3GPP TS 32.291 V17.14.0 §5.2.2.2–5.2.2.4, §6.1.6.2 and Annex A; TS 32.255 V17.14.0; TS 29.571 V17.12.0",HTTP method/path/resource ID; raw JSON and parsed CHF object; SMF local accumulator; accepted PFCP usage; CHF rating/account/balance/CDR; invocation sequence/replay state; baseline/attack logs,W1_UL_ONLY
T4N-A26,T4-Nchf,Nchf_ConvergedCharging Create / Update / Release — ChargingDataRequest,localSequenceNumber replay or rollback,ChargingDataRequest \(LBO/PDU-session applicability projection\)\.multipleUnitUsage\.usedUnitContainer\.localSequenceNumber$,1,ChargingDataRequest (LBO/PDU-session applicability projection).multipleUnitUsage.usedUnitContainer.localSequenceNumber,FIELD_AND_RELATION,T4N-R08,V-SMF,"Fresh,Uniq,Comp",DIRECT,P3,EXPECTED_UNSUP_CURRENT_GY_TESTBED,STD,"3GPP TS 32.291 V17.14.0 §5.2.2.2–5.2.2.4, §6.1.6.2 and Annex A; TS 32.255 V17.14.0; TS 29.571 V17.12.0",HTTP method/path/resource ID; raw JSON and parsed CHF object; SMF local accumulator; accepted PFCP usage; CHF rating/account/balance/CDR; invocation sequence/replay state; baseline/attack logs,W4_TWO_ACCOUNTING_BOUNDARIES
T4N-A27,T4-Nchf,Nchf_ConvergedCharging Create / Update / Release — ChargingDataRequest,Same-local-sequence quantity equivocation,ChargingDataRequest \(LBO/PDU-session applicability projection\)\.multipleUnitUsage\.usedUnitContainer\.(localSequenceNumber|totalVolume|uplinkVolume|downlinkVolume|time|serviceSpecificUnits)$,6,ChargingDataRequest (LBO/PDU-session applicability projection).multipleUnitUsage.usedUnitContainer.time | ChargingDataRequest (LBO/PDU-session applicability projection).multipleUnitUsage.usedUnitContainer.totalVolume | ChargingDataRequest (LBO/PDU-session applicability projection).multipleUnitUsage.usedUnitContainer.uplinkVolume | ChargingDataRequest (LBO/PDU-session applicability projection).multipleUnitUsage.usedUnitContainer.downlinkVolume | ChargingDataRequest (LBO/PDU-session applicability projection).multipleUnitUsage.usedUnitContainer.serviceSpecificUnits | ChargingDataRequest (LBO/PDU-session applicability projection).multipleUnitUsage.usedUnitContainer.localSequenceNumber,FIELD_AND_RELATION,T4N-R08 | T4N-R21,V-SMF,"Sem,Fresh,Acc",STRUCTURAL,P3,EXPECTED_UNSUP_CURRENT_GY_TESTBED,STD,"3GPP TS 32.291 V17.14.0 §5.2.2.2–5.2.2.4, §6.1.6.2 and Annex A; TS 32.255 V17.14.0; TS 29.571 V17.12.0",HTTP method/path/resource ID; raw JSON and parsed CHF object; SMF local accumulator; accepted PFCP usage; CHF rating/account/balance/CDR; invocation sequence/replay state; baseline/attack logs,W4_TWO_ACCOUNTING_BOUNDARIES
T4N-A28,T4-Nchf,Nchf_ConvergedCharging Create / Update / Release — ChargingDataRequest,Numeric boundary or JSON precision loss,ChargingDataRequest \(LBO/PDU-session applicability projection\)\.multipleUnitUsage\.(requestedUnit|usedUnitContainer)\.(time|totalVolume|uplinkVolume|downlinkVolume|serviceSpecificUnits|localSequenceNumber)$,11,ChargingDataRequest (LBO/PDU-session applicability projection).multipleUnitUsage.requestedUnit.time | ChargingDataRequest (LBO/PDU-session applicability projection).multipleUnitUsage.requestedUnit.totalVolume | ChargingDataRequest (LBO/PDU-session applicability projection).multipleUnitUsage.requestedUnit.uplinkVolume | ChargingDataRequest (LBO/PDU-session applicability projection).multipleUnitUsage.requestedUnit.downlinkVolume | ChargingDataRequest (LBO/PDU-session applicability projection).multipleUnitUsage.requestedUnit.serviceSpecificUnits | ChargingDataRequest (LBO/PDU-session applicability projection).multipleUnitUsage.usedUnitContainer.time | ChargingDataRequest (LBO/PDU-session applicability projection).multipleUnitUsage.usedUnitContainer.totalVolume | ChargingDataRequest (LBO/PDU-session applicability projection).multipleUnitUsage.usedUnitContainer.uplinkVolume,FIELD_AND_RELATION,T4N-R06 | T4N-R08 | T4N-R21,V-SMF,"Sem,Acc",STRUCTURAL,P3,EXPECTED_UNSUP_CURRENT_GY_TESTBED,STD,"3GPP TS 32.291 V17.14.0 §5.2.2.2–5.2.2.4, §6.1.6.2 and Annex A; TS 32.255 V17.14.0; TS 29.571 V17.12.0",HTTP method/path/resource ID; raw JSON and parsed CHF object; SMF local accumulator; accepted PFCP usage; CHF rating/account/balance/CDR; invocation sequence/replay state; baseline/attack logs,W6_DIFFERENTIATED_CONTEXT
T4N-A29,T4-Nchf,Nchf_ConvergedCharging Create / Update / Release — ChargingDataRequest,Trigger type/category substitution,ChargingDataRequest \(LBO/PDU-session applicability projection\)\.(triggers|multipleUnitUsage\.usedUnitContainer\.triggers|roamingQBCInformation\.(multipleQFIcontainer\.triggers|roamingChargingProfile\.triggers))\.(triggerType|triggerCategory)$,8,ChargingDataRequest (LBO/PDU-session applicability projection).triggers.triggerType | ChargingDataRequest (LBO/PDU-session applicability projection).triggers.triggerCategory | ChargingDataRequest (LBO/PDU-session applicability projection).roamingQBCInformation.multipleQFIcontainer.triggers.triggerType | ChargingDataRequest (LBO/PDU-session applicability projection).roamingQBCInformation.multipleQFIcontainer.triggers.triggerCategory | ChargingDataRequest (LBO/PDU-session applicability projection).roamingQBCInformation.roamingChargingProfile.triggers.triggerType | ChargingDataRequest (LBO/PDU-session applicability projection).roamingQBCInformation.roamingChargingProfile.triggers.triggerCategory | ChargingDataRequest (LBO/PDU-session applicability projection).multipleUnitUsage.usedUnitContainer.triggers.triggerType | ChargingDataRequest (LBO/PDU-session applicability projection).multipleUnitUsage.usedUnitContainer.triggers.triggerCategory,FIELD_AND_RELATION,T4N-R09,V-SMF,"Sem,Ctx,Comp,Uniq",DIRECT,P3,EXPECTED_UNSUP_CURRENT_GY_TESTBED,STD,"3GPP TS 32.291 V17.14.0 §5.2.2.2–5.2.2.4, §6.1.6.2 and Annex A; TS 32.255 V17.14.0; TS 29.571 V17.12.0",HTTP method/path/resource ID; raw JSON and parsed CHF object; SMF local accumulator; accepted PFCP usage; CHF rating/account/balance/CDR; invocation sequence/replay state; baseline/attack logs,W6_DIFFERENTIATED_CONTEXT
T4N-A30,T4-Nchf,Nchf_ConvergedCharging Create / Update / Release — ChargingDataRequest,Trigger-limit manipulation,ChargingDataRequest \(LBO/PDU-session applicability projection\)\.(triggers|multipleUnitUsage\.usedUnitContainer\.triggers|roamingQBCInformation\.(multipleQFIcontainer\.triggers|roamingChargingProfile\.triggers))\.(timeLimit|volumeLimit|volumeLimit64|eventLimit|maxNumberOfccc)$,20,ChargingDataRequest (LBO/PDU-session applicability projection).triggers.timeLimit | ChargingDataRequest (LBO/PDU-session applicability projection).triggers.volumeLimit | ChargingDataRequest (LBO/PDU-session applicability projection).triggers.volumeLimit64 | ChargingDataRequest (LBO/PDU-session applicability projection).triggers.eventLimit | ChargingDataRequest (LBO/PDU-session applicability projection).triggers.maxNumberOfccc | ChargingDataRequest (LBO/PDU-session applicability projection).roamingQBCInformation.multipleQFIcontainer.triggers.timeLimit | ChargingDataRequest (LBO/PDU-session applicability projection).roamingQBCInformation.multipleQFIcontainer.triggers.volumeLimit | ChargingDataRequest (LBO/PDU-session applicability projection).roamingQBCInformation.multipleQFIcontainer.triggers.volumeLimit64,FIELD_AND_RELATION,T4N-R09,V-SMF,"Comp,Uniq,Sem",DIRECT,P3,EXPECTED_UNSUP_CURRENT_GY_TESTBED,STD,"3GPP TS 32.291 V17.14.0 §5.2.2.2–5.2.2.4, §6.1.6.2 and Annex A; TS 32.255 V17.14.0; TS 29.571 V17.12.0",HTTP method/path/resource ID; raw JSON and parsed CHF object; SMF local accumulator; accepted PFCP usage; CHF rating/account/balance/CDR; invocation sequence/replay state; baseline/attack logs,W7_TIME_BOUNDARY
T4N-A31,T4-Nchf,Nchf_ConvergedCharging Create / Update / Release — ChargingDataRequest,volumeLimit / volumeLimit64 conflict,ChargingDataRequest \(LBO/PDU-session applicability projection\)\.(triggers|multipleUnitUsage\.usedUnitContainer\.triggers|roamingQBCInformation\.(multipleQFIcontainer\.triggers|roamingChargingProfile\.triggers))\.(volumeLimit|volumeLimit64)$,8,ChargingDataRequest (LBO/PDU-session applicability projection).triggers.volumeLimit | ChargingDataRequest (LBO/PDU-session applicability projection).triggers.volumeLimit64 | ChargingDataRequest (LBO/PDU-session applicability projection).roamingQBCInformation.multipleQFIcontainer.triggers.volumeLimit | ChargingDataRequest (LBO/PDU-session applicability projection).roamingQBCInformation.multipleQFIcontainer.triggers.volumeLimit64 | ChargingDataRequest (LBO/PDU-session applicability projection).roamingQBCInformation.roamingChargingProfile.triggers.volumeLimit | ChargingDataRequest (LBO/PDU-session applicability projection).roamingQBCInformation.roamingChargingProfile.triggers.volumeLimit64 | ChargingDataRequest (LBO/PDU-session applicability projection).multipleUnitUsage.usedUnitContainer.triggers.volumeLimit | ChargingDataRequest (LBO/PDU-session applicability projection).multipleUnitUsage.usedUnitContainer.triggers.volumeLimit64,FIELD_AND_RELATION,T4N-R09 | T4N-R21,V-SMF,"Sem,Comp,Uniq",STRUCTURAL,P3,EXPECTED_UNSUP_CURRENT_GY_TESTBED,STD,"3GPP TS 32.291 V17.14.0 §5.2.2.2–5.2.2.4, §6.1.6.2 and Annex A; TS 32.255 V17.14.0; TS 29.571 V17.12.0",HTTP method/path/resource ID; raw JSON and parsed CHF object; SMF local accumulator; accepted PFCP usage; CHF rating/account/balance/CDR; invocation sequence/replay state; baseline/attack logs,W1_UL_ONLY
T4N-A32,T4-Nchf,Nchf_ConvergedCharging Create / Update / Release — ChargingDataRequest,Trigger timestamp / tariff-time-change shift,ChargingDataRequest \(LBO/PDU-session applicability projection\)\.(multipleUnitUsage\.usedUnitContainer\.triggerTimestamp|roamingQBCInformation\.multipleQFIcontainer\.triggerTimestamp|.*triggers\.tariffTimeChange)$,6,ChargingDataRequest (LBO/PDU-session applicability projection).triggers.tariffTimeChange | ChargingDataRequest (LBO/PDU-session applicability projection).roamingQBCInformation.multipleQFIcontainer.triggers.tariffTimeChange | ChargingDataRequest (LBO/PDU-session applicability projection).roamingQBCInformation.multipleQFIcontainer.triggerTimestamp | ChargingDataRequest (LBO/PDU-session applicability projection).roamingQBCInformation.roamingChargingProfile.triggers.tariffTimeChange | ChargingDataRequest (LBO/PDU-session applicability projection).multipleUnitUsage.usedUnitContainer.triggers.tariffTimeChange | ChargingDataRequest (LBO/PDU-session applicability projection).multipleUnitUsage.usedUnitContainer.triggerTimestamp,FIELD_AND_RELATION,T4N-R09 | T4N-R13,V-SMF,"Ctx,Acc",CONDITIONAL,P3,EXPECTED_UNSUP_CURRENT_GY_TESTBED,STD,"3GPP TS 32.291 V17.14.0 §5.2.2.2–5.2.2.4, §6.1.6.2 and Annex A; TS 32.255 V17.14.0; TS 29.571 V17.12.0",HTTP method/path/resource ID; raw JSON and parsed CHF object; SMF local accumulator; accepted PFCP usage; CHF rating/account/balance/CDR; invocation sequence/replay state; baseline/attack logs,W6_DIFFERENTIATED_CONTEXT
T4N-A33,T4-Nchf,Nchf_ConvergedCharging Create / Update / Release — ChargingDataRequest,Requested-unit inflation,ChargingDataRequest \(LBO/PDU-session applicability projection\)\.multipleUnitUsage\.requestedUnit\.(time|totalVolume|uplinkVolume|downlinkVolume|serviceSpecificUnits)$,5,ChargingDataRequest (LBO/PDU-session applicability projection).multipleUnitUsage.requestedUnit.time | ChargingDataRequest (LBO/PDU-session applicability projection).multipleUnitUsage.requestedUnit.totalVolume | ChargingDataRequest (LBO/PDU-session applicability projection).multipleUnitUsage.requestedUnit.uplinkVolume | ChargingDataRequest (LBO/PDU-session applicability projection).multipleUnitUsage.requestedUnit.downlinkVolume | ChargingDataRequest (LBO/PDU-session applicability projection).multipleUnitUsage.requestedUnit.serviceSpecificUnits,FIELD_AND_RELATION,T4N-R10,V-SMF,"Auth,Ctx",CONDITIONAL,P3,EXPECTED_UNSUP_CURRENT_GY_TESTBED,STD,"3GPP TS 32.291 V17.14.0 §5.2.2.2–5.2.2.4, §6.1.6.2 and Annex A; TS 32.255 V17.14.0; TS 29.571 V17.12.0",HTTP method/path/resource ID; raw JSON and parsed CHF object; SMF local accumulator; accepted PFCP usage; CHF rating/account/balance/CDR; invocation sequence/replay state; baseline/attack logs,W1_UL_ONLY
T4N-A34,T4-Nchf,Nchf_ConvergedCharging Create / Update / Release — ChargingDataRequest,Requested-unit / used-unit semantic swap,ChargingDataRequest \(LBO/PDU-session applicability projection\)\.multipleUnitUsage\.(requestedUnit|usedUnitContainer)\.,236,ChargingDataRequest (LBO/PDU-session applicability projection).multipleUnitUsage.requestedUnit.time | ChargingDataRequest (LBO/PDU-session applicability projection).multipleUnitUsage.requestedUnit.totalVolume | ChargingDataRequest (LBO/PDU-session applicability projection).multipleUnitUsage.requestedUnit.uplinkVolume | ChargingDataRequest (LBO/PDU-session applicability projection).multipleUnitUsage.requestedUnit.downlinkVolume | ChargingDataRequest (LBO/PDU-session applicability projection).multipleUnitUsage.requestedUnit.serviceSpecificUnits | ChargingDataRequest (LBO/PDU-session applicability projection).multipleUnitUsage.usedUnitContainer.serviceId | ChargingDataRequest (LBO/PDU-session applicability projection).multipleUnitUsage.usedUnitContainer.quotaManagementIndicator | ChargingDataRequest (LBO/PDU-session applicability projection).multipleUnitUsage.usedUnitContainer.triggers.triggerType,FIELD_AND_RELATION,T4N-R10 | T4N-R21,V-SMF,"Sem,Comp,Acc",STRUCTURAL,P3,EXPECTED_UNSUP_CURRENT_GY_TESTBED,STD,"3GPP TS 32.291 V17.14.0 §5.2.2.2–5.2.2.4, §6.1.6.2 and Annex A; TS 32.255 V17.14.0; TS 29.571 V17.12.0",HTTP method/path/resource ID; raw JSON and parsed CHF object; SMF local accumulator; accepted PFCP usage; CHF rating/account/balance/CDR; invocation sequence/replay state; baseline/attack logs,W1_UL_ONLY
T4N-A35,T4-Nchf,Nchf_ConvergedCharging Create / Update / Release — ChargingDataRequest,Quota-management-indicator substitution,ChargingDataRequest \(LBO/PDU-session applicability projection\)\.multipleUnitUsage\.usedUnitContainer\.quotaManagementIndicator$,1,ChargingDataRequest (LBO/PDU-session applicability projection).multipleUnitUsage.usedUnitContainer.quotaManagementIndicator,FIELD_AND_RELATION,T4N-R10,V-SMF,"Sem,Comp,Uniq",DIRECT,P3,EXPECTED_UNSUP_CURRENT_GY_TESTBED,STD,"3GPP TS 32.291 V17.14.0 §5.2.2.2–5.2.2.4, §6.1.6.2 and Annex A; TS 32.255 V17.14.0; TS 29.571 V17.12.0",HTTP method/path/resource ID; raw JSON and parsed CHF object; SMF local accumulator; accepted PFCP usage; CHF rating/account/balance/CDR; invocation sequence/replay state; baseline/attack logs,W1_UL_ONLY
T4N-A36,T4-Nchf,Nchf_ConvergedCharging Create / Update / Release — ChargingDataRequest,Multihomed PDU-address substitution,ChargingDataRequest \(LBO/PDU-session applicability projection\)\.multipleUnitUsage\.multihomedPDUAddress\.,7,ChargingDataRequest (LBO/PDU-session applicability projection).multipleUnitUsage.multihomedPDUAddress.pduIPv4Address | ChargingDataRequest (LBO/PDU-session applicability projection).multipleUnitUsage.multihomedPDUAddress.pduIPv6AddresswithPrefix | ChargingDataRequest (LBO/PDU-session applicability projection).multipleUnitUsage.multihomedPDUAddress.pduAddressprefixlength | ChargingDataRequest (LBO/PDU-session applicability projection).multipleUnitUsage.multihomedPDUAddress.iPv4dynamicAddressFlag | ChargingDataRequest (LBO/PDU-session applicability projection).multipleUnitUsage.multihomedPDUAddress.iPv6dynamicPrefixFlag | ChargingDataRequest (LBO/PDU-session applicability projection).multipleUnitUsage.multihomedPDUAddress.addIpv6AddrPrefixes | ChargingDataRequest (LBO/PDU-session applicability projection).multipleUnitUsage.multihomedPDUAddress.addIpv6AddrPrefixList,FIELD_AND_RELATION,T4N-R14 | T4N-R19,V-SMF,"Attr,Ctx,Uniq",CONDITIONAL,P3,EXPECTED_UNSUP_CURRENT_GY_TESTBED,STD,"3GPP TS 32.291 V17.14.0 §5.2.2.2–5.2.2.4, §6.1.6.2 and Annex A; TS 32.255 V17.14.0; TS 29.571 V17.12.0",HTTP method/path/resource ID; raw JSON and parsed CHF object; SMF local accumulator; accepted PFCP usage; CHF rating/account/balance/CDR; invocation sequence/replay state; baseline/attack logs,W5_TWO_SUBSCRIBERS
T4N-A37,T4-Nchf,Nchf_ConvergedCharging Create / Update / Release — ChargingDataRequest,Duplicate multipleQFIcontainer,ChargingDataRequest \(LBO/PDU-session applicability projection\)\.roamingQBCInformation\.multipleQFIcontainer\.,214,ChargingDataRequest (LBO/PDU-session applicability projection).roamingQBCInformation.multipleQFIcontainer.triggers.triggerType | ChargingDataRequest (LBO/PDU-session applicability projection).roamingQBCInformation.multipleQFIcontainer.triggers.triggerCategory | ChargingDataRequest (LBO/PDU-session applicability projection).roamingQBCInformation.multipleQFIcontainer.triggers.timeLimit | ChargingDataRequest (LBO/PDU-session applicability projection).roamingQBCInformation.multipleQFIcontainer.triggers.volumeLimit | ChargingDataRequest (LBO/PDU-session applicability projection).roamingQBCInformation.multipleQFIcontainer.triggers.volumeLimit64 | ChargingDataRequest (LBO/PDU-session applicability projection).roamingQBCInformation.multipleQFIcontainer.triggers.eventLimit | ChargingDataRequest (LBO/PDU-session applicability projection).roamingQBCInformation.multipleQFIcontainer.triggers.maxNumberOfccc | ChargingDataRequest (LBO/PDU-session applicability projection).roamingQBCInformation.multipleQFIcontainer.triggers.tariffTimeChange,FIELD_AND_RELATION,T4N-R11 | T4N-R20,V-SMF,Uniq,DIRECT,P3,EXPECTED_UNSUP_CURRENT_GY_TESTBED,STD,"3GPP TS 32.291 V17.14.0 §5.2.2.2–5.2.2.4, §6.1.6.2 and Annex A; TS 32.255 V17.14.0; TS 29.571 V17.12.0",HTTP method/path/resource ID; raw JSON and parsed CHF object; SMF local accumulator; accepted PFCP usage; CHF rating/account/balance/CDR; invocation sequence/replay state; baseline/attack logs,W4_TWO_ACCOUNTING_BOUNDARIES
T4N-A38,T4-Nchf,Nchf_ConvergedCharging Create / Update / Release — ChargingDataRequest,QFI substitution or collision,ChargingDataRequest \(LBO/PDU-session applicability projection\)\.roamingQBCInformation\.multipleQFIcontainer\.qFIContainerInformation\.qFI$,1,ChargingDataRequest (LBO/PDU-session applicability projection).roamingQBCInformation.multipleQFIcontainer.qFIContainerInformation.qFI,FIELD_AND_RELATION,T4N-R11 | T4N-R17,V-SMF,"Ctx,Attr,Uniq",DIRECT,P3,EXPECTED_UNSUP_CURRENT_GY_TESTBED,STD,"3GPP TS 32.291 V17.14.0 §5.2.2.2–5.2.2.4, §6.1.6.2 and Annex A; TS 32.255 V17.14.0; TS 29.571 V17.12.0",HTTP method/path/resource ID; raw JSON and parsed CHF object; SMF local accumulator; accepted PFCP usage; CHF rating/account/balance/CDR; invocation sequence/replay state; baseline/attack logs,W6_DIFFERENTIATED_CONTEXT
T4N-A39,T4-Nchf,Nchf_ConvergedCharging Create / Update / Release — ChargingDataRequest,QFI-level volume inflation or suppression,ChargingDataRequest \(LBO/PDU-session applicability projection\)\.roamingQBCInformation\.multipleQFIcontainer\.(totalVolume|uplinkVolume|downlinkVolume)$,3,ChargingDataRequest (LBO/PDU-session applicability projection).roamingQBCInformation.multipleQFIcontainer.totalVolume | ChargingDataRequest (LBO/PDU-session applicability projection).roamingQBCInformation.multipleQFIcontainer.uplinkVolume | ChargingDataRequest (LBO/PDU-session applicability projection).roamingQBCInformation.multipleQFIcontainer.downlinkVolume,FIELD_AND_RELATION,T4N-R06 | T4N-R11,V-SMF,"Acc,Comp,Deriv",DIRECT,P3,EXPECTED_UNSUP_CURRENT_GY_TESTBED,STD,"3GPP TS 32.291 V17.14.0 §5.2.2.2–5.2.2.4, §6.1.6.2 and Annex A; TS 32.255 V17.14.0; TS 29.571 V17.12.0",HTTP method/path/resource ID; raw JSON and parsed CHF object; SMF local accumulator; accepted PFCP usage; CHF rating/account/balance/CDR; invocation sequence/replay state; baseline/attack logs,W1_UL_ONLY
T4N-A40,T4-Nchf,Nchf_ConvergedCharging Create / Update / Release — ChargingDataRequest,QFI-level volume arithmetic or direction inconsistency,ChargingDataRequest \(LBO/PDU-session applicability projection\)\.roamingQBCInformation\.multipleQFIcontainer\.(totalVolume|uplinkVolume|downlinkVolume)$,3,ChargingDataRequest (LBO/PDU-session applicability projection).roamingQBCInformation.multipleQFIcontainer.totalVolume | ChargingDataRequest (LBO/PDU-session applicability projection).roamingQBCInformation.multipleQFIcontainer.uplinkVolume | ChargingDataRequest (LBO/PDU-session applicability projection).roamingQBCInformation.multipleQFIcontainer.downlinkVolume,FIELD_AND_RELATION,T4N-R06 | T4N-R11,V-SMF,"Sem,Acc,Ctx",STRUCTURAL,P3,EXPECTED_UNSUP_CURRENT_GY_TESTBED,STD,"3GPP TS 32.291 V17.14.0 §5.2.2.2–5.2.2.4, §6.1.6.2 and Annex A; TS 32.255 V17.14.0; TS 29.571 V17.12.0",HTTP method/path/resource ID; raw JSON and parsed CHF object; SMF local accumulator; accepted PFCP usage; CHF rating/account/balance/CDR; invocation sequence/replay state; baseline/attack logs,W6_DIFFERENTIATED_CONTEXT
T4N-A41,T4-Nchf,Nchf_ConvergedCharging Create / Update / Release — ChargingDataRequest,QFI local-sequence replay or equivocation,ChargingDataRequest \(LBO/PDU-session applicability projection\)\.roamingQBCInformation\.multipleQFIcontainer\.localSequenceNumber$,1,ChargingDataRequest (LBO/PDU-session applicability projection).roamingQBCInformation.multipleQFIcontainer.localSequenceNumber,FIELD_AND_RELATION,T4N-R08 | T4N-R11,V-SMF,"Fresh,Uniq,Sem",DIRECT,P3,EXPECTED_UNSUP_CURRENT_GY_TESTBED,STD,"3GPP TS 32.291 V17.14.0 §5.2.2.2–5.2.2.4, §6.1.6.2 and Annex A; TS 32.255 V17.14.0; TS 29.571 V17.12.0",HTTP method/path/resource ID; raw JSON and parsed CHF object; SMF local accumulator; accepted PFCP usage; CHF rating/account/balance/CDR; invocation sequence/replay state; baseline/attack logs,W4_TWO_ACCOUNTING_BOUNDARIES
T4N-A42,T4-Nchf,Nchf_ConvergedCharging Create / Update / Release — ChargingDataRequest,QFI report/first/last usage time shift,ChargingDataRequest \(LBO/PDU-session applicability projection\)\.roamingQBCInformation\.multipleQFIcontainer\.qFIContainerInformation\.(reportTime|timeofFirstUsage|timeofLastUsage)$,3,ChargingDataRequest (LBO/PDU-session applicability projection).roamingQBCInformation.multipleQFIcontainer.qFIContainerInformation.reportTime | ChargingDataRequest (LBO/PDU-session applicability projection).roamingQBCInformation.multipleQFIcontainer.qFIContainerInformation.timeofFirstUsage | ChargingDataRequest (LBO/PDU-session applicability projection).roamingQBCInformation.multipleQFIcontainer.qFIContainerInformation.timeofLastUsage,FIELD_AND_RELATION,T4N-R13,V-SMF,"Ctx,Fresh,Acc",CONDITIONAL,P3,EXPECTED_UNSUP_CURRENT_GY_TESTBED,STD,"3GPP TS 32.291 V17.14.0 §5.2.2.2–5.2.2.4, §6.1.6.2 and Annex A; TS 32.255 V17.14.0; TS 29.571 V17.12.0",HTTP method/path/resource ID; raw JSON and parsed CHF object; SMF local accumulator; accepted PFCP usage; CHF rating/account/balance/CDR; invocation sequence/replay state; baseline/attack logs,W6_DIFFERENTIATED_CONTEXT
T4N-A43,T4-Nchf,Nchf_ConvergedCharging Create / Update / Release — ChargingDataRequest,QFI 5QI/QoS context substitution,ChargingDataRequest \(LBO/PDU-session applicability projection\)\.roamingQBCInformation\.multipleQFIcontainer\.qFIContainerInformation\.(qoSInformation|qoSCharacteristics)\.,30,ChargingDataRequest (LBO/PDU-session applicability projection).roamingQBCInformation.multipleQFIcontainer.qFIContainerInformation.qoSInformation.qosId | ChargingDataRequest (LBO/PDU-session applicability projection).roamingQBCInformation.multipleQFIcontainer.qFIContainerInformation.qoSInformation.5qi | ChargingDataRequest (LBO/PDU-session applicability projection).roamingQBCInformation.multipleQFIcontainer.qFIContainerInformation.qoSInformation.maxbrUl | ChargingDataRequest (LBO/PDU-session applicability projection).roamingQBCInformation.multipleQFIcontainer.qFIContainerInformation.qoSInformation.maxbrDl | ChargingDataRequest (LBO/PDU-session applicability projection).roamingQBCInformation.multipleQFIcontainer.qFIContainerInformation.qoSInformation.gbrUl | ChargingDataRequest (LBO/PDU-session applicability projection).roamingQBCInformation.multipleQFIcontainer.qFIContainerInformation.qoSInformation.gbrDl | ChargingDataRequest (LBO/PDU-session applicability projection).roamingQBCInformation.multipleQFIcontainer.qFIContainerInformation.qoSInformation.arp.priorityLevel | ChargingDataRequest (LBO/PDU-session applicability projection).roamingQBCInformation.multipleQFIcontainer.qFIContainerInformation.qoSInformation.arp.preemptCap,FIELD_AND_RELATION,T4N-R11 | T4N-R17,V-SMF,"Ctx,Deriv",CONDITIONAL,P3,EXPECTED_UNSUP_CURRENT_GY_TESTBED,STD,"3GPP TS 32.291 V17.14.0 §5.2.2.2–5.2.2.4, §6.1.6.2 and Annex A; TS 32.255 V17.14.0; TS 29.571 V17.12.0",HTTP method/path/resource ID; raw JSON and parsed CHF object; SMF local accumulator; accepted PFCP usage; CHF rating/account/balance/CDR; invocation sequence/replay state; baseline/attack logs,W6_DIFFERENTIATED_CONTEXT
T4N-A44,T4-Nchf,Nchf_ConvergedCharging Create / Update / Release — ChargingDataRequest,Conflicting QFI QoS copies,ChargingDataRequest \(LBO/PDU-session applicability projection\)\.roamingQBCInformation\.multipleQFIcontainer\.qFIContainerInformation\.(qoSInformation|qoSCharacteristics)\.,30,ChargingDataRequest (LBO/PDU-session applicability projection).roamingQBCInformation.multipleQFIcontainer.qFIContainerInformation.qoSInformation.qosId | ChargingDataRequest (LBO/PDU-session applicability projection).roamingQBCInformation.multipleQFIcontainer.qFIContainerInformation.qoSInformation.5qi | ChargingDataRequest (LBO/PDU-session applicability projection).roamingQBCInformation.multipleQFIcontainer.qFIContainerInformation.qoSInformation.maxbrUl | ChargingDataRequest (LBO/PDU-session applicability projection).roamingQBCInformation.multipleQFIcontainer.qFIContainerInformation.qoSInformation.maxbrDl | ChargingDataRequest (LBO/PDU-session applicability projection).roamingQBCInformation.multipleQFIcontainer.qFIContainerInformation.qoSInformation.gbrUl | ChargingDataRequest (LBO/PDU-session applicability projection).roamingQBCInformation.multipleQFIcontainer.qFIContainerInformation.qoSInformation.gbrDl | ChargingDataRequest (LBO/PDU-session applicability projection).roamingQBCInformation.multipleQFIcontainer.qFIContainerInformation.qoSInformation.arp.priorityLevel | ChargingDataRequest (LBO/PDU-session applicability projection).roamingQBCInformation.multipleQFIcontainer.qFIContainerInformation.qoSInformation.arp.preemptCap,FIELD_AND_RELATION,T4N-R17 | T4N-R21,V-SMF,"Sem,Ctx,Deriv",STRUCTURAL,P3,EXPECTED_UNSUP_CURRENT_GY_TESTBED,STD,"3GPP TS 32.291 V17.14.0 §5.2.2.2–5.2.2.4, §6.1.6.2 and Annex A; TS 32.255 V17.14.0; TS 29.571 V17.12.0",HTTP method/path/resource ID; raw JSON and parsed CHF object; SMF local accumulator; accepted PFCP usage; CHF rating/account/balance/CDR; invocation sequence/replay state; baseline/attack logs,W6_DIFFERENTIATED_CONTEXT
T4N-A45,T4-Nchf,Nchf_ConvergedCharging Create / Update / Release — ChargingDataRequest,QFI 3GPP charging-ID substitution,ChargingDataRequest \(LBO/PDU-session applicability projection\)\.roamingQBCInformation\.multipleQFIcontainer\.qFIContainerInformation\.3gppChargingId$,1,ChargingDataRequest (LBO/PDU-session applicability projection).roamingQBCInformation.multipleQFIcontainer.qFIContainerInformation.3gppChargingId,FIELD_AND_RELATION,T4N-R11 | T4N-R24,V-SMF,"Attr,Ctx,Uniq",DIRECT,P3,EXPECTED_UNSUP_CURRENT_GY_TESTBED,STD,"3GPP TS 32.291 V17.14.0 §5.2.2.2–5.2.2.4, §6.1.6.2 and Annex A; TS 32.255 V17.14.0; TS 29.571 V17.12.0",HTTP method/path/resource ID; raw JSON and parsed CHF object; SMF local accumulator; accepted PFCP usage; CHF rating/account/balance/CDR; invocation sequence/replay state; baseline/attack logs,W1_UL_ONLY
T4N-A46,T4-Nchf,Nchf_ConvergedCharging Create / Update / Release — ChargingDataRequest,Roaming-charging-profile trigger substitution,ChargingDataRequest \(LBO/PDU-session applicability projection\)\.roamingQBCInformation\.roamingChargingProfile\.triggers\.,8,ChargingDataRequest (LBO/PDU-session applicability projection).roamingQBCInformation.roamingChargingProfile.triggers.triggerType | ChargingDataRequest (LBO/PDU-session applicability projection).roamingQBCInformation.roamingChargingProfile.triggers.triggerCategory | ChargingDataRequest (LBO/PDU-session applicability projection).roamingQBCInformation.roamingChargingProfile.triggers.timeLimit | ChargingDataRequest (LBO/PDU-session applicability projection).roamingQBCInformation.roamingChargingProfile.triggers.volumeLimit | ChargingDataRequest (LBO/PDU-session applicability projection).roamingQBCInformation.roamingChargingProfile.triggers.volumeLimit64 | ChargingDataRequest (LBO/PDU-session applicability projection).roamingQBCInformation.roamingChargingProfile.triggers.eventLimit | ChargingDataRequest (LBO/PDU-session applicability projection).roamingQBCInformation.roamingChargingProfile.triggers.maxNumberOfccc | ChargingDataRequest (LBO/PDU-session applicability projection).roamingQBCInformation.roamingChargingProfile.triggers.tariffTimeChange,FIELD_AND_RELATION,T4N-R12,V-SMF,"Auth,Ctx,Comp,Uniq",DIRECT,P3,EXPECTED_UNSUP_CURRENT_GY_TESTBED,STD,"3GPP TS 32.291 V17.14.0 §5.2.2.2–5.2.2.4, §6.1.6.2 and Annex A; TS 32.255 V17.14.0; TS 29.571 V17.12.0",HTTP method/path/resource ID; raw JSON and parsed CHF object; SMF local accumulator; accepted PFCP usage; CHF rating/account/balance/CDR; invocation sequence/replay state; baseline/attack logs,W7_TIME_BOUNDARY
T4N-A47,T4-Nchf,Nchf_ConvergedCharging Create / Update / Release — ChargingDataRequest,Partial-record-method substitution,ChargingDataRequest \(LBO/PDU-session applicability projection\)\.roamingQBCInformation\.roamingChargingProfile\.partialRecordMethod$,1,ChargingDataRequest (LBO/PDU-session applicability projection).roamingQBCInformation.roamingChargingProfile.partialRecordMethod,FIELD_AND_RELATION,T4N-R12,V-SMF,"Sem,Comp,Uniq",DIRECT,P3,EXPECTED_UNSUP_CURRENT_GY_TESTBED,STD,"3GPP TS 32.291 V17.14.0 §5.2.2.2–5.2.2.4, §6.1.6.2 and Annex A; TS 32.255 V17.14.0; TS 29.571 V17.12.0",HTTP method/path/resource ID; raw JSON and parsed CHF object; SMF local accumulator; accepted PFCP usage; CHF rating/account/balance/CDR; invocation sequence/replay state; baseline/attack logs,W6_DIFFERENTIATED_CONTEXT
T4N-A48,T4-Nchf,Nchf_ConvergedCharging Create / Update / Release — ChargingDataRequest,PDU-session-ID substitution,ChargingDataRequest \(LBO/PDU-session applicability projection\)\.pDUSessionChargingInformation\.pduSessionInformation\.pduSessionID$,1,ChargingDataRequest (LBO/PDU-session applicability projection).pDUSessionChargingInformation.pduSessionInformation.pduSessionID,FIELD_AND_RELATION,T4N-R01 | T4N-R14,V-SMF,"Ctx,Attr",DIRECT,P3,EXPECTED_UNSUP_CURRENT_GY_TESTBED,STD,"3GPP TS 32.291 V17.14.0 §5.2.2.2–5.2.2.4, §6.1.6.2 and Annex A; TS 32.255 V17.14.0; TS 29.571 V17.12.0",HTTP method/path/resource ID; raw JSON and parsed CHF object; SMF local accumulator; accepted PFCP usage; CHF rating/account/balance/CDR; invocation sequence/replay state; baseline/attack logs,W5_TWO_SUBSCRIBERS
T4N-A49,T4-Nchf,Nchf_ConvergedCharging Create / Update / Release — ChargingDataRequest,DNN/S-NSSAI charging-context substitution,ChargingDataRequest \(LBO/PDU-session applicability projection\)\.pDUSessionChargingInformation\.pduSessionInformation\.(dnnId|networkSlicingInfo\.|hPlmnId\.) | ChargingDataRequest \(LBO/PDU-session applicability projection\)\.pDUSessionChargingInformation\.pduSessionInformation\.dnnSelectionMode$,6,ChargingDataRequest (LBO/PDU-session applicability projection).pDUSessionChargingInformation.pduSessionInformation.networkSlicingInfo.sNSSAI.sst | ChargingDataRequest (LBO/PDU-session applicability projection).pDUSessionChargingInformation.pduSessionInformation.networkSlicingInfo.sNSSAI.sd | ChargingDataRequest (LBO/PDU-session applicability projection).pDUSessionChargingInformation.pduSessionInformation.hPlmnId.mcc | ChargingDataRequest (LBO/PDU-session applicability projection).pDUSessionChargingInformation.pduSessionInformation.hPlmnId.mnc | ChargingDataRequest (LBO/PDU-session applicability projection).pDUSessionChargingInformation.pduSessionInformation.dnnId | ChargingDataRequest (LBO/PDU-session applicability projection).pDUSessionChargingInformation.pduSessionInformation.dnnSelectionMode,FIELD_AND_RELATION,T4N-R14,V-SMF,"Ctx,Attr",CONDITIONAL,P3,EXPECTED_UNSUP_CURRENT_GY_TESTBED,STD,"3GPP TS 32.291 V17.14.0 §5.2.2.2–5.2.2.4, §6.1.6.2 and Annex A; TS 32.255 V17.14.0; TS 29.571 V17.12.0",HTTP method/path/resource ID; raw JSON and parsed CHF object; SMF local accumulator; accepted PFCP usage; CHF rating/account/balance/CDR; invocation sequence/replay state; baseline/attack logs,W6_DIFFERENTIATED_CONTEXT
T4N-A50,T4-Nchf,Nchf_ConvergedCharging Create / Update / Release — ChargingDataRequest,PDU address/type/SSC-mode substitution,ChargingDataRequest \(LBO/PDU-session applicability projection\)\.pDUSessionChargingInformation\.pduSessionInformation\.(pduAddress\.|pduType|sscMode|mAPDUSessionInformation\.),13,ChargingDataRequest (LBO/PDU-session applicability projection).pDUSessionChargingInformation.pduSessionInformation.pduType | ChargingDataRequest (LBO/PDU-session applicability projection).pDUSessionChargingInformation.pduSessionInformation.sscMode | ChargingDataRequest (LBO/PDU-session applicability projection).pDUSessionChargingInformation.pduSessionInformation.pduAddress.pduIPv4Address | ChargingDataRequest (LBO/PDU-session applicability projection).pDUSessionChargingInformation.pduSessionInformation.pduAddress.pduIPv6AddresswithPrefix | ChargingDataRequest (LBO/PDU-session applicability projection).pDUSessionChargingInformation.pduSessionInformation.pduAddress.pduAddressprefixlength | ChargingDataRequest (LBO/PDU-session applicability projection).pDUSessionChargingInformation.pduSessionInformation.pduAddress.iPv4dynamicAddressFlag | ChargingDataRequest (LBO/PDU-session applicability projection).pDUSessionChargingInformation.pduSessionInformation.pduAddress.iPv6dynamicPrefixFlag | ChargingDataRequest (LBO/PDU-session applicability projection).pDUSessionChargingInformation.pduSessionInformation.pduAddress.addIpv6AddrPrefixes,FIELD_AND_RELATION,T4N-R14 | T4N-R19,V-SMF,"Ctx,Attr,Uniq",CONDITIONAL,P3,EXPECTED_UNSUP_CURRENT_GY_TESTBED,STD,"3GPP TS 32.291 V17.14.0 §5.2.2.2–5.2.2.4, §6.1.6.2 and Annex A; TS 32.255 V17.14.0; TS 29.571 V17.12.0",HTTP method/path/resource ID; raw JSON and parsed CHF object; SMF local accumulator; accepted PFCP usage; CHF rating/account/balance/CDR; invocation sequence/replay state; baseline/attack logs,W6_DIFFERENTIATED_CONTEXT
T4N-A51,T4-Nchf,Nchf_ConvergedCharging Create / Update / Release — ChargingDataRequest,Charging-characteristics substitution,ChargingDataRequest \(LBO/PDU-session applicability projection\)\.pDUSessionChargingInformation\.pduSessionInformation\.(chargingCharacteristics|chargingCharacteristicsSelectionMode)$,2,ChargingDataRequest (LBO/PDU-session applicability projection).pDUSessionChargingInformation.pduSessionInformation.chargingCharacteristics | ChargingDataRequest (LBO/PDU-session applicability projection).pDUSessionChargingInformation.pduSessionInformation.chargingCharacteristicsSelectionMode,FIELD_AND_RELATION,T4N-R14,V-SMF,"Ctx,Auth",DIRECT,P3,EXPECTED_UNSUP_CURRENT_GY_TESTBED,STD,"3GPP TS 32.291 V17.14.0 §5.2.2.2–5.2.2.4, §6.1.6.2 and Annex A; TS 32.255 V17.14.0; TS 29.571 V17.12.0",HTTP method/path/resource ID; raw JSON and parsed CHF object; SMF local accumulator; accepted PFCP usage; CHF rating/account/balance/CDR; invocation sequence/replay state; baseline/attack logs,W6_DIFFERENTIATED_CONTEXT
T4N-A52,T4-Nchf,Nchf_ConvergedCharging Create / Update / Release — ChargingDataRequest,"RAT, serving-PLMN, or serving-NF substitution",ChargingDataRequest \(LBO/PDU-session applicability projection\)\.pDUSessionChargingInformation\.pduSessionInformation\.(ratType|mAPDUNon3GPPRATType|servingCNPlmnId\.|servingNetworkFunctionID\.) | ChargingDataRequest \(LBO/PDU-session applicability projection\)\.(multipleUnitUsage\.usedUnitContainer\.pDUContainerInformation\.servingNodeID|roamingQBCInformation\.multipleQFIcontainer\.qFIContainerInformation\.servingNetworkFunctionID)\.,28,ChargingDataRequest (LBO/PDU-session applicability projection).pDUSessionChargingInformation.pduSessionInformation.servingNetworkFunctionID.servingNetworkFunctionInformation.nFName | ChargingDataRequest (LBO/PDU-session applicability projection).pDUSessionChargingInformation.pduSessionInformation.servingNetworkFunctionID.servingNetworkFunctionInformation.nFIPv4Address | ChargingDataRequest (LBO/PDU-session applicability projection).pDUSessionChargingInformation.pduSessionInformation.servingNetworkFunctionID.servingNetworkFunctionInformation.nFIPv6Address | ChargingDataRequest (LBO/PDU-session applicability projection).pDUSessionChargingInformation.pduSessionInformation.servingNetworkFunctionID.servingNetworkFunctionInformation.nFPLMNID.mcc | ChargingDataRequest (LBO/PDU-session applicability projection).pDUSessionChargingInformation.pduSessionInformation.servingNetworkFunctionID.servingNetworkFunctionInformation.nFPLMNID.mnc | ChargingDataRequest (LBO/PDU-session applicability projection).pDUSessionChargingInformation.pduSessionInformation.servingNetworkFunctionID.servingNetworkFunctionInformation.nodeFunctionality | ChargingDataRequest (LBO/PDU-session applicability projection).pDUSessionChargingInformation.pduSessionInformation.servingNetworkFunctionID.servingNetworkFunctionInformation.nFFqdn | ChargingDataRequest (LBO/PDU-session applicability projection).pDUSessionChargingInformation.pduSessionInformation.servingNetworkFunctionID.aMFId,FIELD_AND_RELATION,T4N-R04 | T4N-R14,V-SMF,"Ctx,Attr",CONDITIONAL,P3,EXPECTED_UNSUP_CURRENT_GY_TESTBED,STD,"3GPP TS 32.291 V17.14.0 §5.2.2.2–5.2.2.4, §6.1.6.2 and Annex A; TS 32.255 V17.14.0; TS 29.571 V17.12.0",HTTP method/path/resource ID; raw JSON and parsed CHF object; SMF local accumulator; accepted PFCP usage; CHF rating/account/balance/CDR; invocation sequence/replay state; baseline/attack logs,W6_DIFFERENTIATED_CONTEXT
T4N-A53,T4-Nchf,Nchf_ConvergedCharging Create / Update / Release — ChargingDataRequest,User GPSI/PEI attribution substitution,ChargingDataRequest \(LBO/PDU-session applicability projection\)\.pDUSessionChargingInformation\.userInformation\.(servedGPSI|servedPEI)$,2,ChargingDataRequest (LBO/PDU-session applicability projection).pDUSessionChargingInformation.userInformation.servedGPSI | ChargingDataRequest (LBO/PDU-session applicability projection).pDUSessionChargingInformation.userInformation.servedPEI,FIELD_AND_RELATION,T4N-R15,V-SMF,"Attr,Ctx",DIRECT,P3,EXPECTED_UNSUP_CURRENT_GY_TESTBED,STD,"3GPP TS 32.291 V17.14.0 §5.2.2.2–5.2.2.4, §6.1.6.2 and Annex A; TS 32.255 V17.14.0; TS 29.571 V17.12.0",HTTP method/path/resource ID; raw JSON and parsed CHF object; SMF local accumulator; accepted PFCP usage; CHF rating/account/balance/CDR; invocation sequence/replay state; baseline/attack logs,W5_TWO_SUBSCRIBERS
T4N-A54,T4-Nchf,Nchf_ConvergedCharging Create / Update / Release — ChargingDataRequest,Unauthenticated/roamer-state substitution,ChargingDataRequest \(LBO/PDU-session applicability projection\)\.pDUSessionChargingInformation\.userInformation\.(unauthenticatedFlag|roamerInOut)$,2,ChargingDataRequest (LBO/PDU-session applicability projection).pDUSessionChargingInformation.userInformation.unauthenticatedFlag | ChargingDataRequest (LBO/PDU-session applicability projection).pDUSessionChargingInformation.userInformation.roamerInOut,FIELD_AND_RELATION,T4N-R15,V-SMF,"Ctx,Auth,Attr",CONDITIONAL,P3,EXPECTED_UNSUP_CURRENT_GY_TESTBED,STD,"3GPP TS 32.291 V17.14.0 §5.2.2.2–5.2.2.4, §6.1.6.2 and Annex A; TS 32.255 V17.14.0; TS 29.571 V17.12.0",HTTP method/path/resource ID; raw JSON and parsed CHF object; SMF local accumulator; accepted PFCP usage; CHF rating/account/balance/CDR; invocation sequence/replay state; baseline/attack logs,W6_DIFFERENTIATED_CONTEXT
T4N-A55,T4-Nchf,Nchf_ConvergedCharging Create / Update / Release — ChargingDataRequest,User-location tariff-zone substitution,ChargingDataRequest \(LBO/PDU-session applicability projection\)\.(pDUSessionChargingInformation\.(userLocationinfo|mAPDUNon3GPPUserLocationInfo)|multipleUnitUsage\.usedUnitContainer\.pDUContainerInformation\.userLocationInformation|roamingQBCInformation\.multipleQFIcontainer\.qFIContainerInformation\.userLocationInformation)\.,468,ChargingDataRequest (LBO/PDU-session applicability projection).pDUSessionChargingInformation.userLocationinfo.eutraLocation.tai.plmnId.mcc | ChargingDataRequest (LBO/PDU-session applicability projection).pDUSessionChargingInformation.userLocationinfo.eutraLocation.tai.plmnId.mnc | ChargingDataRequest (LBO/PDU-session applicability projection).pDUSessionChargingInformation.userLocationinfo.eutraLocation.tai.tac | ChargingDataRequest (LBO/PDU-session applicability projection).pDUSessionChargingInformation.userLocationinfo.eutraLocation.tai.nid | ChargingDataRequest (LBO/PDU-session applicability projection).pDUSessionChargingInformation.userLocationinfo.eutraLocation.ignoreTai | ChargingDataRequest (LBO/PDU-session applicability projection).pDUSessionChargingInformation.userLocationinfo.eutraLocation.ecgi.plmnId.mcc | ChargingDataRequest (LBO/PDU-session applicability projection).pDUSessionChargingInformation.userLocationinfo.eutraLocation.ecgi.plmnId.mnc | ChargingDataRequest (LBO/PDU-session applicability projection).pDUSessionChargingInformation.userLocationinfo.eutraLocation.ecgi.eutraCellId,FIELD_AND_RELATION,T4N-R16,V-SMF,"Ctx,Attr",CONDITIONAL,P3,EXPECTED_UNSUP_CURRENT_GY_TESTBED,STD,"3GPP TS 32.291 V17.14.0 §5.2.2.2–5.2.2.4, §6.1.6.2 and Annex A; TS 32.255 V17.14.0; TS 29.571 V17.12.0",HTTP method/path/resource ID; raw JSON and parsed CHF object; SMF local accumulator; accepted PFCP usage; CHF rating/account/balance/CDR; invocation sequence/replay state; baseline/attack logs,W6_DIFFERENTIATED_CONTEXT
T4N-A56,T4-Nchf,Nchf_ConvergedCharging Create / Update / Release — ChargingDataRequest,Stale or forged location age/timestamp,ChargingDataRequest \(LBO/PDU-session applicability projection\)\..*(ageOfLocationInformation|ueLocationTimestamp|non3GPPUserLocationTime|mAPDUNon3GPPUserLocationTime)$,34,ChargingDataRequest (LBO/PDU-session applicability projection).pDUSessionChargingInformation.userLocationinfo.eutraLocation.ageOfLocationInformation | ChargingDataRequest (LBO/PDU-session applicability projection).pDUSessionChargingInformation.userLocationinfo.eutraLocation.ueLocationTimestamp | ChargingDataRequest (LBO/PDU-session applicability projection).pDUSessionChargingInformation.userLocationinfo.nrLocation.ageOfLocationInformation | ChargingDataRequest (LBO/PDU-session applicability projection).pDUSessionChargingInformation.userLocationinfo.nrLocation.ueLocationTimestamp | ChargingDataRequest (LBO/PDU-session applicability projection).pDUSessionChargingInformation.userLocationinfo.utraLocation.ageOfLocationInformation | ChargingDataRequest (LBO/PDU-session applicability projection).pDUSessionChargingInformation.userLocationinfo.utraLocation.ueLocationTimestamp | ChargingDataRequest (LBO/PDU-session applicability projection).pDUSessionChargingInformation.userLocationinfo.geraLocation.ageOfLocationInformation | ChargingDataRequest (LBO/PDU-session applicability projection).pDUSessionChargingInformation.userLocationinfo.geraLocation.ueLocationTimestamp,FIELD_AND_RELATION,T4N-R16,V-SMF,"Fresh,Ctx",CONDITIONAL,P3,EXPECTED_UNSUP_CURRENT_GY_TESTBED,STD,"3GPP TS 32.291 V17.14.0 §5.2.2.2–5.2.2.4, §6.1.6.2 and Annex A; TS 32.255 V17.14.0; TS 29.571 V17.12.0",HTTP method/path/resource ID; raw JSON and parsed CHF object; SMF local accumulator; accepted PFCP usage; CHF rating/account/balance/CDR; invocation sequence/replay state; baseline/attack logs,W6_DIFFERENTIATED_CONTEXT
T4N-A57,T4-Nchf,Nchf_ConvergedCharging Create / Update / Release — ChargingDataRequest,Presence-reporting-area substitution,ChargingDataRequest \(LBO/PDU-session applicability projection\)\..*presenceReportingAreaInformation\.,105,ChargingDataRequest (LBO/PDU-session applicability projection).pDUSessionChargingInformation.presenceReportingAreaInformation.praId | ChargingDataRequest (LBO/PDU-session applicability projection).pDUSessionChargingInformation.presenceReportingAreaInformation.additionalPraId | ChargingDataRequest (LBO/PDU-session applicability projection).pDUSessionChargingInformation.presenceReportingAreaInformation.presenceState | ChargingDataRequest (LBO/PDU-session applicability projection).pDUSessionChargingInformation.presenceReportingAreaInformation.trackingAreaList.plmnId.mcc | ChargingDataRequest (LBO/PDU-session applicability projection).pDUSessionChargingInformation.presenceReportingAreaInformation.trackingAreaList.plmnId.mnc | ChargingDataRequest (LBO/PDU-session applicability projection).pDUSessionChargingInformation.presenceReportingAreaInformation.trackingAreaList.tac | ChargingDataRequest (LBO/PDU-session applicability projection).pDUSessionChargingInformation.presenceReportingAreaInformation.trackingAreaList.nid | ChargingDataRequest (LBO/PDU-session applicability projection).pDUSessionChargingInformation.presenceReportingAreaInformation.ecgiList.plmnId.mcc,FIELD_AND_RELATION,T4N-R16,V-SMF,"Ctx,Auth",CONDITIONAL,P3,EXPECTED_UNSUP_CURRENT_GY_TESTBED,STD,"3GPP TS 32.291 V17.14.0 §5.2.2.2–5.2.2.4, §6.1.6.2 and Annex A; TS 32.255 V17.14.0; TS 29.571 V17.12.0",HTTP method/path/resource ID; raw JSON and parsed CHF object; SMF local accumulator; accepted PFCP usage; CHF rating/account/balance/CDR; invocation sequence/replay state; baseline/attack logs,W6_DIFFERENTIATED_CONTEXT
T4N-A58,T4-Nchf,Nchf_ConvergedCharging Create / Update / Release — ChargingDataRequest,PDU-session start/stop-time manipulation,ChargingDataRequest \(LBO/PDU-session applicability projection\)\.pDUSessionChargingInformation\.pduSessionInformation\.(startTime|stopTime|sessionStopIndicator)$,3,ChargingDataRequest (LBO/PDU-session applicability projection).pDUSessionChargingInformation.pduSessionInformation.startTime | ChargingDataRequest (LBO/PDU-session applicability projection).pDUSessionChargingInformation.pduSessionInformation.stopTime | ChargingDataRequest (LBO/PDU-session applicability projection).pDUSessionChargingInformation.pduSessionInformation.sessionStopIndicator,FIELD_AND_RELATION,T4N-R23,V-SMF,"Acc,Comp,Uniq,Fresh",DIRECT,P3,EXPECTED_UNSUP_CURRENT_GY_TESTBED,STD,"3GPP TS 32.291 V17.14.0 §5.2.2.2–5.2.2.4, §6.1.6.2 and Annex A; TS 32.255 V17.14.0; TS 29.571 V17.12.0",HTTP method/path/resource ID; raw JSON and parsed CHF object; SMF local accumulator; accepted PFCP usage; CHF rating/account/balance/CDR; invocation sequence/replay state; baseline/attack logs,W7_TIME_BOUNDARY
T4N-A59,T4-Nchf,Nchf_ConvergedCharging Create / Update / Release — ChargingDataRequest,Usage interval overlap or gap,ChargingDataRequest \(LBO/PDU-session applicability projection\)\..*(timeofFirstUsage|timeofLastUsage|reportTime)$,5,ChargingDataRequest (LBO/PDU-session applicability projection).roamingQBCInformation.multipleQFIcontainer.qFIContainerInformation.reportTime | ChargingDataRequest (LBO/PDU-session applicability projection).roamingQBCInformation.multipleQFIcontainer.qFIContainerInformation.timeofFirstUsage | ChargingDataRequest (LBO/PDU-session applicability projection).roamingQBCInformation.multipleQFIcontainer.qFIContainerInformation.timeofLastUsage | ChargingDataRequest (LBO/PDU-session applicability projection).multipleUnitUsage.usedUnitContainer.pDUContainerInformation.timeofFirstUsage | ChargingDataRequest (LBO/PDU-session applicability projection).multipleUnitUsage.usedUnitContainer.pDUContainerInformation.timeofLastUsage,FIELD_AND_RELATION,T4N-R13 | T4N-R23,V-SMF,"Fresh,Uniq,Comp,Acc",DIRECT,P3,EXPECTED_UNSUP_CURRENT_GY_TESTBED,STD,"3GPP TS 32.291 V17.14.0 §5.2.2.2–5.2.2.4, §6.1.6.2 and Annex A; TS 32.255 V17.14.0; TS 29.571 V17.12.0",HTTP method/path/resource ID; raw JSON and parsed CHF object; SMF local accumulator; accepted PFCP usage; CHF rating/account/balance/CDR; invocation sequence/replay state; baseline/attack logs,W6_DIFFERENTIATED_CONTEXT
T4N-A60,T4-Nchf,Nchf_ConvergedCharging Create / Update / Release — ChargingDataRequest,PDU-container QoS/5QI substitution,ChargingDataRequest \(LBO/PDU-session applicability projection\)\.(multipleUnitUsage\.usedUnitContainer\.pDUContainerInformation|pDUSessionChargingInformation\.pduSessionInformation)\.(qoSInformation|authorizedQoSInformation|subscribedQoSInformation|qoSCharacteristics)\.,47,ChargingDataRequest (LBO/PDU-session applicability projection).pDUSessionChargingInformation.pduSessionInformation.authorizedQoSInformation.5qi | ChargingDataRequest (LBO/PDU-session applicability projection).pDUSessionChargingInformation.pduSessionInformation.authorizedQoSInformation.arp.priorityLevel | ChargingDataRequest (LBO/PDU-session applicability projection).pDUSessionChargingInformation.pduSessionInformation.authorizedQoSInformation.arp.preemptCap | ChargingDataRequest (LBO/PDU-session applicability projection).pDUSessionChargingInformation.pduSessionInformation.authorizedQoSInformation.arp.preemptVuln | ChargingDataRequest (LBO/PDU-session applicability projection).pDUSessionChargingInformation.pduSessionInformation.authorizedQoSInformation.priorityLevel | ChargingDataRequest (LBO/PDU-session applicability projection).pDUSessionChargingInformation.pduSessionInformation.authorizedQoSInformation.averWindow | ChargingDataRequest (LBO/PDU-session applicability projection).pDUSessionChargingInformation.pduSessionInformation.authorizedQoSInformation.maxDataBurstVol | ChargingDataRequest (LBO/PDU-session applicability projection).pDUSessionChargingInformation.pduSessionInformation.authorizedQoSInformation.maxbrUl,FIELD_AND_RELATION,T4N-R17,V-SMF,"Ctx,Deriv,Auth",CONDITIONAL,P3,EXPECTED_UNSUP_CURRENT_GY_TESTBED,STD,"3GPP TS 32.291 V17.14.0 §5.2.2.2–5.2.2.4, §6.1.6.2 and Annex A; TS 32.255 V17.14.0; TS 29.571 V17.12.0",HTTP method/path/resource ID; raw JSON and parsed CHF object; SMF local accumulator; accepted PFCP usage; CHF rating/account/balance/CDR; invocation sequence/replay state; baseline/attack logs,W6_DIFFERENTIATED_CONTEXT
T4N-A61,T4-Nchf,Nchf_ConvergedCharging Create / Update / Release — ChargingDataRequest,Authorized/subscribed QoS or AMBR inconsistency,ChargingDataRequest \(LBO/PDU-session applicability projection\)\.pDUSessionChargingInformation\.pduSessionInformation\.(authorizedQoSInformation|subscribedQoSInformation|authorizedSessionAMBR|subscribedSessionAMBR)\.,21,ChargingDataRequest (LBO/PDU-session applicability projection).pDUSessionChargingInformation.pduSessionInformation.authorizedQoSInformation.5qi | ChargingDataRequest (LBO/PDU-session applicability projection).pDUSessionChargingInformation.pduSessionInformation.authorizedQoSInformation.arp.priorityLevel | ChargingDataRequest (LBO/PDU-session applicability projection).pDUSessionChargingInformation.pduSessionInformation.authorizedQoSInformation.arp.preemptCap | ChargingDataRequest (LBO/PDU-session applicability projection).pDUSessionChargingInformation.pduSessionInformation.authorizedQoSInformation.arp.preemptVuln | ChargingDataRequest (LBO/PDU-session applicability projection).pDUSessionChargingInformation.pduSessionInformation.authorizedQoSInformation.priorityLevel | ChargingDataRequest (LBO/PDU-session applicability projection).pDUSessionChargingInformation.pduSessionInformation.authorizedQoSInformation.averWindow | ChargingDataRequest (LBO/PDU-session applicability projection).pDUSessionChargingInformation.pduSessionInformation.authorizedQoSInformation.maxDataBurstVol | ChargingDataRequest (LBO/PDU-session applicability projection).pDUSessionChargingInformation.pduSessionInformation.authorizedQoSInformation.maxbrUl,FIELD_AND_RELATION,T4N-R17 | T4N-R21,V-SMF,"Sem,Ctx,Auth",STRUCTURAL,P3,EXPECTED_UNSUP_CURRENT_GY_TESTBED,STD,"3GPP TS 32.291 V17.14.0 §5.2.2.2–5.2.2.4, §6.1.6.2 and Annex A; TS 32.255 V17.14.0; TS 29.571 V17.12.0",HTTP method/path/resource ID; raw JSON and parsed CHF object; SMF local accumulator; accepted PFCP usage; CHF rating/account/balance/CDR; invocation sequence/replay state; baseline/attack logs,W6_DIFFERENTIATED_CONTEXT
T4N-A62,T4-Nchf,Nchf_ConvergedCharging Create / Update / Release — ChargingDataRequest,"Sponsor, application-provider, or AF-ID substitution",ChargingDataRequest \(LBO/PDU-session applicability projection\)\.multipleUnitUsage\.usedUnitContainer\.pDUContainerInformation\.(sponsorIdentity|applicationserviceProviderIdentity|afChargingIdentifier|afChargingIdString|chargingRuleBaseName)$,5,ChargingDataRequest (LBO/PDU-session applicability projection).multipleUnitUsage.usedUnitContainer.pDUContainerInformation.afChargingIdentifier | ChargingDataRequest (LBO/PDU-session applicability projection).multipleUnitUsage.usedUnitContainer.pDUContainerInformation.afChargingIdString | ChargingDataRequest (LBO/PDU-session applicability projection).multipleUnitUsage.usedUnitContainer.pDUContainerInformation.sponsorIdentity | ChargingDataRequest (LBO/PDU-session applicability projection).multipleUnitUsage.usedUnitContainer.pDUContainerInformation.applicationserviceProviderIdentity | ChargingDataRequest (LBO/PDU-session applicability projection).multipleUnitUsage.usedUnitContainer.pDUContainerInformation.chargingRuleBaseName,FIELD_AND_RELATION,T4N-R18,V-SMF,"Attr,Ctx,Uniq",CONDITIONAL,P3,EXPECTED_UNSUP_CURRENT_GY_TESTBED,STD,"3GPP TS 32.291 V17.14.0 §5.2.2.2–5.2.2.4, §6.1.6.2 and Annex A; TS 32.255 V17.14.0; TS 29.571 V17.12.0",HTTP method/path/resource ID; raw JSON and parsed CHF object; SMF local accumulator; accepted PFCP usage; CHF rating/account/balance/CDR; invocation sequence/replay state; baseline/attack logs,W5_TWO_SUBSCRIBERS
T4N-A63,T4-Nchf,Nchf_ConvergedCharging Create / Update / Release — ChargingDataRequest,3GPP PS Data-Off status substitution,ChargingDataRequest \(LBO/PDU-session applicability projection\)\..*3gppPSDataOffStatus$,3,ChargingDataRequest (LBO/PDU-session applicability projection).pDUSessionChargingInformation.pduSessionInformation.3gppPSDataOffStatus | ChargingDataRequest (LBO/PDU-session applicability projection).roamingQBCInformation.multipleQFIcontainer.qFIContainerInformation.3gppPSDataOffStatus | ChargingDataRequest (LBO/PDU-session applicability projection).multipleUnitUsage.usedUnitContainer.pDUContainerInformation.3gppPSDataOffStatus,FIELD_AND_RELATION,T4N-R14,V-SMF,"Ctx,Auth,Comp",CONDITIONAL,P3,EXPECTED_UNSUP_CURRENT_GY_TESTBED,STD,"3GPP TS 32.291 V17.14.0 §5.2.2.2–5.2.2.4, §6.1.6.2 and Annex A; TS 32.255 V17.14.0; TS 29.571 V17.12.0",HTTP method/path/resource ID; raw JSON and parsed CHF object; SMF local accumulator; accepted PFCP usage; CHF rating/account/balance/CDR; invocation sequence/replay state; baseline/attack logs,W1_UL_ONLY
T4N-A64,T4-Nchf,Nchf_ConvergedCharging Create / Update / Release — ChargingDataRequest,MAPDU/multihomed path duplicate accounting,ChargingDataRequest \(LBO/PDU-session applicability projection\)\.multipleUnitUsage\.usedUnitContainer\.pDUContainerInformation\.(mAPDUSteeringFunctionality|mAPDUSteeringMode|trafficForwardingWay)$ | ChargingDataRequest \(LBO/PDU-session applicability projection\)\.pDUSessionChargingInformation\.pduSessionInformation\.mAPDUSessionInformation\.,6,ChargingDataRequest (LBO/PDU-session applicability projection).pDUSessionChargingInformation.pduSessionInformation.mAPDUSessionInformation.mAPDUSessionIndicator | ChargingDataRequest (LBO/PDU-session applicability projection).pDUSessionChargingInformation.pduSessionInformation.mAPDUSessionInformation.aTSSSCapability.atsssLL | ChargingDataRequest (LBO/PDU-session applicability projection).pDUSessionChargingInformation.pduSessionInformation.mAPDUSessionInformation.aTSSSCapability.mptcp | ChargingDataRequest (LBO/PDU-session applicability projection).pDUSessionChargingInformation.pduSessionInformation.mAPDUSessionInformation.aTSSSCapability.rttWithoutPmf | ChargingDataRequest (LBO/PDU-session applicability projection).multipleUnitUsage.usedUnitContainer.pDUContainerInformation.mAPDUSteeringFunctionality | ChargingDataRequest (LBO/PDU-session applicability projection).multipleUnitUsage.usedUnitContainer.pDUContainerInformation.trafficForwardingWay,FIELD_AND_RELATION,T4N-R19,V-SMF,"Uniq,Comp,Ctx",CONDITIONAL,P3,EXPECTED_UNSUP_CURRENT_GY_TESTBED,STD,"3GPP TS 32.291 V17.14.0 §5.2.2.2–5.2.2.4, §6.1.6.2 and Annex A; TS 32.255 V17.14.0; TS 29.571 V17.12.0",HTTP method/path/resource ID; raw JSON and parsed CHF object; SMF local accumulator; accepted PFCP usage; CHF rating/account/balance/CDR; invocation sequence/replay state; baseline/attack logs,W4_TWO_ACCOUNTING_BOUNDARIES
T4N-A65,T4-Nchf,Nchf_ConvergedCharging Create / Update / Release — ChargingDataRequest,Secondary-RAT usage duplication or substitution,ChargingDataRequest \(LBO/PDU-session applicability projection\)\.pDUSessionChargingInformation\.rANSecondaryRATUsageReport\.,6,ChargingDataRequest (LBO/PDU-session applicability projection).pDUSessionChargingInformation.rANSecondaryRATUsageReport.rANSecondaryRATType | ChargingDataRequest (LBO/PDU-session applicability projection).pDUSessionChargingInformation.rANSecondaryRATUsageReport.qosFlowsUsageReports.qFI | ChargingDataRequest (LBO/PDU-session applicability projection).pDUSessionChargingInformation.rANSecondaryRATUsageReport.qosFlowsUsageReports.startTimestamp | ChargingDataRequest (LBO/PDU-session applicability projection).pDUSessionChargingInformation.rANSecondaryRATUsageReport.qosFlowsUsageReports.endTimestamp | ChargingDataRequest (LBO/PDU-session applicability projection).pDUSessionChargingInformation.rANSecondaryRATUsageReport.qosFlowsUsageReports.uplinkVolume | ChargingDataRequest (LBO/PDU-session applicability projection).pDUSessionChargingInformation.rANSecondaryRATUsageReport.qosFlowsUsageReports.downlinkVolume,FIELD_AND_RELATION,T4N-R19,V-SMF,"Uniq,Comp,Ctx",CONDITIONAL,P3,EXPECTED_UNSUP_CURRENT_GY_TESTBED,STD,"3GPP TS 32.291 V17.14.0 §5.2.2.2–5.2.2.4, §6.1.6.2 and Annex A; TS 32.255 V17.14.0; TS 29.571 V17.12.0",HTTP method/path/resource ID; raw JSON and parsed CHF object; SMF local accumulator; accepted PFCP usage; CHF rating/account/balance/CDR; invocation sequence/replay state; baseline/attack logs,W4_TWO_ACCOUNTING_BOUNDARIES
T4N-A66,T4-Nchf,Nchf_ConvergedCharging Create / Update / Release — ChargingDataRequest,JSON duplicate-key or array-item parser differential,ChargingDataRequest \(LBO/PDU-session applicability projection\)\.,0,,RELATION_ONLY,T4N-R20 | T4N-R21,V-SMF or serializer host,"Sem,Deriv,Uniq",STRUCTURAL,P3,EXPECTED_UNSUP_CURRENT_GY_TESTBED,STD,"3GPP TS 32.291 V17.14.0 §5.2.2.2–5.2.2.4, §6.1.6.2 and Annex A; TS 32.255 V17.14.0; TS 29.571 V17.12.0",HTTP method/path/resource ID; raw JSON and parsed CHF object; SMF local accumulator; accepted PFCP usage; CHF rating/account/balance/CDR; invocation sequence/replay state; baseline/attack logs,W5_TWO_SUBSCRIBERS
T4N-A67,T4-Nchf,Nchf_ConvergedCharging Create / Update / Release — ChargingDataRequest,Null/absent/empty-array semantic confusion,ChargingDataRequest \(LBO/PDU-session applicability projection\)\.(multipleUnitUsage|roamingQBCInformation|pDUSessionChargingInformation|triggers|subscriberIdentifier|chargingId),0,,RELATION_ONLY,T4N-R20 | T4N-R21,V-SMF,"Sem,Comp,Fresh",STRUCTURAL,P3,EXPECTED_UNSUP_CURRENT_GY_TESTBED,STD,"3GPP TS 32.291 V17.14.0 §5.2.2.2–5.2.2.4, §6.1.6.2 and Annex A; TS 32.255 V17.14.0; TS 29.571 V17.12.0",HTTP method/path/resource ID; raw JSON and parsed CHF object; SMF local accumulator; accepted PFCP usage; CHF rating/account/balance/CDR; invocation sequence/replay state; baseline/attack logs,W1_UL_ONLY
T4N-A68,T4-Nchf,Nchf_ConvergedCharging Create / Update / Release — ChargingDataRequest,supportedFeatures / field-presence mismatch,ChargingDataRequest \(LBO/PDU-session applicability projection\)\.supportedFeatures$,1,ChargingDataRequest (LBO/PDU-session applicability projection).supportedFeatures,FIELD_AND_RELATION,T4N-R22,V-SMF,"Sem,Comp,Ctx",STRUCTURAL,P3,EXPECTED_UNSUP_CURRENT_GY_TESTBED,STD,"3GPP TS 32.291 V17.14.0 §5.2.2.2–5.2.2.4, §6.1.6.2 and Annex A; TS 32.255 V17.14.0; TS 29.571 V17.12.0",HTTP method/path/resource ID; raw JSON and parsed CHF object; SMF local accumulator; accepted PFCP usage; CHF rating/account/balance/CDR; invocation sequence/replay state; baseline/attack logs,W1_UL_ONLY
T4N-A69,T4-Nchf,Nchf_ConvergedCharging Create / Update / Release — ChargingDataRequest,Service-specification information substitution,ChargingDataRequest \(LBO/PDU-session applicability projection\)\.serviceSpecificationInfo$,1,ChargingDataRequest (LBO/PDU-session applicability projection).serviceSpecificationInfo,FIELD_AND_RELATION,T4N-R03 | T4N-R22,V-SMF,"Ctx,Sem",CONDITIONAL,P3,EXPECTED_UNSUP_CURRENT_GY_TESTBED,STD,"3GPP TS 32.291 V17.14.0 §5.2.2.2–5.2.2.4, §6.1.6.2 and Annex A; TS 32.255 V17.14.0; TS 29.571 V17.12.0",HTTP method/path/resource ID; raw JSON and parsed CHF object; SMF local accumulator; accepted PFCP usage; CHF rating/account/balance/CDR; invocation sequence/replay state; baseline/attack logs,W6_DIFFERENTIATED_CONTEXT
T4N-A70,T4-Nchf,Nchf_ConvergedCharging Create / Update / Release — ChargingDataRequest,Multiple location alternatives violate oneOf/anyOf,ChargingDataRequest \(LBO/PDU-session applicability projection\)\..*(userLocationinfo|userLocationInformation|mAPDUNon3GPPUserLocationInfo)\.,468,ChargingDataRequest (LBO/PDU-session applicability projection).pDUSessionChargingInformation.userLocationinfo.eutraLocation.tai.plmnId.mcc | ChargingDataRequest (LBO/PDU-session applicability projection).pDUSessionChargingInformation.userLocationinfo.eutraLocation.tai.plmnId.mnc | ChargingDataRequest (LBO/PDU-session applicability projection).pDUSessionChargingInformation.userLocationinfo.eutraLocation.tai.tac | ChargingDataRequest (LBO/PDU-session applicability projection).pDUSessionChargingInformation.userLocationinfo.eutraLocation.tai.nid | ChargingDataRequest (LBO/PDU-session applicability projection).pDUSessionChargingInformation.userLocationinfo.eutraLocation.ignoreTai | ChargingDataRequest (LBO/PDU-session applicability projection).pDUSessionChargingInformation.userLocationinfo.eutraLocation.ecgi.plmnId.mcc | ChargingDataRequest (LBO/PDU-session applicability projection).pDUSessionChargingInformation.userLocationinfo.eutraLocation.ecgi.plmnId.mnc | ChargingDataRequest (LBO/PDU-session applicability projection).pDUSessionChargingInformation.userLocationinfo.eutraLocation.ecgi.eutraCellId,FIELD_AND_RELATION,T4N-R16 | T4N-R21,V-SMF,"Sem,Ctx,Deriv",STRUCTURAL,P3,EXPECTED_UNSUP_CURRENT_GY_TESTBED,STD,"3GPP TS 32.291 V17.14.0 §5.2.2.2–5.2.2.4, §6.1.6.2 and Annex A; TS 32.255 V17.14.0; TS 29.571 V17.12.0",HTTP method/path/resource ID; raw JSON and parsed CHF object; SMF local accumulator; accepted PFCP usage; CHF rating/account/balance/CDR; invocation sequence/replay state; baseline/attack logs,W6_DIFFERENTIATED_CONTEXT
T4N-A71,T4-Nchf,Nchf_ConvergedCharging Create / Update / Release — ChargingDataRequest,Unit-count inactivity-timer manipulation,ChargingDataRequest \(LBO/PDU-session applicability projection\)\.pDUSessionChargingInformation\.unitCountInactivityTimer$,1,ChargingDataRequest (LBO/PDU-session applicability projection).pDUSessionChargingInformation.unitCountInactivityTimer,FIELD_AND_RELATION,T4N-R03 | T4N-R23,V-SMF,"Comp,Uniq,Fresh",CONDITIONAL,P3,EXPECTED_UNSUP_CURRENT_GY_TESTBED,STD,"3GPP TS 32.291 V17.14.0 §5.2.2.2–5.2.2.4, §6.1.6.2 and Annex A; TS 32.255 V17.14.0; TS 29.571 V17.12.0",HTTP method/path/resource ID; raw JSON and parsed CHF object; SMF local accumulator; accepted PFCP usage; CHF rating/account/balance/CDR; invocation sequence/replay state; baseline/attack logs,W7_TIME_BOUNDARY
T4N-A72,T4-Nchf,Nchf_ConvergedCharging Create / Update / Release — ChargingDataRequest,UE timezone substitution,ChargingDataRequest \(LBO/PDU-session applicability projection\)\..*(uetimeZone|uetimeZone)$,3,ChargingDataRequest (LBO/PDU-session applicability projection).pDUSessionChargingInformation.uetimeZone | ChargingDataRequest (LBO/PDU-session applicability projection).roamingQBCInformation.multipleQFIcontainer.qFIContainerInformation.uetimeZone | ChargingDataRequest (LBO/PDU-session applicability projection).multipleUnitUsage.usedUnitContainer.pDUContainerInformation.uetimeZone,FIELD_AND_RELATION,T4N-R13 | T4N-R16,V-SMF,"Ctx,Acc",CONDITIONAL,P3,EXPECTED_UNSUP_CURRENT_GY_TESTBED,STD,"3GPP TS 32.291 V17.14.0 §5.2.2.2–5.2.2.4, §6.1.6.2 and Annex A; TS 32.255 V17.14.0; TS 29.571 V17.12.0",HTTP method/path/resource ID; raw JSON and parsed CHF object; SMF local accumulator; accepted PFCP usage; CHF rating/account/balance/CDR; invocation sequence/replay state; baseline/attack logs,W6_DIFFERENTIATED_CONTEXT
T4N-A73,T4-Nchf,Nchf_ConvergedCharging Create / Update / Release — ChargingDataRequest,Redundant PDU-session pair accounting duplication/suppression,ChargingDataRequest \(LBO/PDU-session applicability projection\)\.pDUSessionChargingInformation\.pduSessionInformation\.(redundantTransmissionType|pDUSessionPairID)$,2,ChargingDataRequest (LBO/PDU-session applicability projection).pDUSessionChargingInformation.pduSessionInformation.redundantTransmissionType | ChargingDataRequest (LBO/PDU-session applicability projection).pDUSessionChargingInformation.pduSessionInformation.pDUSessionPairID,FIELD_AND_RELATION,T4N-R01 | T4N-R19 | T4N-R24,V-SMF,"Uniq,Ctx,Attr,Comp",CONDITIONAL,P3,EXPECTED_UNSUP_CURRENT_GY_TESTBED,STD,3GPP TS 32.291 V17.14.0 ChargingDataRequest schema; TS 32.255 V17.14.0 data-connectivity charging context,Nchf JSON; CHF session state; paired PDU session identifiers; rated records; logs,W5_TWO_SUBSCRIBERS
T4N-A74,T4-Nchf,Nchf_ConvergedCharging Create / Update / Release — ChargingDataRequest,5G-LAN internal group identity substitution,ChargingDataRequest \(LBO/PDU-session applicability projection\)\.pDUSessionChargingInformation\.pduSessionInformation\.5GLANTypeService\.internalGroupIdentifier$,1,ChargingDataRequest (LBO/PDU-session applicability projection).pDUSessionChargingInformation.pduSessionInformation.5GLANTypeService.internalGroupIdentifier,FIELD_AND_RELATION,T4N-R14 | T4N-R15,V-SMF,"Attr,Ctx,Auth",CONDITIONAL,P3,EXPECTED_UNSUP_CURRENT_GY_TESTBED,STD,3GPP TS 32.291 V17.14.0; TS 32.255 V17.14.0,Nchf request; subscriber/group provisioning; CHF rated record; logs,W5_TWO_SUBSCRIBERS
T4N-A75,T4-Nchf,Nchf_ConvergedCharging Create / Update / Release — ChargingDataRequest,Control-plane and small-data delivery-mode context substitution,ChargingDataRequest \(LBO/PDU-session applicability projection\)\.pDUSessionChargingInformation\.pduSessionInformation\.(cpCIoTOptimisationIndicator|5GSControlPlaneOnlyIndicator|smallDataRateControlIndicator)$,3,ChargingDataRequest (LBO/PDU-session applicability projection).pDUSessionChargingInformation.pduSessionInformation.cpCIoTOptimisationIndicator | ChargingDataRequest (LBO/PDU-session applicability projection).pDUSessionChargingInformation.pduSessionInformation.5GSControlPlaneOnlyIndicator | ChargingDataRequest (LBO/PDU-session applicability projection).pDUSessionChargingInformation.pduSessionInformation.smallDataRateControlIndicator,FIELD_AND_RELATION,T4N-R07 | T4N-R14,V-SMF,"Ctx,Auth,Deriv",CONDITIONAL,P3,EXPECTED_UNSUP_CURRENT_GY_TESTBED,STD,3GPP TS 32.291 V17.14.0; TS 32.255 V17.14.0,Nchf request; CHF rating rule config; quota/rated records; logs,W6_DIFFERENTIATED_CONTEXT
